sale_id,sale_date,customer_id,product_id,product_name,category,quantity,unit_price,discount_pct,total_amount,city,state,store_id,payment_mode
S000001001,2026-06-02,C38938,P0004,Men T-Shirt,Fashion,1,1207,20,965.6,Lucknow,Uttar Pradesh,ST010,UPI
S000001002,2026-06-02,C08514,P0007,Milk,Grocery,1,376,5,357.2,Lucknow,Uttar Pradesh,ST010,Credit Card
S000001003,2026-06-02,C16603,P0005,Women's Jeans,Fashion,4,2764,15,9397.6,Ahmedabad,Gujarat,ST008,UPI
S000001004,2026-06-02,C45366,P0006,Rice Bag,Grocery,1,161,0,161.0,Chennai,Tamil Nadu,ST005,Credit Card
S000001005,2026-06-02,C25088,P0007,Milk,Grocery,3,436,10,1177.2,Pune,Maharashtra,ST006,UPI
S000001006,2026-06-02,C11661,P0008,Dining Table,Home,2,6932,5,13170.8,Mumbai,Maharashtra,ST002,Cash
S000001007,2026-06-02,C42303,P0008,Dining Table,Home,5,7565,5,35933.75,Mumbai,Maharashtra,ST002,Credit Card
S000001008,2026-06-02,C40237,P0002,Samsung TV,Electronics,1,14569,0,14569.0,Ahmedabad,Gujarat,ST008,Debit Card
S000001009,2026-06-02,C04615,P0010,Cricket Bat,Sports,1,14988,15,12739.8,Chennai,Tamil Nadu,ST005,Cash
S000001010,2026-06-02,C09756,P0001,iPhone 16,Electronics,3,29871,10,80651.7,Delhi,Delhi,ST001,Cash
S000001011,2026-06-02,C25647,P0010,Cricket Bat,Sports,4,8133,15,27652.2,Delhi,Delhi,ST001,Net Banking
S000001012,2026-06-02,C26471,P0002,Samsung TV,Electronics,1,60387,15,51328.95,Jaipur,Rajasthan,ST009,Credit Card
S000001013,2026-06-02,C07944,P0010,Cricket Bat,Sports,3,11471,10,30971.7,Jaipur,Rajasthan,ST009,Debit Card
S000001014,2026-06-02,C26255,P0001,iPhone 16,Electronics,5,54572,0,272860.0,Mumbai,Maharashtra,ST002,Debit Card
S000001015,2026-06-02,C30123,P0005,Women's Jeans,Fashion,5,822,15,3493.5,Hyderabad,Telangana,ST004,Credit Card
S000001016,2026-06-02,C43302,P0004,Men T-Shirt,Fashion,1,3443,15,2926.55,Chennai,Tamil Nadu,ST005,Cash
S000001017,2026-06-02,C05562,P0008,Dining Table,Home,1,3663,0,3663.0,Hyderabad,Telangana,ST004,Credit Card
S000001018,2026-06-02,C47169,P0010,Cricket Bat,Sports,4,1332,20,4262.4,Hyderabad,Telangana,ST004,Cash
S000001019,2026-06-02,C42167,P0005,Women's Jeans,Fashion,4,634,0,2536.0,Ahmedabad,Gujarat,ST008,Net Banking
S000001020,2026-06-02,C22236,P0001,iPhone 16,Electronics,4,25491,5,96865.8,Pune,Maharashtra,ST006,UPI
S000001021,2026-06-02,C42851,P0009,Office Chair,Home,2,9992,5,18984.8,Ahmedabad,Gujarat,ST008,Net Banking
S000001022,2026-06-02,C04721,P0001,iPhone 16,Electronics,1,71763,20,57410.4,Bengaluru,Karnataka,ST003,Cash
S000001023,2026-06-02,C03002,P0004,Men T-Shirt,Fashion,2,909,10,1636.2,Bengaluru,Karnataka,ST003,UPI
S000001024,2026-06-02,C06377,P0008,Dining Table,Home,5,1547,0,7735.0,Lucknow,Uttar Pradesh,ST010,Credit Card
S000001025,2026-06-02,C07483,P0008,Dining Table,Home,2,1533,5,2912.7,Lucknow,Uttar Pradesh,ST010,Net Banking
S000001026,2026-06-02,C27933,P0006,Rice Bag,Grocery,1,370,20,296.0,Kolkata,West Bengal,ST007,Debit Card
S000001027,2026-06-02,C35776,P0003,Laptop,Electronics,1,87736,5,83349.2,Pune,Maharashtra,ST006,Credit Card
S000001028,2026-06-02,C21988,P0002,Samsung TV,Electronics,2,64415,5,122388.5,Mumbai,Maharashtra,ST002,Debit Card
S000001029,2026-06-02,C45633,P0006,Rice Bag,Grocery,4,144,20,460.8,Jaipur,Rajasthan,ST009,Credit Card
S000001030,2026-06-02,C02668,P0003,Laptop,Electronics,4,30677,0,122708.0,Mumbai,Maharashtra,ST002,Net Banking
S000001031,2026-06-02,C31914,P0002,Samsung TV,Electronics,2,21683,20,34692.8,Delhi,Delhi,ST001,UPI
S000001032,2026-06-02,C18595,P0007,Milk,Grocery,2,93,10,167.4,Ahmedabad,Gujarat,ST008,Credit Card
S000001033,2026-06-02,C34282,P0008,Dining Table,Home,2,1116,20,1785.6,Kolkata,West Bengal,ST007,Credit Card
S000001034,2026-06-02,C11797,P0008,Dining Table,Home,3,6199,15,15807.45,Lucknow,Uttar Pradesh,ST010,UPI
S000001035,2026-06-02,C00300,P0009,Office Chair,Home,1,9186,0,9186.0,Hyderabad,Telangana,ST004,Credit Card
S000001036,2026-06-02,C40562,P0006,Rice Bag,Grocery,2,257,5,488.3,Jaipur,Rajasthan,ST009,Net Banking
S000001037,2026-06-02,C18116,P0001,iPhone 16,Electronics,2,72182,15,122709.4,Hyderabad,Telangana,ST004,UPI
S000001038,2026-06-02,C11556,P0003,Laptop,Electronics,3,47363,5,134984.55,Delhi,Delhi,ST001,UPI
S000001039,2026-06-02,C28487,P0005,Women's Jeans,Fashion,4,854,0,3416.0,Pune,Maharashtra,ST006,Net Banking
S000001040,2026-06-02,C48524,P0001,iPhone 16,Electronics,2,13809,15,23475.3,Jaipur,Rajasthan,ST009,Credit Card
S000001041,2026-06-02,C33745,P0002,Samsung TV,Electronics,4,87687,20,280598.4,Mumbai,Maharashtra,ST002,Credit Card
S000001042,2026-06-02,C21363,P0007,Milk,Grocery,2,418,0,836.0,Hyderabad,Telangana,ST004,Debit Card
S000001043,2026-06-02,C21374,P0004,Men T-Shirt,Fashion,4,2138,15,7269.2,Mumbai,Maharashtra,ST002,Credit Card
S000001044,2026-06-02,C14462,P0002,Samsung TV,Electronics,4,17122,15,58214.8,Ahmedabad,Gujarat,ST008,Net Banking
S000001045,2026-06-02,C09499,P0004,Men T-Shirt,Fashion,2,3673,10,6611.4,Lucknow,Uttar Pradesh,ST010,Cash
S000001046,2026-06-02,C08940,P0008,Dining Table,Home,3,3813,10,10295.1,Hyderabad,Telangana,ST004,Debit Card
S000001047,2026-06-02,C08337,P0001,iPhone 16,Electronics,3,27891,0,83673.0,Lucknow,Uttar Pradesh,ST010,UPI
S000001048,2026-06-02,C30510,P0008,Dining Table,Home,3,4102,10,11075.4,Kolkata,West Bengal,ST007,Credit Card
S000001049,2026-06-02,C39560,P0003,Laptop,Electronics,5,82450,5,391637.5,Lucknow,Uttar Pradesh,ST010,Credit Card
S000001050,2026-06-02,C05668,P0007,Milk,Grocery,2,322,15,547.4,Jaipur,Rajasthan,ST009,Cash
S000001051,2026-06-02,C30328,P0005,Women's Jeans,Fashion,2,2530,10,4554.0,Delhi,Delhi,ST001,Cash
S000001052,2026-06-02,C28459,P0010,Cricket Bat,Sports,2,9699,0,19398.0,Hyderabad,Telangana,ST004,Net Banking
S000001053,2026-06-02,C27380,P0001,iPhone 16,Electronics,5,14406,15,61225.5,Delhi,Delhi,ST001,Cash
S000001054,2026-06-02,C34808,P0007,Milk,Grocery,4,273,5,1037.4,Ahmedabad,Gujarat,ST008,UPI
S000001055,2026-06-02,C05446,P0009,Office Chair,Home,2,2674,10,4813.2,Delhi,Delhi,ST001,Cash
S000001056,2026-06-02,C19385,P0004,Men T-Shirt,Fashion,4,2997,5,11388.6,Mumbai,Maharashtra,ST002,UPI
S000001057,2026-06-02,C46092,P0008,Dining Table,Home,1,7952,15,6759.2,Lucknow,Uttar Pradesh,ST010,Net Banking
S000001058,2026-06-02,C09085,P0007,Milk,Grocery,4,380,0,1520.0,Bengaluru,Karnataka,ST003,Debit Card
S000001059,2026-06-02,C41112,P0002,Samsung TV,Electronics,5,14287,10,64291.5,Kolkata,West Bengal,ST007,Debit Card
S000001060,2026-06-02,C27912,P0005,Women's Jeans,Fashion,5,2196,0,10980.0,Lucknow,Uttar Pradesh,ST010,Net Banking
S000001061,2026-06-02,C40663,P0006,Rice Bag,Grocery,3,474,0,1422.0,Delhi,Delhi,ST001,Net Banking
S000001062,2026-06-02,C07273,P0007,Milk,Grocery,5,40,10,180.0,Pune,Maharashtra,ST006,Cash
S000001063,2026-06-02,C24015,P0003,Laptop,Electronics,5,36832,5,174952.0,Jaipur,Rajasthan,ST009,UPI
S000001064,2026-06-02,C21950,P0004,Men T-Shirt,Fashion,4,2218,5,8428.4,Jaipur,Rajasthan,ST009,UPI
S000001065,2026-06-02,C21002,P0006,Rice Bag,Grocery,4,161,0,644.0,Chennai,Tamil Nadu,ST005,Net Banking
S000001066,2026-06-02,C04153,P0006,Rice Bag,Grocery,4,276,20,883.2,Pune,Maharashtra,ST006,Cash
S000001067,2026-06-02,C08042,P0008,Dining Table,Home,3,7905,20,18972.0,Jaipur,Rajasthan,ST009,Net Banking
S000001068,2026-06-02,C24127,P0002,Samsung TV,Electronics,1,20508,15,17431.8,Hyderabad,Telangana,ST004,Cash
S000001069,2026-06-02,C11719,P0005,Women's Jeans,Fashion,2,2760,0,5520.0,Mumbai,Maharashtra,ST002,UPI
S000001070,2026-06-02,C45684,P0003,Laptop,Electronics,2,78247,0,156494.0,Ahmedabad,Gujarat,ST008,Credit Card
S000001071,2026-06-02,C19214,P0007,Milk,Grocery,4,197,15,669.8,Jaipur,Rajasthan,ST009,Credit Card
S000001072,2026-06-02,C29089,P0001,iPhone 16,Electronics,1,12888,5,12243.6,Chennai,Tamil Nadu,ST005,Credit Card
S000001073,2026-06-02,C34054,P0006,Rice Bag,Grocery,3,355,10,958.5,Kolkata,West Bengal,ST007,Net Banking
S000001074,2026-06-02,C31861,P0010,Cricket Bat,Sports,4,7803,10,28090.8,Jaipur,Rajasthan,ST009,Net Banking
S000001075,2026-06-02,C37176,P0003,Laptop,Electronics,3,39724,15,101296.2,Chennai,Tamil Nadu,ST005,Credit Card
S000001076,2026-06-02,C24373,P0005,Women's Jeans,Fashion,3,2829,15,7213.95,Delhi,Delhi,ST001,Credit Card
S000001077,2026-06-02,C10903,P0010,Cricket Bat,Sports,3,3286,5,9365.1,Bengaluru,Karnataka,ST003,Net Banking
S000001078,2026-06-02,C46407,P0003,Laptop,Electronics,1,15393,10,13853.7,Bengaluru,Karnataka,ST003,Credit Card
S000001079,2026-06-02,C37653,P0003,Laptop,Electronics,3,34182,5,97418.7,Ahmedabad,Gujarat,ST008,Debit Card
S000001080,2026-06-02,C36864,P0001,iPhone 16,Electronics,2,58878,15,100092.6,Pune,Maharashtra,ST006,Debit Card
S000001081,2026-06-02,C35381,P0003,Laptop,Electronics,1,13266,15,11276.1,Jaipur,Rajasthan,ST009,Debit Card
S000001082,2026-06-02,C32730,P0003,Laptop,Electronics,2,10562,20,16899.2,Ahmedabad,Gujarat,ST008,Debit Card
S000001083,2026-06-02,C33254,P0006,Rice Bag,Grocery,3,406,20,974.4,Chennai,Tamil Nadu,ST005,Cash
S000001084,2026-06-02,C43706,P0003,Laptop,Electronics,3,24721,15,63038.55,Lucknow,Uttar Pradesh,ST010,Cash
S000001085,2026-06-02,C02627,P0003,Laptop,Electronics,3,13250,15,33787.5,Jaipur,Rajasthan,ST009,UPI
S000001086,2026-06-02,C40470,P0004,Men T-Shirt,Fashion,1,3173,0,3173.0,Ahmedabad,Gujarat,ST008,Debit Card
S000001087,2026-06-02,C39856,P0004,Men T-Shirt,Fashion,2,2776,5,5274.4,Lucknow,Uttar Pradesh,ST010,Net Banking
S000001088,2026-06-02,C01478,P0002,Samsung TV,Electronics,1,77081,15,65518.85,Jaipur,Rajasthan,ST009,Cash
S000001089,2026-06-02,C12744,P0008,Dining Table,Home,5,8881,0,44405.0,Pune,Maharashtra,ST006,Net Banking
S000001090,2026-06-02,C43698,P0006,Rice Bag,Grocery,4,209,15,710.6,Kolkata,West Bengal,ST007,Credit Card
S000001091,2026-06-02,C24434,P0001,iPhone 16,Electronics,3,50381,15,128471.55,Chennai,Tamil Nadu,ST005,Debit Card
S000001092,2026-06-02,C36768,P0002,Samsung TV,Electronics,4,67999,10,244796.4,Hyderabad,Telangana,ST004,Cash
S000001093,2026-06-02,C10735,P0007,Milk,Grocery,5,326,0,1630.0,Kolkata,West Bengal,ST007,Credit Card
S000001094,2026-06-02,C09414,P0004,Men T-Shirt,Fashion,5,3247,0,16235.0,Chennai,Tamil Nadu,ST005,Cash
S000001095,2026-06-02,C38711,P0007,Milk,Grocery,4,347,10,1249.2,Mumbai,Maharashtra,ST002,UPI
S000001096,2026-06-02,C27166,P0003,Laptop,Electronics,5,27947,5,132748.25,Jaipur,Rajasthan,ST009,Cash
S000001097,2026-06-02,C12191,P0007,Milk,Grocery,4,41,10,147.6,Chennai,Tamil Nadu,ST005,Net Banking
S000001098,2026-06-02,C38353,P0005,Women's Jeans,Fashion,4,2339,0,9356.0,Ahmedabad,Gujarat,ST008,Net Banking
S000001099,2026-06-02,C00161,P0003,Laptop,Electronics,4,26276,10,94593.6,Chennai,Tamil Nadu,ST005,Debit Card
S000001100,2026-06-02,C27339,P0003,Laptop,Electronics,1,25644,10,23079.6,Ahmedabad,Gujarat,ST008,Credit Card
S000001101,2026-06-02,C32313,P0002,Samsung TV,Electronics,5,72978,20,291912.0,Lucknow,Uttar Pradesh,ST010,Debit Card
S000001102,2026-06-02,C28579,P0005,Women's Jeans,Fashion,3,4698,20,11275.2,Ahmedabad,Gujarat,ST008,UPI
S000001103,2026-06-02,C01150,P0005,Women's Jeans,Fashion,1,1697,10,1527.3,Bengaluru,Karnataka,ST003,Net Banking
S000001104,2026-06-02,C30215,P0003,Laptop,Electronics,1,45739,10,41165.1,Pune,Maharashtra,ST006,Credit Card
S000001105,2026-06-02,C27494,P0006,Rice Bag,Grocery,3,291,0,873.0,Delhi,Delhi,ST001,Debit Card
S000001106,2026-06-02,C33677,P0004,Men T-Shirt,Fashion,5,1869,20,7476.0,Bengaluru,Karnataka,ST003,UPI
S000001107,2026-06-02,C21143,P0006,Rice Bag,Grocery,3,69,20,165.6,Chennai,Tamil Nadu,ST005,Debit Card
S000001108,2026-06-02,C38014,P0006,Rice Bag,Grocery,2,285,10,513.0,Bengaluru,Karnataka,ST003,UPI
S000001109,2026-06-02,C24446,P0008,Dining Table,Home,2,2178,5,4138.2,Kolkata,West Bengal,ST007,Debit Card
S000001110,2026-06-02,C10129,P0009,Office Chair,Home,5,9112,20,36448.0,Hyderabad,Telangana,ST004,Credit Card
S000001111,2026-06-02,C46698,P0009,Office Chair,Home,4,1751,0,7004.0,Mumbai,Maharashtra,ST002,Cash
S000001112,2026-06-02,C08601,P0001,iPhone 16,Electronics,3,57522,5,163937.7,Ahmedabad,Gujarat,ST008,Debit Card
S000001113,2026-06-02,C28963,P0010,Cricket Bat,Sports,2,11930,10,21474.0,Jaipur,Rajasthan,ST009,Debit Card
S000001114,2026-06-02,C01885,P0002,Samsung TV,Electronics,2,39697,10,71454.6,Hyderabad,Telangana,ST004,Credit Card
S000001115,2026-06-02,C08215,P0004,Men T-Shirt,Fashion,4,1415,0,5660.0,Bengaluru,Karnataka,ST003,UPI
S000001116,2026-06-02,C01233,P0008,Dining Table,Home,2,2266,0,4532.0,Kolkata,West Bengal,ST007,UPI
S000001117,2026-06-02,C43240,P0009,Office Chair,Home,4,2448,10,8812.8,Lucknow,Uttar Pradesh,ST010,UPI
S000001118,2026-06-02,C02837,P0002,Samsung TV,Electronics,1,26225,20,20980.0,Chennai,Tamil Nadu,ST005,UPI
S000001119,2026-06-02,C13462,P0010,Cricket Bat,Sports,3,779,0,2337.0,Hyderabad,Telangana,ST004,Credit Card
S000001120,2026-06-02,C09540,P0005,Women's Jeans,Fashion,3,1815,20,4356.0,Lucknow,Uttar Pradesh,ST010,Debit Card
S000001121,2026-06-02,C47747,P0010,Cricket Bat,Sports,5,1419,0,7095.0,Hyderabad,Telangana,ST004,Net Banking
S000001122,2026-06-02,C37889,P0001,iPhone 16,Electronics,2,46943,5,89191.7,Jaipur,Rajasthan,ST009,Credit Card
S000001123,2026-06-02,C49416,P0009,Office Chair,Home,2,8760,15,14892.0,Delhi,Delhi,ST001,UPI
S000001124,2026-06-02,C24017,P0010,Cricket Bat,Sports,1,3263,10,2936.7,Bengaluru,Karnataka,ST003,Cash
S000001125,2026-06-02,C24879,P0007,Milk,Grocery,2,228,0,456.0,Hyderabad,Telangana,ST004,Net Banking
S000001126,2026-06-02,C49900,P0006,Rice Bag,Grocery,1,286,5,271.7,Mumbai,Maharashtra,ST002,Cash
S000001127,2026-06-02,C32494,P0006,Rice Bag,Grocery,1,62,10,55.8,Chennai,Tamil Nadu,ST005,Net Banking
S000001128,2026-06-02,C32356,P0002,Samsung TV,Electronics,4,88694,10,319298.4,Kolkata,West Bengal,ST007,Debit Card
S000001129,2026-06-02,C45027,P0008,Dining Table,Home,4,5261,15,17887.4,Hyderabad,Telangana,ST004,Net Banking
S000001130,2026-06-02,C12373,P0002,Samsung TV,Electronics,2,11675,15,19847.5,Ahmedabad,Gujarat,ST008,Debit Card
S000001131,2026-06-02,C44047,P0002,Samsung TV,Electronics,5,21141,0,105705.0,Kolkata,West Bengal,ST007,Cash
S000001132,2026-06-02,C09396,P0007,Milk,Grocery,1,399,5,379.05,Kolkata,West Bengal,ST007,Net Banking
S000001133,2026-06-02,C04241,P0006,Rice Bag,Grocery,2,324,15,550.8,Hyderabad,Telangana,ST004,Debit Card
S000001134,2026-06-02,C08046,P0004,Men T-Shirt,Fashion,3,2736,15,6976.8,Kolkata,West Bengal,ST007,Cash
S000001135,2026-06-02,C23338,P0008,Dining Table,Home,4,8879,10,31964.4,Lucknow,Uttar Pradesh,ST010,Cash
S000001136,2026-06-02,C09659,P0008,Dining Table,Home,3,8517,15,21718.35,Mumbai,Maharashtra,ST002,UPI
S000001137,2026-06-02,C15128,P0003,Laptop,Electronics,1,18942,15,16100.7,Delhi,Delhi,ST001,UPI
S000001138,2026-06-02,C44441,P0001,iPhone 16,Electronics,5,52854,5,251056.5,Bengaluru,Karnataka,ST003,Cash
S000001139,2026-06-02,C19842,P0010,Cricket Bat,Sports,1,11131,20,8904.8,Lucknow,Uttar Pradesh,ST010,UPI
S000001140,2026-06-02,C32257,P0008,Dining Table,Home,4,8532,20,27302.4,Hyderabad,Telangana,ST004,Debit Card
S000001141,2026-06-02,C17149,P0009,Office Chair,Home,5,789,0,3945.0,Pune,Maharashtra,ST006,Net Banking
S000001142,2026-06-02,C28208,P0002,Samsung TV,Electronics,3,59327,15,151283.85,Kolkata,West Bengal,ST007,Cash
S000001143,2026-06-02,C30125,P0001,iPhone 16,Electronics,5,49720,5,236170.0,Delhi,Delhi,ST001,Credit Card
S000001144,2026-06-02,C32210,P0007,Milk,Grocery,4,269,0,1076.0,Bengaluru,Karnataka,ST003,Debit Card
S000001145,2026-06-02,C37281,P0008,Dining Table,Home,5,8197,15,34837.25,Jaipur,Rajasthan,ST009,Net Banking
S000001146,2026-06-02,C36848,P0003,Laptop,Electronics,4,44523,15,151378.2,Jaipur,Rajasthan,ST009,UPI
S000001147,2026-06-02,C38735,P0007,Milk,Grocery,3,184,0,552.0,Lucknow,Uttar Pradesh,ST010,Debit Card
S000001148,2026-06-02,C01845,P0010,Cricket Bat,Sports,3,6015,20,14436.0,Delhi,Delhi,ST001,Credit Card
S000001149,2026-06-02,C01763,P0006,Rice Bag,Grocery,4,196,10,705.6,Kolkata,West Bengal,ST007,UPI
S000001150,2026-06-02,C26997,P0006,Rice Bag,Grocery,2,140,10,252.0,Delhi,Delhi,ST001,Credit Card
S000001151,2026-06-02,C38833,P0002,Samsung TV,Electronics,1,54249,5,51536.55,Mumbai,Maharashtra,ST002,Debit Card
S000001152,2026-06-02,C01292,P0009,Office Chair,Home,4,7421,20,23747.2,Pune,Maharashtra,ST006,UPI
S000001153,2026-06-02,C33736,P0007,Milk,Grocery,4,321,0,1284.0,Chennai,Tamil Nadu,ST005,UPI
S000001154,2026-06-02,C20744,P0007,Milk,Grocery,3,313,0,939.0,Lucknow,Uttar Pradesh,ST010,Cash
S000001155,2026-06-02,C32006,P0002,Samsung TV,Electronics,4,75898,10,273232.8,Hyderabad,Telangana,ST004,Debit Card
S000001156,2026-06-02,C10921,P0010,Cricket Bat,Sports,4,3605,15,12257.0,Chennai,Tamil Nadu,ST005,Debit Card
S000001157,2026-06-02,C41645,P0002,Samsung TV,Electronics,3,44754,0,134262.0,Jaipur,Rajasthan,ST009,Credit Card
S000001158,2026-06-02,C19486,P0010,Cricket Bat,Sports,5,12471,0,62355.0,Kolkata,West Bengal,ST007,Credit Card
S000001159,2026-06-02,C47036,P0010,Cricket Bat,Sports,3,4778,0,14334.0,Mumbai,Maharashtra,ST002,Net Banking
S000001160,2026-06-02,C37122,P0009,Office Chair,Home,2,6190,0,12380.0,Ahmedabad,Gujarat,ST008,Cash
S000001161,2026-06-02,C42700,P0005,Women's Jeans,Fashion,4,4923,10,17722.8,Jaipur,Rajasthan,ST009,Debit Card
S000001162,2026-06-02,C13113,P0007,Milk,Grocery,5,283,15,1202.75,Kolkata,West Bengal,ST007,Debit Card
S000001163,2026-06-02,C44012,P0009,Office Chair,Home,5,3556,20,14224.0,Bengaluru,Karnataka,ST003,UPI
S000001164,2026-06-02,C32716,P0004,Men T-Shirt,Fashion,5,4053,20,16212.0,Ahmedabad,Gujarat,ST008,Debit Card
S000001165,2026-06-02,C47620,P0001,iPhone 16,Electronics,3,70619,5,201264.15,Jaipur,Rajasthan,ST009,Credit Card
S000001166,2026-06-02,C15754,P0003,Laptop,Electronics,4,51766,0,207064.0,Chennai,Tamil Nadu,ST005,Cash
S000001167,2026-06-02,C41546,P0004,Men T-Shirt,Fashion,3,1815,10,4900.5,Kolkata,West Bengal,ST007,Debit Card
S000001168,2026-06-02,C45014,P0010,Cricket Bat,Sports,2,2160,5,4104.0,Hyderabad,Telangana,ST004,Cash
S000001169,2026-06-02,C12578,P0001,iPhone 16,Electronics,4,73620,20,235584.0,Hyderabad,Telangana,ST004,Debit Card
S000001170,2026-06-02,C28583,P0007,Milk,Grocery,2,159,5,302.1,Delhi,Delhi,ST001,Credit Card
S000001171,2026-06-02,C01910,P0005,Women's Jeans,Fashion,2,845,15,1436.5,Chennai,Tamil Nadu,ST005,Net Banking
S000001172,2026-06-02,C01305,P0001,iPhone 16,Electronics,5,49056,0,245280.0,Mumbai,Maharashtra,ST002,Debit Card
S000001173,2026-06-02,C26674,P0006,Rice Bag,Grocery,2,140,0,280.0,Mumbai,Maharashtra,ST002,Cash
S000001174,2026-06-02,C37420,P0009,Office Chair,Home,5,9105,10,40972.5,Mumbai,Maharashtra,ST002,Net Banking
S000001175,2026-06-02,C32536,P0002,Samsung TV,Electronics,1,51079,10,45971.1,Hyderabad,Telangana,ST004,Net Banking
S000001176,2026-06-02,C38295,P0007,Milk,Grocery,2,93,0,186.0,Hyderabad,Telangana,ST004,Cash
S000001177,2026-06-02,C11479,P0004,Men T-Shirt,Fashion,4,2583,20,8265.6,Chennai,Tamil Nadu,ST005,Cash
S000001178,2026-06-02,C03666,P0008,Dining Table,Home,1,5685,20,4548.0,Jaipur,Rajasthan,ST009,Debit Card
S000001179,2026-06-02,C27773,P0008,Dining Table,Home,2,6447,15,10959.9,Hyderabad,Telangana,ST004,Debit Card
S000001180,2026-06-02,C46903,P0006,Rice Bag,Grocery,5,37,0,185.0,Chennai,Tamil Nadu,ST005,UPI
S000001181,2026-06-02,C45265,P0004,Men T-Shirt,Fashion,4,3033,10,10918.8,Chennai,Tamil Nadu,ST005,Net Banking
S000001182,2026-06-02,C44909,P0002,Samsung TV,Electronics,4,60917,0,243668.0,Jaipur,Rajasthan,ST009,Credit Card
S000001183,2026-06-02,C25755,P0005,Women's Jeans,Fashion,2,2936,5,5578.4,Chennai,Tamil Nadu,ST005,UPI
S000001184,2026-06-02,C10501,P0008,Dining Table,Home,1,4989,0,4989.0,Pune,Maharashtra,ST006,Cash
S000001185,2026-06-02,C32224,P0008,Dining Table,Home,4,2144,5,8147.2,Kolkata,West Bengal,ST007,Debit Card
S000001186,2026-06-02,C45776,P0005,Women's Jeans,Fashion,3,3947,20,9472.8,Jaipur,Rajasthan,ST009,UPI
S000001187,2026-06-02,C47791,P0009,Office Chair,Home,1,1353,5,1285.35,Pune,Maharashtra,ST006,Cash
S000001188,2026-06-02,C41298,P0008,Dining Table,Home,4,3778,10,13600.8,Bengaluru,Karnataka,ST003,UPI
S000001189,2026-06-02,C20561,P0010,Cricket Bat,Sports,2,4389,20,7022.4,Mumbai,Maharashtra,ST002,UPI
S000001190,2026-06-02,C46765,P0003,Laptop,Electronics,3,69177,15,176401.35,Lucknow,Uttar Pradesh,ST010,Cash
S000001191,2026-06-02,C48181,P0003,Laptop,Electronics,5,52936,10,238212.0,Chennai,Tamil Nadu,ST005,Credit Card
S000001192,2026-06-02,C13020,P0002,Samsung TV,Electronics,2,61576,15,104679.2,Kolkata,West Bengal,ST007,Debit Card
S000001193,2026-06-02,C37382,P0004,Men T-Shirt,Fashion,5,2373,0,11865.0,Delhi,Delhi,ST001,UPI
S000001194,2026-06-02,C30306,P0004,Men T-Shirt,Fashion,1,3785,20,3028.0,Chennai,Tamil Nadu,ST005,Credit Card
S000001195,2026-06-02,C28109,P0010,Cricket Bat,Sports,1,6328,5,6011.6,Chennai,Tamil Nadu,ST005,Credit Card
S000001196,2026-06-02,C37175,P0002,Samsung TV,Electronics,4,69468,15,236191.2,Delhi,Delhi,ST001,Net Banking
S000001197,2026-06-02,C07767,P0004,Men T-Shirt,Fashion,3,2858,15,7287.9,Hyderabad,Telangana,ST004,Credit Card
S000001198,2026-06-02,C25040,P0003,Laptop,Electronics,5,38254,10,172143.0,Kolkata,West Bengal,ST007,Credit Card
S000001199,2026-06-02,C47626,P0004,Men T-Shirt,Fashion,4,1695,0,6780.0,Kolkata,West Bengal,ST007,Credit Card
S000001200,2026-06-02,C19019,P0005,Women's Jeans,Fashion,4,2534,10,9122.4,Hyderabad,Telangana,ST004,Net Banking
S000001201,2026-06-02,C38202,P0008,Dining Table,Home,4,2682,10,9655.2,Mumbai,Maharashtra,ST002,UPI
S000001202,2026-06-02,C45418,P0007,Milk,Grocery,4,396,20,1267.2,Hyderabad,Telangana,ST004,Cash
S000001203,2026-06-02,C16793,P0002,Samsung TV,Electronics,1,16830,10,15147.0,Mumbai,Maharashtra,ST002,Net Banking
S000001204,2026-06-02,C15391,P0008,Dining Table,Home,5,1245,0,6225.0,Pune,Maharashtra,ST006,Net Banking
S000001205,2026-06-02,C16624,P0009,Office Chair,Home,3,6966,10,18808.2,Lucknow,Uttar Pradesh,ST010,Cash
S000001206,2026-06-02,C08667,P0009,Office Chair,Home,2,4764,5,9051.6,Delhi,Delhi,ST001,Net Banking
S000001207,2026-06-02,C33014,P0008,Dining Table,Home,2,1968,10,3542.4,Pune,Maharashtra,ST006,Cash
S000001208,2026-06-02,C46548,P0009,Office Chair,Home,3,2414,10,6517.8,Kolkata,West Bengal,ST007,Credit Card
S000001209,2026-06-02,C02895,P0003,Laptop,Electronics,3,66372,10,179204.4,Ahmedabad,Gujarat,ST008,Debit Card
S000001210,2026-06-02,C17251,P0010,Cricket Bat,Sports,3,7439,5,21201.15,Chennai,Tamil Nadu,ST005,Net Banking
S000001211,2026-06-02,C20680,P0008,Dining Table,Home,4,1371,5,5209.8,Bengaluru,Karnataka,ST003,Net Banking
S000001212,2026-06-02,C09741,P0001,iPhone 16,Electronics,1,71636,10,64472.4,Hyderabad,Telangana,ST004,Credit Card
S000001213,2026-06-02,C10719,P0008,Dining Table,Home,4,1168,15,3971.2,Kolkata,West Bengal,ST007,UPI
S000001214,2026-06-02,C23365,P0009,Office Chair,Home,4,2343,5,8903.4,Ahmedabad,Gujarat,ST008,Cash
S000001215,2026-06-02,C08104,P0006,Rice Bag,Grocery,3,112,5,319.2,Mumbai,Maharashtra,ST002,Credit Card
S000001216,2026-06-02,C49148,P0009,Office Chair,Home,5,3979,20,15916.0,Chennai,Tamil Nadu,ST005,Net Banking
S000001217,2026-06-02,C00271,P0009,Office Chair,Home,4,1758,5,6680.4,Lucknow,Uttar Pradesh,ST010,Credit Card
S000001218,2026-06-02,C32645,P0002,Samsung TV,Electronics,3,25989,15,66271.95,Pune,Maharashtra,ST006,UPI
S000001219,2026-06-02,C24482,P0010,Cricket Bat,Sports,2,773,0,1546.0,Mumbai,Maharashtra,ST002,Debit Card
S000001220,2026-06-02,C30162,P0008,Dining Table,Home,5,595,10,2677.5,Ahmedabad,Gujarat,ST008,Debit Card
S000001221,2026-06-02,C02874,P0010,Cricket Bat,Sports,5,2418,5,11485.5,Ahmedabad,Gujarat,ST008,Debit Card
S000001222,2026-06-02,C03191,P0005,Women's Jeans,Fashion,1,4982,20,3985.6,Pune,Maharashtra,ST006,UPI
S000001223,2026-06-02,C24995,P0002,Samsung TV,Electronics,2,41467,15,70493.9,Kolkata,West Bengal,ST007,Debit Card
S000001224,2026-06-02,C05846,P0001,iPhone 16,Electronics,4,62742,10,225871.2,Hyderabad,Telangana,ST004,Credit Card
S000001225,2026-06-02,C42413,P0003,Laptop,Electronics,4,66670,10,240012.0,Mumbai,Maharashtra,ST002,Debit Card
S000001226,2026-06-02,C44890,P0010,Cricket Bat,Sports,1,13932,10,12538.8,Bengaluru,Karnataka,ST003,Debit Card
S000001227,2026-06-02,C33598,P0004,Men T-Shirt,Fashion,4,4402,10,15847.2,Ahmedabad,Gujarat,ST008,Cash
S000001228,2026-06-02,C36901,P0010,Cricket Bat,Sports,4,13587,10,48913.2,Kolkata,West Bengal,ST007,UPI
S000001229,2026-06-02,C40231,P0003,Laptop,Electronics,1,15300,20,12240.0,Kolkata,West Bengal,ST007,Cash
S000001230,2026-06-02,C22397,P0008,Dining Table,Home,4,9138,20,29241.6,Hyderabad,Telangana,ST004,Credit Card
S000001231,2026-06-02,C05504,P0005,Women's Jeans,Fashion,1,4412,10,3970.8,Ahmedabad,Gujarat,ST008,Cash
S000001232,2026-06-02,C09740,P0003,Laptop,Electronics,5,66063,10,297283.5,Chennai,Tamil Nadu,ST005,Credit Card
S000001233,2026-06-02,C37260,P0001,iPhone 16,Electronics,1,77294,0,77294.0,Jaipur,Rajasthan,ST009,UPI
S000001234,2026-06-02,C33467,P0007,Milk,Grocery,4,358,20,1145.6,Kolkata,West Bengal,ST007,UPI
S000001235,2026-06-02,C16606,P0006,Rice Bag,Grocery,1,413,20,330.4,Chennai,Tamil Nadu,ST005,Net Banking
S000001236,2026-06-02,C01067,P0002,Samsung TV,Electronics,2,61505,0,123010.0,Ahmedabad,Gujarat,ST008,Credit Card
S000001237,2026-06-02,C05459,P0007,Milk,Grocery,5,390,15,1657.5,Chennai,Tamil Nadu,ST005,Debit Card
S000001238,2026-06-02,C49634,P0008,Dining Table,Home,3,3566,5,10163.1,Lucknow,Uttar Pradesh,ST010,Debit Card
S000001239,2026-06-02,C12130,P0002,Samsung TV,Electronics,1,66858,20,53486.4,Lucknow,Uttar Pradesh,ST010,Debit Card
S000001240,2026-06-02,C01175,P0001,iPhone 16,Electronics,1,32509,15,27632.65,Kolkata,West Bengal,ST007,UPI
S000001241,2026-06-02,C30158,P0007,Milk,Grocery,3,336,20,806.4,Lucknow,Uttar Pradesh,ST010,Cash
S000001242,2026-06-02,C23641,P0007,Milk,Grocery,2,89,0,178.0,Chennai,Tamil Nadu,ST005,UPI
S000001243,2026-06-02,C12505,P0002,Samsung TV,Electronics,1,37424,15,31810.4,Delhi,Delhi,ST001,Credit Card
S000001244,2026-06-02,C42509,P0003,Laptop,Electronics,5,35023,0,175115.0,Hyderabad,Telangana,ST004,Cash
S000001245,2026-06-02,C19721,P0008,Dining Table,Home,4,857,0,3428.0,Bengaluru,Karnataka,ST003,Cash
S000001246,2026-06-02,C10886,P0003,Laptop,Electronics,4,12572,15,42744.8,Ahmedabad,Gujarat,ST008,Cash
S000001247,2026-06-02,C38354,P0004,Men T-Shirt,Fashion,5,3709,0,18545.0,Hyderabad,Telangana,ST004,Debit Card
S000001248,2026-06-02,C21880,P0001,iPhone 16,Electronics,4,74972,20,239910.4,Mumbai,Maharashtra,ST002,Cash
S000001249,2026-06-02,C39049,P0009,Office Chair,Home,4,7048,15,23963.2,Chennai,Tamil Nadu,ST005,UPI
S000001250,2026-06-02,C33644,P0010,Cricket Bat,Sports,2,12002,0,24004.0,Lucknow,Uttar Pradesh,ST010,Cash
S000001251,2026-06-02,C34624,P0001,iPhone 16,Electronics,3,82516,0,247548.0,Kolkata,West Bengal,ST007,Net Banking
S000001252,2026-06-02,C17554,P0007,Milk,Grocery,4,338,10,1216.8,Ahmedabad,Gujarat,ST008,UPI
S000001253,2026-06-02,C29382,P0007,Milk,Grocery,3,391,5,1114.35,Delhi,Delhi,ST001,Credit Card
S000001254,2026-06-02,C30753,P0006,Rice Bag,Grocery,5,132,20,528.0,Ahmedabad,Gujarat,ST008,Credit Card
S000001255,2026-06-02,C44891,P0006,Rice Bag,Grocery,2,472,10,849.6,Lucknow,Uttar Pradesh,ST010,Cash
S000001256,2026-06-02,C47383,P0007,Milk,Grocery,4,429,5,1630.2,Kolkata,West Bengal,ST007,Debit Card
S000001257,2026-06-02,C40754,P0004,Men T-Shirt,Fashion,4,1557,5,5916.6,Chennai,Tamil Nadu,ST005,UPI
S000001258,2026-06-02,C13074,P0003,Laptop,Electronics,1,64523,15,54844.55,Lucknow,Uttar Pradesh,ST010,Cash
S000001259,2026-06-02,C19901,P0004,Men T-Shirt,Fashion,1,648,10,583.2,Hyderabad,Telangana,ST004,Net Banking
S000001260,2026-06-02,C17093,P0006,Rice Bag,Grocery,5,36,0,180.0,Bengaluru,Karnataka,ST003,Credit Card
S000001261,2026-06-02,C22134,P0007,Milk,Grocery,2,81,20,129.6,Mumbai,Maharashtra,ST002,Net Banking
S000001262,2026-06-02,C14687,P0008,Dining Table,Home,3,1264,20,3033.6,Chennai,Tamil Nadu,ST005,Debit Card
S000001263,2026-06-02,C17531,P0003,Laptop,Electronics,1,16608,15,14116.8,Jaipur,Rajasthan,ST009,Net Banking
S000001264,2026-06-02,C29959,P0002,Samsung TV,Electronics,5,23352,20,93408.0,Mumbai,Maharashtra,ST002,Net Banking
S000001265,2026-06-02,C02751,P0009,Office Chair,Home,1,3865,10,3478.5,Mumbai,Maharashtra,ST002,Credit Card
S000001266,2026-06-02,C10292,P0005,Women's Jeans,Fashion,4,1313,5,4989.4,Ahmedabad,Gujarat,ST008,Net Banking
S000001267,2026-06-02,C42408,P0006,Rice Bag,Grocery,1,454,5,431.3,Pune,Maharashtra,ST006,Credit Card
S000001268,2026-06-02,C28778,P0007,Milk,Grocery,4,194,10,698.4,Delhi,Delhi,ST001,Credit Card
S000001269,2026-06-02,C33098,P0003,Laptop,Electronics,3,64396,10,173869.2,Mumbai,Maharashtra,ST002,Debit Card
S000001270,2026-06-02,C41252,P0004,Men T-Shirt,Fashion,4,2369,5,9002.2,Bengaluru,Karnataka,ST003,Net Banking
S000001271,2026-06-02,C28104,P0007,Milk,Grocery,5,426,10,1917.0,Kolkata,West Bengal,ST007,Cash
S000001272,2026-06-02,C01951,P0008,Dining Table,Home,5,1640,0,8200.0,Bengaluru,Karnataka,ST003,UPI
S000001273,2026-06-02,C22172,P0006,Rice Bag,Grocery,4,51,15,173.4,Kolkata,West Bengal,ST007,Credit Card
S000001274,2026-06-02,C49755,P0001,iPhone 16,Electronics,1,78128,10,70315.2,Bengaluru,Karnataka,ST003,Net Banking
S000001275,2026-06-02,C27480,P0007,Milk,Grocery,3,485,10,1309.5,Jaipur,Rajasthan,ST009,Debit Card
S000001276,2026-06-02,C00518,P0005,Women's Jeans,Fashion,2,3809,15,6475.3,Jaipur,Rajasthan,ST009,Net Banking
S000001277,2026-06-02,C42198,P0004,Men T-Shirt,Fashion,5,4122,10,18549.0,Jaipur,Rajasthan,ST009,Net Banking
S000001278,2026-06-02,C42517,P0007,Milk,Grocery,1,38,20,30.4,Hyderabad,Telangana,ST004,Debit Card
S000001279,2026-06-02,C21922,P0007,Milk,Grocery,5,165,5,783.75,Bengaluru,Karnataka,ST003,Net Banking
S000001280,2026-06-02,C06084,P0009,Office Chair,Home,5,6082,5,28889.5,Jaipur,Rajasthan,ST009,Debit Card
S000001281,2026-06-02,C01535,P0001,iPhone 16,Electronics,3,41632,10,112406.4,Jaipur,Rajasthan,ST009,Net Banking
S000001282,2026-06-02,C47613,P0007,Milk,Grocery,1,450,10,405.0,Jaipur,Rajasthan,ST009,UPI
S000001283,2026-06-02,C17024,P0009,Office Chair,Home,1,2543,15,2161.55,Pune,Maharashtra,ST006,UPI
S000001284,2026-06-02,C19528,P0010,Cricket Bat,Sports,3,4168,20,10003.2,Delhi,Delhi,ST001,Cash
S000001285,2026-06-02,C37067,P0009,Office Chair,Home,3,5402,10,14585.4,Lucknow,Uttar Pradesh,ST010,Credit Card
S000001286,2026-06-02,C43708,P0010,Cricket Bat,Sports,5,12383,5,58819.25,Bengaluru,Karnataka,ST003,Cash
S000001287,2026-06-02,C06897,P0006,Rice Bag,Grocery,2,441,10,793.8,Jaipur,Rajasthan,ST009,Net Banking
S000001288,2026-06-02,C29774,P0002,Samsung TV,Electronics,4,20740,0,82960.0,Bengaluru,Karnataka,ST003,Cash
S000001289,2026-06-02,C04076,P0007,Milk,Grocery,2,248,0,496.0,Bengaluru,Karnataka,ST003,Cash
S000001290,2026-06-02,C24203,P0009,Office Chair,Home,5,9002,15,38258.5,Kolkata,West Bengal,ST007,Net Banking
S000001291,2026-06-02,C17282,P0010,Cricket Bat,Sports,4,11588,15,39399.2,Ahmedabad,Gujarat,ST008,Cash
S000001292,2026-06-02,C47954,P0007,Milk,Grocery,5,85,15,361.25,Bengaluru,Karnataka,ST003,Credit Card
S000001293,2026-06-02,C46606,P0008,Dining Table,Home,5,2434,5,11561.5,Bengaluru,Karnataka,ST003,Net Banking
S000001294,2026-06-02,C29848,P0008,Dining Table,Home,5,6551,0,32755.0,Delhi,Delhi,ST001,Credit Card
S000001295,2026-06-02,C39427,P0007,Milk,Grocery,3,312,10,842.4,Mumbai,Maharashtra,ST002,UPI
S000001296,2026-06-02,C02640,P0009,Office Chair,Home,3,5495,10,14836.5,Bengaluru,Karnataka,ST003,UPI
S000001297,2026-06-02,C19875,P0005,Women's Jeans,Fashion,2,1664,20,2662.4,Ahmedabad,Gujarat,ST008,UPI
S000001298,2026-06-02,C27641,P0001,iPhone 16,Electronics,2,33996,15,57793.2,Chennai,Tamil Nadu,ST005,Debit Card
S000001299,2026-06-02,C00137,P0002,Samsung TV,Electronics,1,15856,15,13477.6,Jaipur,Rajasthan,ST009,Debit Card
S000001300,2026-06-02,C31535,P0010,Cricket Bat,Sports,4,5834,15,19835.6,Chennai,Tamil Nadu,ST005,Net Banking
S000001301,2026-06-02,C31145,P0010,Cricket Bat,Sports,5,10727,15,45589.75,Bengaluru,Karnataka,ST003,Credit Card
S000001302,2026-06-02,C49918,P0008,Dining Table,Home,3,1963,20,4711.2,Ahmedabad,Gujarat,ST008,Credit Card
S000001303,2026-06-02,C43549,P0010,Cricket Bat,Sports,2,6778,10,12200.4,Kolkata,West Bengal,ST007,Cash
S000001304,2026-06-02,C35455,P0001,iPhone 16,Electronics,1,31707,0,31707.0,Ahmedabad,Gujarat,ST008,Debit Card
S000001305,2026-06-02,C37487,P0005,Women's Jeans,Fashion,5,1197,5,5685.75,Jaipur,Rajasthan,ST009,UPI
S000001306,2026-06-02,C40548,P0009,Office Chair,Home,5,9048,5,42978.0,Lucknow,Uttar Pradesh,ST010,UPI
S000001307,2026-06-02,C49189,P0008,Dining Table,Home,1,9213,5,8752.35,Jaipur,Rajasthan,ST009,UPI
S000001308,2026-06-02,C01244,P0005,Women's Jeans,Fashion,5,4139,0,20695.0,Hyderabad,Telangana,ST004,Credit Card
S000001309,2026-06-02,C34967,P0010,Cricket Bat,Sports,5,1037,15,4407.25,Pune,Maharashtra,ST006,Cash
S000001310,2026-06-02,C01525,P0006,Rice Bag,Grocery,4,32,20,102.4,Kolkata,West Bengal,ST007,Credit Card
S000001311,2026-06-02,C20800,P0007,Milk,Grocery,1,70,20,56.0,Chennai,Tamil Nadu,ST005,UPI
S000001312,2026-06-02,C11021,P0005,Women's Jeans,Fashion,3,1234,5,3516.9,Bengaluru,Karnataka,ST003,Credit Card
S000001313,2026-06-02,C20107,P0007,Milk,Grocery,5,186,5,883.5,Bengaluru,Karnataka,ST003,UPI
S000001314,2026-06-02,C01781,P0001,iPhone 16,Electronics,1,51948,5,49350.6,Chennai,Tamil Nadu,ST005,Cash
S000001315,2026-06-02,C27055,P0006,Rice Bag,Grocery,1,46,5,43.7,Chennai,Tamil Nadu,ST005,Cash
S000001316,2026-06-02,C15704,P0010,Cricket Bat,Sports,4,8633,20,27625.6,Lucknow,Uttar Pradesh,ST010,Credit Card
S000001317,2026-06-02,C25235,P0002,Samsung TV,Electronics,3,70925,20,170220.0,Chennai,Tamil Nadu,ST005,UPI
S000001318,2026-06-02,C26679,P0002,Samsung TV,Electronics,4,40636,0,162544.0,Ahmedabad,Gujarat,ST008,UPI
S000001319,2026-06-02,C17640,P0009,Office Chair,Home,2,9588,5,18217.2,Lucknow,Uttar Pradesh,ST010,UPI
S000001320,2026-06-02,C19964,P0010,Cricket Bat,Sports,1,14165,20,11332.0,Kolkata,West Bengal,ST007,Cash
S000001321,2026-06-02,C13334,P0003,Laptop,Electronics,2,42133,20,67412.8,Pune,Maharashtra,ST006,Net Banking
S000001322,2026-06-02,C27772,P0009,Office Chair,Home,1,8112,20,6489.6,Ahmedabad,Gujarat,ST008,UPI
S000001323,2026-06-02,C18957,P0003,Laptop,Electronics,4,45822,20,146630.4,Delhi,Delhi,ST001,UPI
S000001324,2026-06-02,C16443,P0007,Milk,Grocery,5,450,20,1800.0,Pune,Maharashtra,ST006,Credit Card
S000001325,2026-06-02,C18437,P0001,iPhone 16,Electronics,5,19166,10,86247.0,Bengaluru,Karnataka,ST003,Net Banking
S000001326,2026-06-02,C05880,P0007,Milk,Grocery,5,163,15,692.75,Mumbai,Maharashtra,ST002,Credit Card
S000001327,2026-06-02,C13819,P0010,Cricket Bat,Sports,3,10706,10,28906.2,Jaipur,Rajasthan,ST009,Debit Card
S000001328,2026-06-02,C49329,P0008,Dining Table,Home,3,6097,5,17376.45,Chennai,Tamil Nadu,ST005,Credit Card
S000001329,2026-06-02,C30134,P0010,Cricket Bat,Sports,2,10891,0,21782.0,Pune,Maharashtra,ST006,UPI
S000001330,2026-06-02,C39898,P0008,Dining Table,Home,2,7269,20,11630.4,Delhi,Delhi,ST001,UPI
S000001331,2026-06-02,C45646,P0008,Dining Table,Home,1,1770,20,1416.0,Kolkata,West Bengal,ST007,Net Banking
S000001332,2026-06-02,C02029,P0008,Dining Table,Home,4,6364,15,21637.6,Mumbai,Maharashtra,ST002,Debit Card
S000001333,2026-06-02,C11613,P0001,iPhone 16,Electronics,3,35295,15,90002.25,Mumbai,Maharashtra,ST002,Cash
S000001334,2026-06-02,C00614,P0004,Men T-Shirt,Fashion,3,2068,0,6204.0,Delhi,Delhi,ST001,Debit Card
S000001335,2026-06-02,C40203,P0005,Women's Jeans,Fashion,4,3473,0,13892.0,Hyderabad,Telangana,ST004,Credit Card
S000001336,2026-06-02,C18400,P0008,Dining Table,Home,1,3712,15,3155.2,Lucknow,Uttar Pradesh,ST010,Credit Card
S000001337,2026-06-02,C07271,P0005,Women's Jeans,Fashion,4,1896,20,6067.2,Lucknow,Uttar Pradesh,ST010,Net Banking
S000001338,2026-06-02,C12699,P0010,Cricket Bat,Sports,2,1370,20,2192.0,Lucknow,Uttar Pradesh,ST010,Net Banking
S000001339,2026-06-02,C08405,P0002,Samsung TV,Electronics,5,39879,20,159516.0,Bengaluru,Karnataka,ST003,Debit Card
S000001340,2026-06-02,C47770,P0005,Women's Jeans,Fashion,5,2571,20,10284.0,Hyderabad,Telangana,ST004,UPI
S000001341,2026-06-02,C29749,P0001,iPhone 16,Electronics,3,66694,15,170069.7,Kolkata,West Bengal,ST007,UPI
S000001342,2026-06-02,C17960,P0002,Samsung TV,Electronics,4,57378,20,183609.6,Jaipur,Rajasthan,ST009,Cash
S000001343,2026-06-02,C49744,P0001,iPhone 16,Electronics,3,65058,20,156139.2,Hyderabad,Telangana,ST004,UPI
S000001344,2026-06-02,C29417,P0006,Rice Bag,Grocery,2,191,0,382.0,Delhi,Delhi,ST001,Cash
S000001345,2026-06-02,C37475,P0001,iPhone 16,Electronics,1,42765,5,40626.75,Hyderabad,Telangana,ST004,Cash
S000001346,2026-06-02,C10780,P0006,Rice Bag,Grocery,1,34,15,28.9,Chennai,Tamil Nadu,ST005,UPI
S000001347,2026-06-02,C28309,P0001,iPhone 16,Electronics,3,42394,0,127182.0,Lucknow,Uttar Pradesh,ST010,Debit Card
S000001348,2026-06-02,C31037,P0004,Men T-Shirt,Fashion,3,4757,5,13557.45,Pune,Maharashtra,ST006,UPI
S000001349,2026-06-02,C04779,P0010,Cricket Bat,Sports,1,10545,15,8963.25,Lucknow,Uttar Pradesh,ST010,Cash
S000001350,2026-06-02,C37942,P0002,Samsung TV,Electronics,1,59465,10,53518.5,Mumbai,Maharashtra,ST002,UPI
S000001351,2026-06-02,C45441,P0002,Samsung TV,Electronics,4,17181,10,61851.6,Bengaluru,Karnataka,ST003,UPI
S000001352,2026-06-02,C40026,P0007,Milk,Grocery,1,306,0,306.0,Mumbai,Maharashtra,ST002,UPI
S000001353,2026-06-02,C19328,P0007,Milk,Grocery,5,405,15,1721.25,Kolkata,West Bengal,ST007,UPI
S000001354,2026-06-02,C15278,P0010,Cricket Bat,Sports,4,6590,15,22406.0,Lucknow,Uttar Pradesh,ST010,UPI
S000001355,2026-06-02,C28057,P0010,Cricket Bat,Sports,3,10964,0,32892.0,Lucknow,Uttar Pradesh,ST010,UPI
S000001356,2026-06-02,C29759,P0009,Office Chair,Home,2,2269,0,4538.0,Pune,Maharashtra,ST006,Net Banking
S000001357,2026-06-02,C00806,P0010,Cricket Bat,Sports,2,9691,5,18412.9,Mumbai,Maharashtra,ST002,Net Banking
S000001358,2026-06-02,C41771,P0009,Office Chair,Home,4,8387,20,26838.4,Chennai,Tamil Nadu,ST005,Debit Card
S000001359,2026-06-02,C29139,P0003,Laptop,Electronics,1,17928,5,17031.6,Hyderabad,Telangana,ST004,Credit Card
S000001360,2026-06-02,C20426,P0010,Cricket Bat,Sports,3,5398,20,12955.2,Kolkata,West Bengal,ST007,Net Banking
S000001361,2026-06-02,C35465,P0003,Laptop,Electronics,3,89079,10,240513.3,Bengaluru,Karnataka,ST003,Cash
S000001362,2026-06-02,C19076,P0006,Rice Bag,Grocery,5,356,5,1691.0,Delhi,Delhi,ST001,Net Banking
S000001363,2026-06-02,C03757,P0004,Men T-Shirt,Fashion,1,3957,10,3561.3,Jaipur,Rajasthan,ST009,Net Banking
S000001364,2026-06-02,C12807,P0004,Men T-Shirt,Fashion,3,2051,15,5230.05,Hyderabad,Telangana,ST004,UPI
S000001365,2026-06-02,C45534,P0008,Dining Table,Home,5,9774,10,43983.0,Lucknow,Uttar Pradesh,ST010,Debit Card
S000001366,2026-06-02,C40377,P0005,Women's Jeans,Fashion,2,1358,15,2308.6,Kolkata,West Bengal,ST007,Debit Card
S000001367,2026-06-02,C02766,P0008,Dining Table,Home,2,4272,15,7262.4,Hyderabad,Telangana,ST004,UPI
S000001368,2026-06-02,C40890,P0004,Men T-Shirt,Fashion,3,3579,5,10200.15,Hyderabad,Telangana,ST004,Cash
S000001369,2026-06-02,C26235,P0003,Laptop,Electronics,1,19664,10,17697.6,Delhi,Delhi,ST001,Debit Card
S000001370,2026-06-02,C01968,P0009,Office Chair,Home,3,7715,5,21987.75,Mumbai,Maharashtra,ST002,Credit Card
S000001371,2026-06-02,C41376,P0010,Cricket Bat,Sports,1,3562,5,3383.9,Pune,Maharashtra,ST006,UPI
S000001372,2026-06-02,C18619,P0003,Laptop,Electronics,2,54540,20,87264.0,Hyderabad,Telangana,ST004,Debit Card
S000001373,2026-06-02,C16120,P0003,Laptop,Electronics,2,44313,0,88626.0,Hyderabad,Telangana,ST004,UPI
S000001374,2026-06-02,C01376,P0003,Laptop,Electronics,3,37556,10,101401.2,Kolkata,West Bengal,ST007,UPI
S000001375,2026-06-02,C29898,P0004,Men T-Shirt,Fashion,2,4816,20,7705.6,Pune,Maharashtra,ST006,Debit Card
S000001376,2026-06-02,C28425,P0002,Samsung TV,Electronics,2,34856,5,66226.4,Mumbai,Maharashtra,ST002,Credit Card
S000001377,2026-06-02,C34902,P0007,Milk,Grocery,5,239,5,1135.25,Pune,Maharashtra,ST006,Debit Card
S000001378,2026-06-02,C03028,P0010,Cricket Bat,Sports,5,5119,5,24315.25,Lucknow,Uttar Pradesh,ST010,Credit Card
S000001379,2026-06-02,C21475,P0004,Men T-Shirt,Fashion,2,4663,20,7460.8,Delhi,Delhi,ST001,Debit Card
S000001380,2026-06-02,C32047,P0004,Men T-Shirt,Fashion,5,1031,5,4897.25,Mumbai,Maharashtra,ST002,Cash
S000001381,2026-06-02,C33333,P0007,Milk,Grocery,4,285,15,969.0,Jaipur,Rajasthan,ST009,Debit Card
S000001382,2026-06-02,C11731,P0006,Rice Bag,Grocery,4,386,15,1312.4,Pune,Maharashtra,ST006,Net Banking
S000001383,2026-06-02,C31049,P0005,Women's Jeans,Fashion,5,799,5,3795.25,Lucknow,Uttar Pradesh,ST010,Cash
S000001384,2026-06-02,C14387,P0004,Men T-Shirt,Fashion,4,2290,10,8244.0,Ahmedabad,Gujarat,ST008,Credit Card
S000001385,2026-06-02,C27855,P0007,Milk,Grocery,3,150,20,360.0,Lucknow,Uttar Pradesh,ST010,Credit Card
S000001386,2026-06-02,C05555,P0003,Laptop,Electronics,4,78002,10,280807.2,Mumbai,Maharashtra,ST002,Debit Card
S000001387,2026-06-02,C15085,P0010,Cricket Bat,Sports,5,10476,10,47142.0,Delhi,Delhi,ST001,Cash
S000001388,2026-06-02,C27926,P0008,Dining Table,Home,4,6521,15,22171.4,Ahmedabad,Gujarat,ST008,Cash
S000001389,2026-06-02,C20777,P0005,Women's Jeans,Fashion,2,4118,5,7824.2,Kolkata,West Bengal,ST007,UPI
S000001390,2026-06-02,C17408,P0002,Samsung TV,Electronics,3,75767,20,181840.8,Pune,Maharashtra,ST006,UPI
S000001391,2026-06-02,C35826,P0002,Samsung TV,Electronics,1,25543,0,25543.0,Chennai,Tamil Nadu,ST005,Credit Card
S000001392,2026-06-02,C23609,P0001,iPhone 16,Electronics,3,35774,10,96589.8,Jaipur,Rajasthan,ST009,Credit Card
S000001393,2026-06-02,C16386,P0005,Women's Jeans,Fashion,5,1629,20,6516.0,Chennai,Tamil Nadu,ST005,Credit Card
S000001394,2026-06-02,C17114,P0001,iPhone 16,Electronics,3,62928,15,160466.4,Chennai,Tamil Nadu,ST005,Debit Card
S000001395,2026-06-02,C38008,P0001,iPhone 16,Electronics,2,62101,5,117991.9,Ahmedabad,Gujarat,ST008,Net Banking
S000001396,2026-06-02,C14872,P0004,Men T-Shirt,Fashion,5,4339,15,18440.75,Ahmedabad,Gujarat,ST008,Credit Card
S000001397,2026-06-02,C22326,P0002,Samsung TV,Electronics,4,64747,5,246038.6,Pune,Maharashtra,ST006,Credit Card
S000001398,2026-06-02,C28750,P0008,Dining Table,Home,3,2776,20,6662.4,Jaipur,Rajasthan,ST009,UPI
S000001399,2026-06-02,C08412,P0005,Women's Jeans,Fashion,3,3283,5,9356.55,Delhi,Delhi,ST001,Cash
S000001400,2026-06-02,C27470,P0007,Milk,Grocery,3,186,20,446.4,Kolkata,West Bengal,ST007,Net Banking
S000001401,2026-06-02,C01524,P0010,Cricket Bat,Sports,2,5710,20,9136.0,Delhi,Delhi,ST001,Credit Card
S000001402,2026-06-02,C41278,P0010,Cricket Bat,Sports,4,6547,5,24878.6,Lucknow,Uttar Pradesh,ST010,Net Banking
S000001403,2026-06-02,C25601,P0002,Samsung TV,Electronics,2,72230,0,144460.0,Jaipur,Rajasthan,ST009,Cash
S000001404,2026-06-02,C21551,P0010,Cricket Bat,Sports,1,3108,0,3108.0,Ahmedabad,Gujarat,ST008,Debit Card
S000001405,2026-06-02,C44230,P0009,Office Chair,Home,5,8505,0,42525.0,Bengaluru,Karnataka,ST003,UPI
S000001406,2026-06-02,C12236,P0004,Men T-Shirt,Fashion,3,2186,5,6230.1,Mumbai,Maharashtra,ST002,Cash
S000001407,2026-06-02,C19078,P0009,Office Chair,Home,1,6539,20,5231.2,Mumbai,Maharashtra,ST002,Cash
S000001408,2026-06-02,C00724,P0003,Laptop,Electronics,4,30582,0,122328.0,Pune,Maharashtra,ST006,Cash
S000001409,2026-06-02,C08464,P0009,Office Chair,Home,1,6873,5,6529.35,Kolkata,West Bengal,ST007,Cash
S000001410,2026-06-02,C08516,P0004,Men T-Shirt,Fashion,4,1800,20,5760.0,Chennai,Tamil Nadu,ST005,Cash
S000001411,2026-06-02,C37690,P0005,Women's Jeans,Fashion,5,4259,10,19165.5,Lucknow,Uttar Pradesh,ST010,Credit Card
S000001412,2026-06-02,C13219,P0001,iPhone 16,Electronics,1,62328,20,49862.4,Bengaluru,Karnataka,ST003,Cash
S000001413,2026-06-02,C16177,P0009,Office Chair,Home,4,8039,15,27332.6,Pune,Maharashtra,ST006,Net Banking
S000001414,2026-06-02,C37758,P0001,iPhone 16,Electronics,4,55453,10,199630.8,Mumbai,Maharashtra,ST002,Debit Card
S000001415,2026-06-02,C25631,P0010,Cricket Bat,Sports,2,3242,20,5187.2,Bengaluru,Karnataka,ST003,Cash
S000001416,2026-06-02,C48054,P0007,Milk,Grocery,2,377,20,603.2,Ahmedabad,Gujarat,ST008,Cash
S000001417,2026-06-02,C06261,P0007,Milk,Grocery,2,160,20,256.0,Delhi,Delhi,ST001,Credit Card
S000001418,2026-06-02,C19130,P0002,Samsung TV,Electronics,4,82459,0,329836.0,Hyderabad,Telangana,ST004,Cash
S000001419,2026-06-02,C24166,P0002,Samsung TV,Electronics,3,63752,15,162567.6,Mumbai,Maharashtra,ST002,Net Banking
S000001420,2026-06-02,C10803,P0005,Women's Jeans,Fashion,1,4286,0,4286.0,Hyderabad,Telangana,ST004,Net Banking
S000001421,2026-06-02,C04797,P0008,Dining Table,Home,4,3685,15,12529.0,Kolkata,West Bengal,ST007,Debit Card
S000001422,2026-06-02,C02476,P0001,iPhone 16,Electronics,2,52875,15,89887.5,Chennai,Tamil Nadu,ST005,UPI
S000001423,2026-06-02,C31770,P0008,Dining Table,Home,5,4469,15,18993.25,Mumbai,Maharashtra,ST002,UPI
S000001424,2026-06-02,C09192,P0008,Dining Table,Home,2,795,20,1272.0,Chennai,Tamil Nadu,ST005,Credit Card
S000001425,2026-06-02,C06588,P0003,Laptop,Electronics,5,61229,5,290837.75,Chennai,Tamil Nadu,ST005,UPI
S000001426,2026-06-02,C05085,P0001,iPhone 16,Electronics,4,56935,5,216353.0,Chennai,Tamil Nadu,ST005,Credit Card
S000001427,2026-06-02,C14200,P0001,iPhone 16,Electronics,4,16259,20,52028.8,Jaipur,Rajasthan,ST009,Credit Card
S000001428,2026-06-02,C42010,P0002,Samsung TV,Electronics,4,16870,20,53984.0,Kolkata,West Bengal,ST007,Debit Card
S000001429,2026-06-02,C00306,P0001,iPhone 16,Electronics,2,59105,5,112299.5,Kolkata,West Bengal,ST007,Credit Card
S000001430,2026-06-02,C13107,P0002,Samsung TV,Electronics,1,11908,10,10717.2,Delhi,Delhi,ST001,Cash
S000001431,2026-06-02,C12593,P0002,Samsung TV,Electronics,2,31895,0,63790.0,Hyderabad,Telangana,ST004,UPI
S000001432,2026-06-02,C27243,P0009,Office Chair,Home,3,9708,5,27667.8,Mumbai,Maharashtra,ST002,Debit Card
S000001433,2026-06-02,C40939,P0004,Men T-Shirt,Fashion,4,1489,5,5658.2,Jaipur,Rajasthan,ST009,Cash
S000001434,2026-06-02,C14011,P0002,Samsung TV,Electronics,2,11965,15,20340.5,Pune,Maharashtra,ST006,Debit Card
S000001435,2026-06-02,C42861,P0006,Rice Bag,Grocery,2,254,5,482.6,Delhi,Delhi,ST001,Cash
S000001436,2026-06-02,C04327,P0005,Women's Jeans,Fashion,1,1051,5,998.45,Lucknow,Uttar Pradesh,ST010,Debit Card
S000001437,2026-06-02,C26942,P0005,Women's Jeans,Fashion,1,4892,20,3913.6,Lucknow,Uttar Pradesh,ST010,Cash
S000001438,2026-06-02,C11237,P0005,Women's Jeans,Fashion,3,3683,5,10496.55,Mumbai,Maharashtra,ST002,Net Banking
S000001439,2026-06-02,C21762,P0003,Laptop,Electronics,1,53922,0,53922.0,Pune,Maharashtra,ST006,Cash
S000001440,2026-06-02,C39881,P0010,Cricket Bat,Sports,5,10795,5,51276.25,Ahmedabad,Gujarat,ST008,Cash
S000001441,2026-06-02,C32993,P0010,Cricket Bat,Sports,1,10398,0,10398.0,Delhi,Delhi,ST001,Credit Card
S000001442,2026-06-02,C20241,P0004,Men T-Shirt,Fashion,5,1150,0,5750.0,Kolkata,West Bengal,ST007,Credit Card
S000001443,2026-06-02,C09015,P0006,Rice Bag,Grocery,2,97,15,164.9,Ahmedabad,Gujarat,ST008,Debit Card
S000001444,2026-06-02,C13395,P0001,iPhone 16,Electronics,4,53082,5,201711.6,Hyderabad,Telangana,ST004,Net Banking
S000001445,2026-06-02,C18228,P0006,Rice Bag,Grocery,4,351,10,1263.6,Delhi,Delhi,ST001,Net Banking
S000001446,2026-06-02,C49189,P0001,iPhone 16,Electronics,3,41752,5,118993.2,Hyderabad,Telangana,ST004,Debit Card
S000001447,2026-06-02,C35345,P0001,iPhone 16,Electronics,5,60002,20,240008.0,Hyderabad,Telangana,ST004,Credit Card
S000001448,2026-06-02,C21079,P0003,Laptop,Electronics,1,74440,0,74440.0,Ahmedabad,Gujarat,ST008,UPI
S000001449,2026-06-02,C12614,P0001,iPhone 16,Electronics,2,22027,5,41851.3,Bengaluru,Karnataka,ST003,Credit Card
S000001450,2026-06-02,C38839,P0009,Office Chair,Home,5,1780,15,7565.0,Hyderabad,Telangana,ST004,Credit Card
S000001451,2026-06-02,C47513,P0008,Dining Table,Home,2,4512,15,7670.4,Chennai,Tamil Nadu,ST005,Credit Card
S000001452,2026-06-02,C11563,P0010,Cricket Bat,Sports,3,9744,15,24847.2,Hyderabad,Telangana,ST004,Debit Card
S000001453,2026-06-02,C41655,P0004,Men T-Shirt,Fashion,1,3445,15,2928.25,Chennai,Tamil Nadu,ST005,Cash
S000001454,2026-06-02,C24755,P0003,Laptop,Electronics,4,76229,20,243932.8,Ahmedabad,Gujarat,ST008,Cash
S000001455,2026-06-02,C48165,P0007,Milk,Grocery,1,410,15,348.5,Bengaluru,Karnataka,ST003,Cash
S000001456,2026-06-02,C28010,P0002,Samsung TV,Electronics,5,30027,20,120108.0,Chennai,Tamil Nadu,ST005,Net Banking
S000001457,2026-06-02,C47622,P0003,Laptop,Electronics,4,50088,15,170299.2,Chennai,Tamil Nadu,ST005,Cash
S000001458,2026-06-02,C18562,P0007,Milk,Grocery,4,56,10,201.6,Jaipur,Rajasthan,ST009,Net Banking
S000001459,2026-06-02,C08956,P0008,Dining Table,Home,2,568,0,1136.0,Hyderabad,Telangana,ST004,Credit Card
S000001460,2026-06-02,C32814,P0006,Rice Bag,Grocery,4,222,10,799.2,Ahmedabad,Gujarat,ST008,Cash
S000001461,2026-06-02,C25169,P0008,Dining Table,Home,1,7197,0,7197.0,Chennai,Tamil Nadu,ST005,Net Banking
S000001462,2026-06-02,C08158,P0007,Milk,Grocery,2,410,15,697.0,Lucknow,Uttar Pradesh,ST010,Credit Card
S000001463,2026-06-02,C16729,P0006,Rice Bag,Grocery,3,376,0,1128.0,Jaipur,Rajasthan,ST009,Cash
S000001464,2026-06-02,C42658,P0007,Milk,Grocery,2,264,0,528.0,Kolkata,West Bengal,ST007,Credit Card
S000001465,2026-06-02,C23686,P0001,iPhone 16,Electronics,5,69699,5,331070.25,Bengaluru,Karnataka,ST003,Debit Card
S000001466,2026-06-02,C16666,P0004,Men T-Shirt,Fashion,2,601,0,1202.0,Lucknow,Uttar Pradesh,ST010,Net Banking
S000001467,2026-06-02,C06050,P0007,Milk,Grocery,1,285,5,270.75,Kolkata,West Bengal,ST007,Net Banking
S000001468,2026-06-02,C27719,P0003,Laptop,Electronics,3,75620,20,181488.0,Kolkata,West Bengal,ST007,Debit Card
S000001469,2026-06-02,C43155,P0007,Milk,Grocery,4,405,0,1620.0,Lucknow,Uttar Pradesh,ST010,Debit Card
S000001470,2026-06-02,C07162,P0010,Cricket Bat,Sports,3,12567,5,35815.95,Pune,Maharashtra,ST006,Credit Card
S000001471,2026-06-02,C49040,P0007,Milk,Grocery,2,437,15,742.9,Chennai,Tamil Nadu,ST005,UPI
S000001472,2026-06-02,C00104,P0002,Samsung TV,Electronics,5,64636,10,290862.0,Mumbai,Maharashtra,ST002,Cash
S000001473,2026-06-02,C48041,P0007,Milk,Grocery,3,115,5,327.75,Bengaluru,Karnataka,ST003,Credit Card
S000001474,2026-06-02,C12978,P0008,Dining Table,Home,1,7883,20,6306.4,Bengaluru,Karnataka,ST003,Net Banking
S000001475,2026-06-02,C13932,P0003,Laptop,Electronics,2,35150,10,63270.0,Hyderabad,Telangana,ST004,UPI
S000001476,2026-06-02,C26791,P0008,Dining Table,Home,2,1807,10,3252.6,Lucknow,Uttar Pradesh,ST010,UPI
S000001477,2026-06-02,C05617,P0007,Milk,Grocery,1,195,0,195.0,Mumbai,Maharashtra,ST002,Debit Card
S000001478,2026-06-02,C38381,P0004,Men T-Shirt,Fashion,1,577,0,577.0,Ahmedabad,Gujarat,ST008,Cash
S000001479,2026-06-02,C17438,P0001,iPhone 16,Electronics,1,37665,20,30132.0,Lucknow,Uttar Pradesh,ST010,UPI
S000001480,2026-06-02,C00476,P0007,Milk,Grocery,3,497,15,1267.35,Lucknow,Uttar Pradesh,ST010,Net Banking
S000001481,2026-06-02,C31014,P0006,Rice Bag,Grocery,3,209,10,564.3,Lucknow,Uttar Pradesh,ST010,Cash
S000001482,2026-06-02,C20659,P0004,Men T-Shirt,Fashion,4,968,10,3484.8,Pune,Maharashtra,ST006,Cash
S000001483,2026-06-02,C21644,P0002,Samsung TV,Electronics,4,28201,0,112804.0,Delhi,Delhi,ST001,Cash
S000001484,2026-06-02,C39447,P0002,Samsung TV,Electronics,2,58290,15,99093.0,Jaipur,Rajasthan,ST009,Debit Card
S000001485,2026-06-02,C40525,P0008,Dining Table,Home,2,551,10,991.8,Jaipur,Rajasthan,ST009,Cash
S000001486,2026-06-02,C01090,P0006,Rice Bag,Grocery,4,139,20,444.8,Delhi,Delhi,ST001,Debit Card
S000001487,2026-06-02,C31755,P0007,Milk,Grocery,3,239,15,609.45,Lucknow,Uttar Pradesh,ST010,UPI
S000001488,2026-06-02,C43145,P0002,Samsung TV,Electronics,5,35569,5,168952.75,Kolkata,West Bengal,ST007,Debit Card
S000001489,2026-06-02,C34083,P0010,Cricket Bat,Sports,2,8458,0,16916.0,Jaipur,Rajasthan,ST009,UPI
S000001490,2026-06-02,C19750,P0009,Office Chair,Home,4,2395,15,8143.0,Ahmedabad,Gujarat,ST008,Credit Card
S000001491,2026-06-02,C43427,P0009,Office Chair,Home,2,3292,0,6584.0,Hyderabad,Telangana,ST004,Credit Card
S000001492,2026-06-02,C06913,P0007,Milk,Grocery,3,482,15,1229.1,Delhi,Delhi,ST001,Credit Card
S000001493,2026-06-02,C18374,P0004,Men T-Shirt,Fashion,1,1612,20,1289.6,Chennai,Tamil Nadu,ST005,Cash
S000001494,2026-06-02,C41521,P0008,Dining Table,Home,2,9936,20,15897.6,Mumbai,Maharashtra,ST002,Debit Card
S000001495,2026-06-02,C04239,P0006,Rice Bag,Grocery,5,458,15,1946.5,Kolkata,West Bengal,ST007,Cash
S000001496,2026-06-02,C15294,P0004,Men T-Shirt,Fashion,3,1218,0,3654.0,Chennai,Tamil Nadu,ST005,UPI
S000001497,2026-06-02,C05842,P0006,Rice Bag,Grocery,1,313,10,281.7,Lucknow,Uttar Pradesh,ST010,Credit Card
S000001498,2026-06-02,C08351,P0006,Rice Bag,Grocery,1,179,0,179.0,Kolkata,West Bengal,ST007,Net Banking
S000001499,2026-06-02,C38671,P0009,Office Chair,Home,4,5737,10,20653.2,Hyderabad,Telangana,ST004,Cash
S000001500,2026-06-02,C44519,P0003,Laptop,Electronics,5,39116,0,195580.0,Jaipur,Rajasthan,ST009,Net Banking
S000001501,2026-06-02,C25908,P0001,iPhone 16,Electronics,3,28966,10,78208.2,Jaipur,Rajasthan,ST009,Cash
S000001502,2026-06-02,C14347,P0008,Dining Table,Home,5,5143,5,24429.25,Ahmedabad,Gujarat,ST008,Credit Card
S000001503,2026-06-02,C48960,P0001,iPhone 16,Electronics,3,75847,0,227541.0,Lucknow,Uttar Pradesh,ST010,Debit Card
S000001504,2026-06-02,C17921,P0010,Cricket Bat,Sports,4,5075,15,17255.0,Ahmedabad,Gujarat,ST008,Credit Card
S000001505,2026-06-02,C03855,P0006,Rice Bag,Grocery,2,378,0,756.0,Bengaluru,Karnataka,ST003,Credit Card
S000001506,2026-06-02,C11733,P0008,Dining Table,Home,2,853,20,1364.8,Kolkata,West Bengal,ST007,Debit Card
S000001507,2026-06-02,C25709,P0006,Rice Bag,Grocery,3,407,15,1037.85,Kolkata,West Bengal,ST007,Cash
S000001508,2026-06-02,C25629,P0002,Samsung TV,Electronics,3,35571,20,85370.4,Jaipur,Rajasthan,ST009,Debit Card
S000001509,2026-06-02,C25807,P0002,Samsung TV,Electronics,5,17094,10,76923.0,Bengaluru,Karnataka,ST003,Debit Card
S000001510,2026-06-02,C29985,P0003,Laptop,Electronics,4,73234,10,263642.4,Lucknow,Uttar Pradesh,ST010,Credit Card
S000001511,2026-06-02,C09492,P0004,Men T-Shirt,Fashion,1,3467,20,2773.6,Hyderabad,Telangana,ST004,Credit Card
S000001512,2026-06-02,C06682,P0003,Laptop,Electronics,2,17383,0,34766.0,Kolkata,West Bengal,ST007,Cash
S000001513,2026-06-02,C23304,P0008,Dining Table,Home,1,8944,10,8049.6,Bengaluru,Karnataka,ST003,UPI
S000001514,2026-06-02,C38889,P0007,Milk,Grocery,2,37,0,74.0,Bengaluru,Karnataka,ST003,Cash
S000001515,2026-06-02,C15785,P0007,Milk,Grocery,5,108,15,459.0,Ahmedabad,Gujarat,ST008,Debit Card
S000001516,2026-06-02,C45338,P0002,Samsung TV,Electronics,3,68342,10,184523.4,Ahmedabad,Gujarat,ST008,Cash
S000001517,2026-06-02,C00761,P0002,Samsung TV,Electronics,1,74122,20,59297.6,Mumbai,Maharashtra,ST002,UPI
S000001518,2026-06-02,C14742,P0001,iPhone 16,Electronics,5,72848,10,327816.0,Lucknow,Uttar Pradesh,ST010,Net Banking
S000001519,2026-06-02,C45465,P0002,Samsung TV,Electronics,4,73463,15,249774.2,Lucknow,Uttar Pradesh,ST010,Credit Card
S000001520,2026-06-02,C19554,P0010,Cricket Bat,Sports,3,1340,20,3216.0,Bengaluru,Karnataka,ST003,UPI
S000001521,2026-06-02,C12117,P0007,Milk,Grocery,5,438,20,1752.0,Delhi,Delhi,ST001,Cash
S000001522,2026-06-02,C34740,P0008,Dining Table,Home,5,9330,0,46650.0,Mumbai,Maharashtra,ST002,Net Banking
S000001523,2026-06-02,C49382,P0004,Men T-Shirt,Fashion,5,1974,0,9870.0,Mumbai,Maharashtra,ST002,Credit Card
S000001524,2026-06-02,C36355,P0008,Dining Table,Home,1,2610,20,2088.0,Pune,Maharashtra,ST006,UPI
S000001525,2026-06-02,C13516,P0003,Laptop,Electronics,3,14588,0,43764.0,Mumbai,Maharashtra,ST002,Net Banking
S000001526,2026-06-02,C08174,P0009,Office Chair,Home,5,3311,15,14071.75,Chennai,Tamil Nadu,ST005,Debit Card
S000001527,2026-06-02,C43134,P0001,iPhone 16,Electronics,1,78084,10,70275.6,Hyderabad,Telangana,ST004,Debit Card
S000001528,2026-06-02,C43199,P0009,Office Chair,Home,5,8535,10,38407.5,Ahmedabad,Gujarat,ST008,Credit Card
S000001529,2026-06-02,C34254,P0006,Rice Bag,Grocery,5,127,0,635.0,Lucknow,Uttar Pradesh,ST010,Net Banking
S000001530,2026-06-02,C43426,P0001,iPhone 16,Electronics,2,28568,10,51422.4,Hyderabad,Telangana,ST004,UPI
S000001531,2026-06-02,C14105,P0003,Laptop,Electronics,2,87566,10,157618.8,Lucknow,Uttar Pradesh,ST010,Net Banking
S000001532,2026-06-02,C18180,P0003,Laptop,Electronics,1,82069,10,73862.1,Lucknow,Uttar Pradesh,ST010,Cash
S000001533,2026-06-02,C17084,P0007,Milk,Grocery,4,62,10,223.2,Bengaluru,Karnataka,ST003,Cash
S000001534,2026-06-02,C44337,P0007,Milk,Grocery,2,56,10,100.8,Bengaluru,Karnataka,ST003,Net Banking
S000001535,2026-06-02,C41493,P0004,Men T-Shirt,Fashion,5,1843,15,7832.75,Pune,Maharashtra,ST006,Net Banking
S000001536,2026-06-02,C10060,P0006,Rice Bag,Grocery,1,329,5,312.55,Kolkata,West Bengal,ST007,Cash
S000001537,2026-06-02,C05081,P0005,Women's Jeans,Fashion,1,4992,15,4243.2,Mumbai,Maharashtra,ST002,Net Banking
S000001538,2026-06-02,C04323,P0006,Rice Bag,Grocery,3,418,10,1128.6,Mumbai,Maharashtra,ST002,Debit Card
S000001539,2026-06-02,C09590,P0004,Men T-Shirt,Fashion,1,3589,5,3409.55,Chennai,Tamil Nadu,ST005,UPI
S000001540,2026-06-02,C24815,P0002,Samsung TV,Electronics,5,50180,20,200720.0,Mumbai,Maharashtra,ST002,Credit Card
S000001541,2026-06-02,C32088,P0002,Samsung TV,Electronics,5,46961,20,187844.0,Jaipur,Rajasthan,ST009,Debit Card
S000001542,2026-06-02,C17764,P0010,Cricket Bat,Sports,2,5510,15,9367.0,Mumbai,Maharashtra,ST002,UPI
S000001543,2026-06-02,C11841,P0006,Rice Bag,Grocery,5,471,15,2001.75,Jaipur,Rajasthan,ST009,Net Banking
S000001544,2026-06-02,C31252,P0010,Cricket Bat,Sports,1,11550,20,9240.0,Bengaluru,Karnataka,ST003,Debit Card
S000001545,2026-06-02,C46742,P0003,Laptop,Electronics,4,84391,10,303807.6,Bengaluru,Karnataka,ST003,Credit Card
S000001546,2026-06-02,C03465,P0006,Rice Bag,Grocery,4,381,15,1295.4,Hyderabad,Telangana,ST004,Net Banking
S000001547,2026-06-02,C12000,P0008,Dining Table,Home,5,5199,10,23395.5,Pune,Maharashtra,ST006,Cash
S000001548,2026-06-02,C28035,P0009,Office Chair,Home,1,5507,15,4680.95,Hyderabad,Telangana,ST004,Debit Card
S000001549,2026-06-02,C20496,P0002,Samsung TV,Electronics,2,22272,5,42316.8,Mumbai,Maharashtra,ST002,UPI
S000001550,2026-06-02,C37704,P0001,iPhone 16,Electronics,5,74598,0,372990.0,Mumbai,Maharashtra,ST002,Debit Card
S000001551,2026-06-02,C27787,P0009,Office Chair,Home,4,8937,20,28598.4,Bengaluru,Karnataka,ST003,Cash
S000001552,2026-06-02,C45737,P0002,Samsung TV,Electronics,5,34927,0,174635.0,Kolkata,West Bengal,ST007,UPI
S000001553,2026-06-02,C46804,P0007,Milk,Grocery,2,398,20,636.8,Jaipur,Rajasthan,ST009,Debit Card
S000001554,2026-06-02,C44832,P0010,Cricket Bat,Sports,4,3061,20,9795.2,Delhi,Delhi,ST001,Net Banking
S000001555,2026-06-02,C14751,P0003,Laptop,Electronics,2,77329,10,139192.2,Mumbai,Maharashtra,ST002,Debit Card
S000001556,2026-06-02,C03337,P0007,Milk,Grocery,2,211,0,422.0,Ahmedabad,Gujarat,ST008,Cash
S000001557,2026-06-02,C22149,P0004,Men T-Shirt,Fashion,3,2950,15,7522.5,Jaipur,Rajasthan,ST009,UPI
S000001558,2026-06-02,C19238,P0005,Women's Jeans,Fashion,5,3724,5,17689.0,Hyderabad,Telangana,ST004,UPI
S000001559,2026-06-02,C19977,P0009,Office Chair,Home,5,8499,0,42495.0,Delhi,Delhi,ST001,Cash
S000001560,2026-06-02,C23315,P0001,iPhone 16,Electronics,3,49105,10,132583.5,Lucknow,Uttar Pradesh,ST010,Cash
S000001561,2026-06-02,C07024,P0001,iPhone 16,Electronics,4,56469,0,225876.0,Pune,Maharashtra,ST006,Credit Card
S000001562,2026-06-02,C06642,P0007,Milk,Grocery,1,290,20,232.0,Ahmedabad,Gujarat,ST008,Credit Card
S000001563,2026-06-02,C10074,P0007,Milk,Grocery,1,99,10,89.1,Mumbai,Maharashtra,ST002,Cash
S000001564,2026-06-02,C14818,P0008,Dining Table,Home,3,6471,15,16501.05,Kolkata,West Bengal,ST007,Debit Card
S000001565,2026-06-02,C11940,P0009,Office Chair,Home,4,7698,5,29252.4,Chennai,Tamil Nadu,ST005,UPI
S000001566,2026-06-02,C09167,P0006,Rice Bag,Grocery,3,472,5,1345.2,Kolkata,West Bengal,ST007,UPI
S000001567,2026-06-02,C07253,P0004,Men T-Shirt,Fashion,2,3732,15,6344.4,Chennai,Tamil Nadu,ST005,UPI
S000001568,2026-06-02,C48754,P0006,Rice Bag,Grocery,2,265,10,477.0,Delhi,Delhi,ST001,Credit Card
S000001569,2026-06-02,C07786,P0007,Milk,Grocery,4,429,5,1630.2,Ahmedabad,Gujarat,ST008,Net Banking
S000001570,2026-06-02,C21292,P0007,Milk,Grocery,2,76,0,152.0,Jaipur,Rajasthan,ST009,Cash
S000001571,2026-06-02,C01387,P0003,Laptop,Electronics,5,11788,5,55993.0,Bengaluru,Karnataka,ST003,Debit Card
S000001572,2026-06-02,C03411,P0006,Rice Bag,Grocery,1,242,15,205.7,Kolkata,West Bengal,ST007,Net Banking
S000001573,2026-06-02,C18971,P0005,Women's Jeans,Fashion,4,2529,20,8092.8,Ahmedabad,Gujarat,ST008,UPI
S000001574,2026-06-02,C09994,P0009,Office Chair,Home,3,2384,10,6436.8,Bengaluru,Karnataka,ST003,Credit Card
S000001575,2026-06-02,C45938,P0004,Men T-Shirt,Fashion,4,1344,20,4300.8,Kolkata,West Bengal,ST007,Credit Card
S000001576,2026-06-02,C40050,P0003,Laptop,Electronics,2,40065,0,80130.0,Hyderabad,Telangana,ST004,Net Banking
S000001577,2026-06-02,C08671,P0007,Milk,Grocery,2,495,5,940.5,Delhi,Delhi,ST001,Debit Card
S000001578,2026-06-02,C27939,P0001,iPhone 16,Electronics,1,16678,15,14176.3,Lucknow,Uttar Pradesh,ST010,Credit Card
S000001579,2026-06-02,C26693,P0009,Office Chair,Home,2,6007,15,10211.9,Chennai,Tamil Nadu,ST005,Credit Card
S000001580,2026-06-02,C31405,P0001,iPhone 16,Electronics,1,49883,0,49883.0,Jaipur,Rajasthan,ST009,Cash
S000001581,2026-06-02,C17646,P0006,Rice Bag,Grocery,4,146,10,525.6,Chennai,Tamil Nadu,ST005,Debit Card
S000001582,2026-06-02,C03117,P0003,Laptop,Electronics,1,52157,5,49549.15,Delhi,Delhi,ST001,UPI
S000001583,2026-06-02,C18699,P0008,Dining Table,Home,1,7559,5,7181.05,Chennai,Tamil Nadu,ST005,Net Banking
S000001584,2026-06-02,C16533,P0008,Dining Table,Home,3,2327,0,6981.0,Pune,Maharashtra,ST006,Debit Card
S000001585,2026-06-02,C43841,P0001,iPhone 16,Electronics,3,57260,10,154602.0,Jaipur,Rajasthan,ST009,Credit Card
S000001586,2026-06-02,C48689,P0010,Cricket Bat,Sports,3,4203,10,11348.1,Jaipur,Rajasthan,ST009,Net Banking
S000001587,2026-06-02,C13765,P0010,Cricket Bat,Sports,1,2437,20,1949.6,Kolkata,West Bengal,ST007,UPI
S000001588,2026-06-02,C07888,P0001,iPhone 16,Electronics,2,68427,0,136854.0,Lucknow,Uttar Pradesh,ST010,Credit Card
S000001589,2026-06-02,C04908,P0009,Office Chair,Home,3,8269,5,23566.65,Lucknow,Uttar Pradesh,ST010,Debit Card
S000001590,2026-06-02,C34968,P0003,Laptop,Electronics,2,64815,20,103704.0,Delhi,Delhi,ST001,Credit Card
S000001591,2026-06-02,C46636,P0005,Women's Jeans,Fashion,3,4173,0,12519.0,Jaipur,Rajasthan,ST009,Debit Card
S000001592,2026-06-02,C28582,P0002,Samsung TV,Electronics,5,76043,0,380215.0,Ahmedabad,Gujarat,ST008,Cash
S000001593,2026-06-02,C10941,P0010,Cricket Bat,Sports,3,1044,20,2505.6,Chennai,Tamil Nadu,ST005,Credit Card
S000001594,2026-06-02,C03985,P0004,Men T-Shirt,Fashion,5,4706,0,23530.0,Kolkata,West Bengal,ST007,Cash
S000001595,2026-06-02,C10848,P0008,Dining Table,Home,5,6893,15,29295.25,Jaipur,Rajasthan,ST009,Cash
S000001596,2026-06-02,C39795,P0005,Women's Jeans,Fashion,1,1810,20,1448.0,Hyderabad,Telangana,ST004,Credit Card
S000001597,2026-06-02,C14275,P0010,Cricket Bat,Sports,4,8554,20,27372.8,Delhi,Delhi,ST001,Net Banking
S000001598,2026-06-02,C16963,P0005,Women's Jeans,Fashion,3,1475,5,4203.75,Hyderabad,Telangana,ST004,Debit Card
S000001599,2026-06-02,C14676,P0001,iPhone 16,Electronics,3,15123,5,43100.55,Jaipur,Rajasthan,ST009,Credit Card
S000001600,2026-06-02,C18204,P0003,Laptop,Electronics,2,37521,20,60033.6,Chennai,Tamil Nadu,ST005,UPI
S000001601,2026-06-02,C07615,P0001,iPhone 16,Electronics,3,52540,0,157620.0,Pune,Maharashtra,ST006,Net Banking
S000001602,2026-06-02,C46234,P0009,Office Chair,Home,4,5331,10,19191.6,Chennai,Tamil Nadu,ST005,Credit Card
S000001603,2026-06-02,C03753,P0001,iPhone 16,Electronics,3,33165,10,89545.5,Pune,Maharashtra,ST006,Credit Card
S000001604,2026-06-02,C01025,P0009,Office Chair,Home,4,4716,20,15091.2,Lucknow,Uttar Pradesh,ST010,UPI
S000001605,2026-06-02,C36103,P0004,Men T-Shirt,Fashion,3,2701,5,7697.85,Ahmedabad,Gujarat,ST008,Credit Card
S000001606,2026-06-02,C38120,P0007,Milk,Grocery,2,393,15,668.1,Bengaluru,Karnataka,ST003,Cash
S000001607,2026-06-02,C24160,P0003,Laptop,Electronics,4,33791,15,114889.4,Ahmedabad,Gujarat,ST008,UPI
S000001608,2026-06-02,C12126,P0003,Laptop,Electronics,4,33646,10,121125.6,Hyderabad,Telangana,ST004,Net Banking
S000001609,2026-06-02,C01380,P0005,Women's Jeans,Fashion,4,2038,0,8152.0,Bengaluru,Karnataka,ST003,Credit Card
S000001610,2026-06-02,C09406,P0002,Samsung TV,Electronics,4,62757,0,251028.0,Kolkata,West Bengal,ST007,Credit Card
S000001611,2026-06-02,C47469,P0009,Office Chair,Home,5,2133,15,9065.25,Bengaluru,Karnataka,ST003,UPI
S000001612,2026-06-02,C25166,P0001,iPhone 16,Electronics,1,27324,5,25957.8,Mumbai,Maharashtra,ST002,UPI
S000001613,2026-06-02,C05479,P0005,Women's Jeans,Fashion,1,576,0,576.0,Bengaluru,Karnataka,ST003,Net Banking
S000001614,2026-06-02,C35545,P0006,Rice Bag,Grocery,2,265,20,424.0,Mumbai,Maharashtra,ST002,Credit Card
S000001615,2026-06-02,C29120,P0003,Laptop,Electronics,4,30252,5,114957.6,Chennai,Tamil Nadu,ST005,Debit Card
S000001616,2026-06-02,C03662,P0009,Office Chair,Home,1,847,0,847.0,Chennai,Tamil Nadu,ST005,Net Banking
S000001617,2026-06-02,C06739,P0009,Office Chair,Home,5,7304,5,34694.0,Chennai,Tamil Nadu,ST005,UPI
S000001618,2026-06-02,C00080,P0004,Men T-Shirt,Fashion,4,3657,5,13896.6,Delhi,Delhi,ST001,Credit Card
S000001619,2026-06-02,C23155,P0005,Women's Jeans,Fashion,1,4528,5,4301.6,Hyderabad,Telangana,ST004,Cash
S000001620,2026-06-02,C07218,P0004,Men T-Shirt,Fashion,3,1124,20,2697.6,Mumbai,Maharashtra,ST002,Debit Card
S000001621,2026-06-02,C21871,P0002,Samsung TV,Electronics,1,89233,5,84771.35,Pune,Maharashtra,ST006,UPI
S000001622,2026-06-02,C11670,P0007,Milk,Grocery,5,112,15,476.0,Jaipur,Rajasthan,ST009,Debit Card
S000001623,2026-06-02,C09845,P0005,Women's Jeans,Fashion,3,1351,10,3647.7,Lucknow,Uttar Pradesh,ST010,Debit Card
S000001624,2026-06-02,C32719,P0006,Rice Bag,Grocery,1,461,5,437.95,Chennai,Tamil Nadu,ST005,UPI
S000001625,2026-06-02,C42983,P0003,Laptop,Electronics,4,68549,15,233066.6,Pune,Maharashtra,ST006,Credit Card
S000001626,2026-06-02,C04412,P0002,Samsung TV,Electronics,3,28961,0,86883.0,Lucknow,Uttar Pradesh,ST010,Cash
S000001627,2026-06-02,C21172,P0003,Laptop,Electronics,3,51853,15,132225.15,Bengaluru,Karnataka,ST003,Cash
S000001628,2026-06-02,C27777,P0008,Dining Table,Home,3,2764,5,7877.4,Kolkata,West Bengal,ST007,Net Banking
S000001629,2026-06-02,C25113,P0007,Milk,Grocery,5,293,15,1245.25,Jaipur,Rajasthan,ST009,Cash
S000001630,2026-06-02,C34897,P0009,Office Chair,Home,1,7411,20,5928.8,Hyderabad,Telangana,ST004,Cash
S000001631,2026-06-02,C37872,P0004,Men T-Shirt,Fashion,3,523,5,1490.55,Mumbai,Maharashtra,ST002,Credit Card
S000001632,2026-06-02,C01125,P0006,Rice Bag,Grocery,2,491,0,982.0,Jaipur,Rajasthan,ST009,Cash
S000001633,2026-06-02,C03905,P0006,Rice Bag,Grocery,3,255,5,726.75,Pune,Maharashtra,ST006,Credit Card
S000001634,2026-06-02,C36144,P0007,Milk,Grocery,2,48,5,91.2,Hyderabad,Telangana,ST004,Credit Card
S000001635,2026-06-02,C07684,P0003,Laptop,Electronics,4,58717,0,234868.0,Kolkata,West Bengal,ST007,UPI
S000001636,2026-06-02,C45968,P0002,Samsung TV,Electronics,4,87847,5,333818.6,Lucknow,Uttar Pradesh,ST010,UPI
S000001637,2026-06-02,C01979,P0003,Laptop,Electronics,1,42118,0,42118.0,Pune,Maharashtra,ST006,Credit Card
S000001638,2026-06-02,C00818,P0010,Cricket Bat,Sports,2,7996,5,15192.4,Kolkata,West Bengal,ST007,Credit Card
S000001639,2026-06-02,C49028,P0009,Office Chair,Home,4,6026,15,20488.4,Chennai,Tamil Nadu,ST005,Cash
S000001640,2026-06-02,C42261,P0001,iPhone 16,Electronics,2,17864,0,35728.0,Chennai,Tamil Nadu,ST005,UPI
S000001641,2026-06-02,C39596,P0003,Laptop,Electronics,1,61955,15,52661.75,Jaipur,Rajasthan,ST009,Credit Card
S000001642,2026-06-02,C44559,P0008,Dining Table,Home,5,8722,10,39249.0,Jaipur,Rajasthan,ST009,Debit Card
S000001643,2026-06-02,C46489,P0004,Men T-Shirt,Fashion,3,1253,20,3007.2,Kolkata,West Bengal,ST007,Credit Card
S000001644,2026-06-02,C24744,P0003,Laptop,Electronics,5,17339,5,82360.25,Hyderabad,Telangana,ST004,Cash
S000001645,2026-06-02,C25710,P0003,Laptop,Electronics,1,71398,15,60688.3,Jaipur,Rajasthan,ST009,Net Banking
S000001646,2026-06-02,C20526,P0007,Milk,Grocery,1,431,10,387.9,Kolkata,West Bengal,ST007,Credit Card
S000001647,2026-06-02,C42379,P0007,Milk,Grocery,1,73,0,73.0,Hyderabad,Telangana,ST004,Debit Card
S000001648,2026-06-02,C23771,P0010,Cricket Bat,Sports,2,4923,5,9353.7,Pune,Maharashtra,ST006,UPI
S000001649,2026-06-02,C35493,P0002,Samsung TV,Electronics,5,11438,10,51471.0,Mumbai,Maharashtra,ST002,Credit Card
S000001650,2026-06-02,C12304,P0009,Office Chair,Home,2,4910,0,9820.0,Hyderabad,Telangana,ST004,UPI
S000001651,2026-06-02,C37364,P0010,Cricket Bat,Sports,4,1048,0,4192.0,Delhi,Delhi,ST001,Net Banking
S000001652,2026-06-02,C20617,P0002,Samsung TV,Electronics,3,47015,15,119888.25,Chennai,Tamil Nadu,ST005,UPI
S000001653,2026-06-02,C32783,P0004,Men T-Shirt,Fashion,3,1561,0,4683.0,Pune,Maharashtra,ST006,Cash
S000001654,2026-06-02,C21714,P0007,Milk,Grocery,5,433,5,2056.75,Jaipur,Rajasthan,ST009,UPI
S000001655,2026-06-02,C01553,P0010,Cricket Bat,Sports,5,14534,0,72670.0,Kolkata,West Bengal,ST007,Cash
S000001656,2026-06-02,C19014,P0003,Laptop,Electronics,1,22227,5,21115.65,Bengaluru,Karnataka,ST003,Cash
S000001657,2026-06-02,C14133,P0003,Laptop,Electronics,5,89788,20,359152.0,Bengaluru,Karnataka,ST003,Net Banking
S000001658,2026-06-02,C22375,P0008,Dining Table,Home,3,6403,20,15367.2,Bengaluru,Karnataka,ST003,Debit Card
S000001659,2026-06-02,C28240,P0001,iPhone 16,Electronics,2,89544,0,179088.0,Kolkata,West Bengal,ST007,Credit Card
S000001660,2026-06-02,C09988,P0010,Cricket Bat,Sports,1,2636,10,2372.4,Ahmedabad,Gujarat,ST008,UPI
S000001661,2026-06-02,C35858,P0002,Samsung TV,Electronics,4,51119,5,194252.2,Ahmedabad,Gujarat,ST008,UPI
S000001662,2026-06-02,C19373,P0003,Laptop,Electronics,5,57622,10,259299.0,Mumbai,Maharashtra,ST002,Debit Card
S000001663,2026-06-02,C05848,P0002,Samsung TV,Electronics,3,72031,10,194483.7,Bengaluru,Karnataka,ST003,Cash
S000001664,2026-06-02,C28970,P0003,Laptop,Electronics,4,15189,10,54680.4,Mumbai,Maharashtra,ST002,Net Banking
S000001665,2026-06-02,C18785,P0007,Milk,Grocery,2,245,10,441.0,Kolkata,West Bengal,ST007,Net Banking
S000001666,2026-06-02,C33586,P0010,Cricket Bat,Sports,1,11477,15,9755.45,Pune,Maharashtra,ST006,Debit Card
S000001667,2026-06-02,C33158,P0008,Dining Table,Home,5,1434,5,6811.5,Chennai,Tamil Nadu,ST005,UPI
S000001668,2026-06-02,C45859,P0009,Office Chair,Home,1,5262,15,4472.7,Delhi,Delhi,ST001,Credit Card
S000001669,2026-06-02,C10369,P0010,Cricket Bat,Sports,2,6660,15,11322.0,Kolkata,West Bengal,ST007,UPI
S000001670,2026-06-02,C43854,P0002,Samsung TV,Electronics,4,80138,15,272469.2,Pune,Maharashtra,ST006,Cash
S000001671,2026-06-02,C07152,P0002,Samsung TV,Electronics,4,66769,5,253722.2,Bengaluru,Karnataka,ST003,UPI
S000001672,2026-06-02,C26315,P0006,Rice Bag,Grocery,3,329,15,838.95,Mumbai,Maharashtra,ST002,Debit Card
S000001673,2026-06-02,C13936,P0008,Dining Table,Home,4,1127,20,3606.4,Mumbai,Maharashtra,ST002,Debit Card
S000001674,2026-06-02,C10207,P0008,Dining Table,Home,3,9809,0,29427.0,Bengaluru,Karnataka,ST003,Credit Card
S000001675,2026-06-02,C39393,P0007,Milk,Grocery,4,262,5,995.6,Delhi,Delhi,ST001,Debit Card
S000001676,2026-06-02,C03545,P0004,Men T-Shirt,Fashion,3,2564,5,7307.4,Delhi,Delhi,ST001,Cash
S000001677,2026-06-02,C05479,P0003,Laptop,Electronics,4,20709,10,74552.4,Mumbai,Maharashtra,ST002,Debit Card
S000001678,2026-06-02,C46676,P0008,Dining Table,Home,2,4750,5,9025.0,Kolkata,West Bengal,ST007,Net Banking
S000001679,2026-06-02,C03523,P0002,Samsung TV,Electronics,3,31565,5,89960.25,Kolkata,West Bengal,ST007,Debit Card
S000001680,2026-06-02,C22891,P0007,Milk,Grocery,5,372,5,1767.0,Ahmedabad,Gujarat,ST008,Cash
S000001681,2026-06-02,C45659,P0007,Milk,Grocery,4,441,0,1764.0,Pune,Maharashtra,ST006,Net Banking
S000001682,2026-06-02,C36760,P0010,Cricket Bat,Sports,5,10400,5,49400.0,Hyderabad,Telangana,ST004,UPI
S000001683,2026-06-02,C21217,P0006,Rice Bag,Grocery,4,498,5,1892.4,Delhi,Delhi,ST001,Credit Card
S000001684,2026-06-02,C32732,P0006,Rice Bag,Grocery,3,286,0,858.0,Mumbai,Maharashtra,ST002,Cash
S000001685,2026-06-02,C29528,P0003,Laptop,Electronics,1,14782,5,14042.9,Ahmedabad,Gujarat,ST008,Net Banking
S000001686,2026-06-02,C48871,P0004,Men T-Shirt,Fashion,2,3592,5,6824.8,Kolkata,West Bengal,ST007,Net Banking
S000001687,2026-06-02,C22813,P0004,Men T-Shirt,Fashion,1,3533,10,3179.7,Hyderabad,Telangana,ST004,Net Banking
S000001688,2026-06-02,C01062,P0005,Women's Jeans,Fashion,1,4588,15,3899.8,Chennai,Tamil Nadu,ST005,Net Banking
S000001689,2026-06-02,C27136,P0007,Milk,Grocery,5,238,20,952.0,Pune,Maharashtra,ST006,Debit Card
S000001690,2026-06-02,C22009,P0002,Samsung TV,Electronics,4,58905,5,223839.0,Bengaluru,Karnataka,ST003,Cash
S000001691,2026-06-02,C36226,P0010,Cricket Bat,Sports,4,6551,10,23583.6,Bengaluru,Karnataka,ST003,Net Banking
S000001692,2026-06-02,C43228,P0007,Milk,Grocery,1,64,0,64.0,Chennai,Tamil Nadu,ST005,Net Banking
S000001693,2026-06-02,C05875,P0001,iPhone 16,Electronics,1,75064,20,60051.2,Lucknow,Uttar Pradesh,ST010,Cash
S000001694,2026-06-02,C35700,P0002,Samsung TV,Electronics,5,14277,10,64246.5,Ahmedabad,Gujarat,ST008,Net Banking
S000001695,2026-06-02,C27568,P0004,Men T-Shirt,Fashion,5,3621,0,18105.0,Hyderabad,Telangana,ST004,Cash
S000001696,2026-06-02,C12817,P0008,Dining Table,Home,4,7265,15,24701.0,Mumbai,Maharashtra,ST002,Debit Card
S000001697,2026-06-02,C00499,P0006,Rice Bag,Grocery,3,157,10,423.9,Hyderabad,Telangana,ST004,Net Banking
S000001698,2026-06-02,C20146,P0007,Milk,Grocery,4,36,0,144.0,Hyderabad,Telangana,ST004,UPI
S000001699,2026-06-02,C01721,P0003,Laptop,Electronics,5,51611,10,232249.5,Pune,Maharashtra,ST006,Net Banking
S000001700,2026-06-02,C11169,P0010,Cricket Bat,Sports,5,6712,5,31882.0,Kolkata,West Bengal,ST007,Credit Card
S000001701,2026-06-02,C40388,P0007,Milk,Grocery,4,85,15,289.0,Delhi,Delhi,ST001,Net Banking
S000001702,2026-06-02,C47718,P0003,Laptop,Electronics,5,30767,15,130759.75,Kolkata,West Bengal,ST007,Debit Card
S000001703,2026-06-02,C15137,P0002,Samsung TV,Electronics,1,85619,15,72776.15,Bengaluru,Karnataka,ST003,Net Banking
S000001704,2026-06-02,C49950,P0005,Women's Jeans,Fashion,3,2169,0,6507.0,Jaipur,Rajasthan,ST009,Credit Card
S000001705,2026-06-02,C06113,P0001,iPhone 16,Electronics,5,30060,0,150300.0,Kolkata,West Bengal,ST007,UPI
S000001706,2026-06-02,C40508,P0009,Office Chair,Home,4,914,5,3473.2,Mumbai,Maharashtra,ST002,Net Banking
S000001707,2026-06-02,C29735,P0006,Rice Bag,Grocery,2,172,5,326.8,Bengaluru,Karnataka,ST003,Credit Card
S000001708,2026-06-02,C35090,P0004,Men T-Shirt,Fashion,1,2752,0,2752.0,Kolkata,West Bengal,ST007,Debit Card
S000001709,2026-06-02,C09423,P0001,iPhone 16,Electronics,1,70178,20,56142.4,Lucknow,Uttar Pradesh,ST010,UPI
S000001710,2026-06-02,C08041,P0002,Samsung TV,Electronics,3,33675,0,101025.0,Bengaluru,Karnataka,ST003,Debit Card
S000001711,2026-06-02,C05072,P0008,Dining Table,Home,4,2149,15,7306.6,Pune,Maharashtra,ST006,Credit Card
S000001712,2026-06-02,C01439,P0007,Milk,Grocery,1,127,15,107.95,Mumbai,Maharashtra,ST002,Cash
S000001713,2026-06-02,C24593,P0006,Rice Bag,Grocery,2,172,0,344.0,Ahmedabad,Gujarat,ST008,Credit Card
S000001714,2026-06-02,C11710,P0010,Cricket Bat,Sports,1,5916,10,5324.4,Lucknow,Uttar Pradesh,ST010,UPI
S000001715,2026-06-02,C31714,P0010,Cricket Bat,Sports,1,2895,20,2316.0,Lucknow,Uttar Pradesh,ST010,Net Banking
S000001716,2026-06-02,C48608,P0005,Women's Jeans,Fashion,5,742,20,2968.0,Mumbai,Maharashtra,ST002,Credit Card
S000001717,2026-06-02,C01510,P0009,Office Chair,Home,2,6478,0,12956.0,Jaipur,Rajasthan,ST009,Credit Card
S000001718,2026-06-02,C14219,P0001,iPhone 16,Electronics,2,20937,5,39780.3,Pune,Maharashtra,ST006,Credit Card
S000001719,2026-06-02,C17537,P0005,Women's Jeans,Fashion,1,3355,20,2684.0,Ahmedabad,Gujarat,ST008,Credit Card
S000001720,2026-06-02,C42725,P0005,Women's Jeans,Fashion,4,4699,15,15976.6,Ahmedabad,Gujarat,ST008,Cash
S000001721,2026-06-02,C12653,P0005,Women's Jeans,Fashion,3,3718,0,11154.0,Bengaluru,Karnataka,ST003,Credit Card
S000001722,2026-06-02,C38250,P0010,Cricket Bat,Sports,2,12130,15,20621.0,Chennai,Tamil Nadu,ST005,Credit Card
S000001723,2026-06-02,C28408,P0008,Dining Table,Home,3,5722,20,13732.8,Kolkata,West Bengal,ST007,Net Banking
S000001724,2026-06-02,C07049,P0010,Cricket Bat,Sports,2,9592,10,17265.6,Kolkata,West Bengal,ST007,Cash
S000001725,2026-06-02,C24508,P0002,Samsung TV,Electronics,1,77024,10,69321.6,Ahmedabad,Gujarat,ST008,Credit Card
S000001726,2026-06-02,C38462,P0007,Milk,Grocery,5,200,15,850.0,Chennai,Tamil Nadu,ST005,Net Banking
S000001727,2026-06-02,C01963,P0002,Samsung TV,Electronics,4,34368,10,123724.8,Bengaluru,Karnataka,ST003,Debit Card
S000001728,2026-06-02,C16078,P0002,Samsung TV,Electronics,3,29010,10,78327.0,Hyderabad,Telangana,ST004,Debit Card
S000001729,2026-06-02,C08016,P0001,iPhone 16,Electronics,3,38019,15,96948.45,Pune,Maharashtra,ST006,UPI
S000001730,2026-06-02,C37190,P0006,Rice Bag,Grocery,1,217,10,195.3,Hyderabad,Telangana,ST004,Net Banking
S000001731,2026-06-02,C39440,P0004,Men T-Shirt,Fashion,1,2777,20,2221.6,Jaipur,Rajasthan,ST009,Credit Card
S000001732,2026-06-02,C43998,P0002,Samsung TV,Electronics,4,51652,10,185947.2,Lucknow,Uttar Pradesh,ST010,Cash
S000001733,2026-06-02,C12986,P0004,Men T-Shirt,Fashion,4,883,10,3178.8,Delhi,Delhi,ST001,Cash
S000001734,2026-06-02,C27607,P0002,Samsung TV,Electronics,2,88830,10,159894.0,Mumbai,Maharashtra,ST002,Cash
S000001735,2026-06-02,C38743,P0007,Milk,Grocery,1,165,0,165.0,Hyderabad,Telangana,ST004,Net Banking
S000001736,2026-06-02,C42184,P0010,Cricket Bat,Sports,3,2447,15,6239.85,Delhi,Delhi,ST001,Cash
S000001737,2026-06-02,C02426,P0009,Office Chair,Home,3,766,0,2298.0,Jaipur,Rajasthan,ST009,UPI
S000001738,2026-06-02,C30795,P0002,Samsung TV,Electronics,3,51574,10,139249.8,Kolkata,West Bengal,ST007,Debit Card
S000001739,2026-06-02,C26237,P0002,Samsung TV,Electronics,4,16169,15,54974.6,Jaipur,Rajasthan,ST009,Debit Card
S000001740,2026-06-02,C19559,P0008,Dining Table,Home,3,2183,0,6549.0,Ahmedabad,Gujarat,ST008,UPI
S000001741,2026-06-02,C14682,P0001,iPhone 16,Electronics,1,52317,15,44469.45,Delhi,Delhi,ST001,Credit Card
S000001742,2026-06-02,C14834,P0003,Laptop,Electronics,3,80458,0,241374.0,Mumbai,Maharashtra,ST002,Credit Card
S000001743,2026-06-02,C45105,P0001,iPhone 16,Electronics,1,16291,10,14661.9,Chennai,Tamil Nadu,ST005,UPI
S000001744,2026-06-02,C04918,P0005,Women's Jeans,Fashion,4,2711,5,10301.8,Pune,Maharashtra,ST006,Net Banking
S000001745,2026-06-02,C09029,P0010,Cricket Bat,Sports,2,5531,5,10508.9,Ahmedabad,Gujarat,ST008,UPI
S000001746,2026-06-02,C49351,P0010,Cricket Bat,Sports,1,8848,20,7078.4,Kolkata,West Bengal,ST007,Cash
S000001747,2026-06-02,C15763,P0010,Cricket Bat,Sports,3,5574,15,14213.7,Ahmedabad,Gujarat,ST008,Cash
S000001748,2026-06-02,C14801,P0002,Samsung TV,Electronics,1,56269,20,45015.2,Chennai,Tamil Nadu,ST005,Debit Card
S000001749,2026-06-02,C15885,P0004,Men T-Shirt,Fashion,4,993,5,3773.4,Mumbai,Maharashtra,ST002,UPI
S000001750,2026-06-02,C00861,P0004,Men T-Shirt,Fashion,2,4494,0,8988.0,Ahmedabad,Gujarat,ST008,Cash
S000001751,2026-06-02,C22312,P0004,Men T-Shirt,Fashion,5,3067,10,13801.5,Lucknow,Uttar Pradesh,ST010,Net Banking
S000001752,2026-06-02,C46434,P0008,Dining Table,Home,1,2630,5,2498.5,Bengaluru,Karnataka,ST003,Net Banking
S000001753,2026-06-02,C23832,P0007,Milk,Grocery,5,123,15,522.75,Ahmedabad,Gujarat,ST008,Net Banking
S000001754,2026-06-02,C12318,P0002,Samsung TV,Electronics,2,50258,20,80412.8,Chennai,Tamil Nadu,ST005,Cash
S000001755,2026-06-02,C42493,P0002,Samsung TV,Electronics,1,24444,5,23221.8,Bengaluru,Karnataka,ST003,Cash
S000001756,2026-06-02,C01088,P0008,Dining Table,Home,1,8302,20,6641.6,Bengaluru,Karnataka,ST003,Debit Card
S000001757,2026-06-02,C29665,P0006,Rice Bag,Grocery,5,63,10,283.5,Chennai,Tamil Nadu,ST005,UPI
S000001758,2026-06-02,C28278,P0004,Men T-Shirt,Fashion,5,4029,20,16116.0,Bengaluru,Karnataka,ST003,Cash
S000001759,2026-06-02,C21872,P0001,iPhone 16,Electronics,3,22820,0,68460.0,Ahmedabad,Gujarat,ST008,Debit Card
S000001760,2026-06-02,C42509,P0007,Milk,Grocery,3,116,15,295.8,Kolkata,West Bengal,ST007,Credit Card
S000001761,2026-06-02,C11577,P0010,Cricket Bat,Sports,5,8387,20,33548.0,Chennai,Tamil Nadu,ST005,Net Banking
S000001762,2026-06-02,C28415,P0002,Samsung TV,Electronics,1,38780,0,38780.0,Delhi,Delhi,ST001,Credit Card
S000001763,2026-06-02,C03483,P0001,iPhone 16,Electronics,2,18630,20,29808.0,Lucknow,Uttar Pradesh,ST010,Debit Card
S000001764,2026-06-02,C06622,P0005,Women's Jeans,Fashion,4,3710,15,12614.0,Hyderabad,Telangana,ST004,Net Banking
S000001765,2026-06-02,C06640,P0004,Men T-Shirt,Fashion,2,1901,5,3611.9,Chennai,Tamil Nadu,ST005,Cash
S000001766,2026-06-02,C22783,P0005,Women's Jeans,Fashion,1,1272,5,1208.4,Lucknow,Uttar Pradesh,ST010,Debit Card
S000001767,2026-06-02,C32981,P0010,Cricket Bat,Sports,2,3089,10,5560.2,Ahmedabad,Gujarat,ST008,Debit Card
S000001768,2026-06-02,C44660,P0002,Samsung TV,Electronics,3,69666,5,198548.1,Bengaluru,Karnataka,ST003,Credit Card
S000001769,2026-06-02,C00835,P0008,Dining Table,Home,1,3408,10,3067.2,Kolkata,West Bengal,ST007,Debit Card
S000001770,2026-06-02,C05045,P0003,Laptop,Electronics,3,72105,20,173052.0,Delhi,Delhi,ST001,Net Banking
S000001771,2026-06-02,C00066,P0008,Dining Table,Home,1,1240,0,1240.0,Hyderabad,Telangana,ST004,Cash
S000001772,2026-06-02,C37177,P0005,Women's Jeans,Fashion,5,1870,5,8882.5,Hyderabad,Telangana,ST004,Net Banking
S000001773,2026-06-02,C06155,P0002,Samsung TV,Electronics,4,74312,10,267523.2,Chennai,Tamil Nadu,ST005,Debit Card
S000001774,2026-06-02,C35764,P0005,Women's Jeans,Fashion,3,4258,0,12774.0,Ahmedabad,Gujarat,ST008,Debit Card
S000001775,2026-06-02,C23110,P0005,Women's Jeans,Fashion,5,4467,0,22335.0,Pune,Maharashtra,ST006,Net Banking
S000001776,2026-06-02,C17691,P0009,Office Chair,Home,4,4108,5,15610.4,Delhi,Delhi,ST001,Credit Card
S000001777,2026-06-02,C23410,P0008,Dining Table,Home,5,7556,10,34002.0,Delhi,Delhi,ST001,Credit Card
S000001778,2026-06-02,C13521,P0002,Samsung TV,Electronics,1,45903,20,36722.4,Hyderabad,Telangana,ST004,Cash
S000001779,2026-06-02,C29444,P0009,Office Chair,Home,3,5926,15,15111.3,Bengaluru,Karnataka,ST003,Debit Card
S000001780,2026-06-02,C38611,P0007,Milk,Grocery,2,41,20,65.6,Chennai,Tamil Nadu,ST005,Debit Card
S000001781,2026-06-02,C34084,P0006,Rice Bag,Grocery,4,427,15,1451.8,Lucknow,Uttar Pradesh,ST010,UPI
S000001782,2026-06-02,C37137,P0006,Rice Bag,Grocery,1,275,5,261.25,Chennai,Tamil Nadu,ST005,UPI
S000001783,2026-06-02,C30561,P0003,Laptop,Electronics,5,83156,5,394991.0,Jaipur,Rajasthan,ST009,Debit Card
S000001784,2026-06-02,C19900,P0008,Dining Table,Home,3,755,15,1925.25,Chennai,Tamil Nadu,ST005,UPI
S000001785,2026-06-02,C02684,P0004,Men T-Shirt,Fashion,1,935,15,794.75,Chennai,Tamil Nadu,ST005,Net Banking
S000001786,2026-06-02,C20043,P0001,iPhone 16,Electronics,1,16540,10,14886.0,Kolkata,West Bengal,ST007,Debit Card
S000001787,2026-06-02,C09026,P0006,Rice Bag,Grocery,5,99,0,495.0,Chennai,Tamil Nadu,ST005,Net Banking
S000001788,2026-06-02,C46741,P0005,Women's Jeans,Fashion,4,1161,10,4179.6,Bengaluru,Karnataka,ST003,Credit Card
S000001789,2026-06-02,C14344,P0001,iPhone 16,Electronics,2,60625,15,103062.5,Ahmedabad,Gujarat,ST008,Debit Card
S000001790,2026-06-02,C26157,P0002,Samsung TV,Electronics,5,50728,5,240958.0,Chennai,Tamil Nadu,ST005,Debit Card
S000001791,2026-06-02,C36957,P0007,Milk,Grocery,2,369,5,701.1,Pune,Maharashtra,ST006,Net Banking
S000001792,2026-06-02,C16386,P0003,Laptop,Electronics,2,49460,10,89028.0,Kolkata,West Bengal,ST007,Net Banking
S000001793,2026-06-02,C05610,P0005,Women's Jeans,Fashion,5,2002,15,8508.5,Lucknow,Uttar Pradesh,ST010,Cash
S000001794,2026-06-02,C28633,P0002,Samsung TV,Electronics,4,51059,20,163388.8,Bengaluru,Karnataka,ST003,Net Banking
S000001795,2026-06-02,C44903,P0006,Rice Bag,Grocery,4,258,15,877.2,Ahmedabad,Gujarat,ST008,Debit Card
S000001796,2026-06-02,C26887,P0008,Dining Table,Home,1,7396,0,7396.0,Delhi,Delhi,ST001,Net Banking
S000001797,2026-06-02,C49536,P0003,Laptop,Electronics,2,86064,20,137702.4,Lucknow,Uttar Pradesh,ST010,Debit Card
S000001798,2026-06-02,C24453,P0003,Laptop,Electronics,5,48449,0,242245.0,Lucknow,Uttar Pradesh,ST010,Net Banking
S000001799,2026-06-02,C49502,P0007,Milk,Grocery,1,256,20,204.8,Bengaluru,Karnataka,ST003,Cash
S000001800,2026-06-02,C30162,P0001,iPhone 16,Electronics,3,24031,10,64883.7,Mumbai,Maharashtra,ST002,UPI
S000001801,2026-06-02,C38951,P0002,Samsung TV,Electronics,4,53425,0,213700.0,Chennai,Tamil Nadu,ST005,Net Banking
S000001802,2026-06-02,C07959,P0010,Cricket Bat,Sports,2,8758,5,16640.2,Jaipur,Rajasthan,ST009,UPI
S000001803,2026-06-02,C36835,P0008,Dining Table,Home,2,5429,10,9772.2,Bengaluru,Karnataka,ST003,Credit Card
S000001804,2026-06-02,C47130,P0001,iPhone 16,Electronics,2,25035,0,50070.0,Ahmedabad,Gujarat,ST008,Net Banking
S000001805,2026-06-02,C00003,P0003,Laptop,Electronics,5,22696,5,107806.0,Lucknow,Uttar Pradesh,ST010,UPI
S000001806,2026-06-02,C13389,P0002,Samsung TV,Electronics,5,68171,15,289726.75,Ahmedabad,Gujarat,ST008,UPI
S000001807,2026-06-02,C03648,P0002,Samsung TV,Electronics,4,34123,5,129667.4,Chennai,Tamil Nadu,ST005,Cash
S000001808,2026-06-02,C35830,P0005,Women's Jeans,Fashion,5,1509,15,6413.25,Lucknow,Uttar Pradesh,ST010,Cash
S000001809,2026-06-02,C09585,P0001,iPhone 16,Electronics,2,32383,20,51812.8,Bengaluru,Karnataka,ST003,Credit Card
S000001810,2026-06-02,C48606,P0009,Office Chair,Home,4,5251,10,18903.6,Hyderabad,Telangana,ST004,Cash
S000001811,2026-06-02,C43748,P0002,Samsung TV,Electronics,3,46068,15,117473.4,Lucknow,Uttar Pradesh,ST010,Cash
S000001812,2026-06-02,C25286,P0002,Samsung TV,Electronics,4,29420,0,117680.0,Ahmedabad,Gujarat,ST008,Cash
S000001813,2026-06-02,C18575,P0008,Dining Table,Home,4,680,20,2176.0,Mumbai,Maharashtra,ST002,Net Banking
S000001814,2026-06-02,C19842,P0001,iPhone 16,Electronics,1,56494,5,53669.3,Lucknow,Uttar Pradesh,ST010,Cash
S000001815,2026-06-02,C30665,P0008,Dining Table,Home,2,6361,20,10177.6,Chennai,Tamil Nadu,ST005,UPI
S000001816,2026-06-02,C32979,P0004,Men T-Shirt,Fashion,4,4702,0,18808.0,Pune,Maharashtra,ST006,Net Banking
S000001817,2026-06-02,C11436,P0003,Laptop,Electronics,3,70225,5,200141.25,Pune,Maharashtra,ST006,Net Banking
S000001818,2026-06-02,C18242,P0005,Women's Jeans,Fashion,4,3584,15,12185.6,Kolkata,West Bengal,ST007,UPI
S000001819,2026-06-02,C39705,P0003,Laptop,Electronics,5,43977,5,208890.75,Lucknow,Uttar Pradesh,ST010,Net Banking
S000001820,2026-06-02,C45729,P0006,Rice Bag,Grocery,3,319,20,765.6,Lucknow,Uttar Pradesh,ST010,Net Banking
S000001821,2026-06-02,C26462,P0002,Samsung TV,Electronics,2,40369,0,80738.0,Delhi,Delhi,ST001,UPI
S000001822,2026-06-02,C43599,P0002,Samsung TV,Electronics,3,40347,5,114988.95,Ahmedabad,Gujarat,ST008,Cash
S000001823,2026-06-02,C06910,P0003,Laptop,Electronics,1,18116,20,14492.8,Kolkata,West Bengal,ST007,Cash
S000001824,2026-06-02,C16416,P0002,Samsung TV,Electronics,4,59063,20,189001.6,Delhi,Delhi,ST001,UPI
S000001825,2026-06-02,C41373,P0001,iPhone 16,Electronics,1,68918,15,58580.3,Bengaluru,Karnataka,ST003,Debit Card
S000001826,2026-06-02,C08731,P0010,Cricket Bat,Sports,2,4436,15,7541.2,Jaipur,Rajasthan,ST009,Credit Card
S000001827,2026-06-02,C28673,P0005,Women's Jeans,Fashion,2,4055,20,6488.0,Hyderabad,Telangana,ST004,Credit Card
S000001828,2026-06-02,C12603,P0002,Samsung TV,Electronics,1,36678,0,36678.0,Lucknow,Uttar Pradesh,ST010,UPI
S000001829,2026-06-02,C09212,P0001,iPhone 16,Electronics,5,81641,0,408205.0,Pune,Maharashtra,ST006,Cash
S000001830,2026-06-02,C22329,P0003,Laptop,Electronics,2,37194,20,59510.4,Jaipur,Rajasthan,ST009,Cash
S000001831,2026-06-02,C31047,P0009,Office Chair,Home,5,9653,5,45851.75,Pune,Maharashtra,ST006,Debit Card
S000001832,2026-06-02,C04402,P0008,Dining Table,Home,1,9824,0,9824.0,Kolkata,West Bengal,ST007,Cash
S000001833,2026-06-02,C08336,P0009,Office Chair,Home,1,8670,5,8236.5,Chennai,Tamil Nadu,ST005,UPI
S000001834,2026-06-02,C03374,P0010,Cricket Bat,Sports,1,3970,10,3573.0,Jaipur,Rajasthan,ST009,Debit Card
S000001835,2026-06-02,C16475,P0007,Milk,Grocery,2,167,0,334.0,Pune,Maharashtra,ST006,UPI
S000001836,2026-06-02,C35024,P0010,Cricket Bat,Sports,5,8492,10,38214.0,Hyderabad,Telangana,ST004,Net Banking
S000001837,2026-06-02,C26164,P0010,Cricket Bat,Sports,1,9848,15,8370.8,Delhi,Delhi,ST001,Net Banking
S000001838,2026-06-02,C17240,P0001,iPhone 16,Electronics,4,44194,5,167937.2,Delhi,Delhi,ST001,Debit Card
S000001839,2026-06-02,C21925,P0001,iPhone 16,Electronics,5,53202,0,266010.0,Bengaluru,Karnataka,ST003,Credit Card
S000001840,2026-06-02,C15442,P0008,Dining Table,Home,5,1079,10,4855.5,Mumbai,Maharashtra,ST002,Net Banking
S000001841,2026-06-02,C04638,P0007,Milk,Grocery,1,474,20,379.2,Lucknow,Uttar Pradesh,ST010,Net Banking
S000001842,2026-06-02,C31377,P0003,Laptop,Electronics,1,14666,15,12466.1,Chennai,Tamil Nadu,ST005,UPI
S000001843,2026-06-02,C33267,P0004,Men T-Shirt,Fashion,4,2985,5,11343.0,Pune,Maharashtra,ST006,Cash
S000001844,2026-06-02,C01406,P0001,iPhone 16,Electronics,5,89709,15,381263.25,Delhi,Delhi,ST001,Credit Card
S000001845,2026-06-02,C44692,P0001,iPhone 16,Electronics,1,60741,15,51629.85,Jaipur,Rajasthan,ST009,Cash
S000001846,2026-06-02,C45577,P0003,Laptop,Electronics,5,28057,0,140285.0,Kolkata,West Bengal,ST007,Cash
S000001847,2026-06-02,C28702,P0002,Samsung TV,Electronics,3,35381,10,95528.7,Lucknow,Uttar Pradesh,ST010,Debit Card
S000001848,2026-06-02,C28609,P0001,iPhone 16,Electronics,1,87151,0,87151.0,Hyderabad,Telangana,ST004,Credit Card
S000001849,2026-06-02,C14885,P0007,Milk,Grocery,1,430,0,430.0,Jaipur,Rajasthan,ST009,Net Banking
S000001850,2026-06-02,C47175,P0004,Men T-Shirt,Fashion,1,1538,15,1307.3,Delhi,Delhi,ST001,UPI
S000001851,2026-06-02,C11836,P0005,Women's Jeans,Fashion,3,2500,10,6750.0,Delhi,Delhi,ST001,Debit Card
S000001852,2026-06-02,C08502,P0010,Cricket Bat,Sports,1,11057,0,11057.0,Kolkata,West Bengal,ST007,Cash
S000001853,2026-06-02,C05006,P0005,Women's Jeans,Fashion,4,3424,5,13011.2,Jaipur,Rajasthan,ST009,Credit Card
S000001854,2026-06-02,C29068,P0005,Women's Jeans,Fashion,3,2500,20,6000.0,Pune,Maharashtra,ST006,Net Banking
S000001855,2026-06-02,C17534,P0006,Rice Bag,Grocery,1,47,10,42.3,Jaipur,Rajasthan,ST009,Net Banking
S000001856,2026-06-02,C26925,P0010,Cricket Bat,Sports,1,3635,5,3453.25,Ahmedabad,Gujarat,ST008,Debit Card
S000001857,2026-06-02,C34144,P0004,Men T-Shirt,Fashion,2,1505,10,2709.0,Chennai,Tamil Nadu,ST005,Net Banking
S000001858,2026-06-02,C47508,P0003,Laptop,Electronics,4,69475,0,277900.0,Delhi,Delhi,ST001,Credit Card
S000001859,2026-06-02,C01396,P0008,Dining Table,Home,3,6794,10,18343.8,Delhi,Delhi,ST001,Debit Card
S000001860,2026-06-02,C05538,P0001,iPhone 16,Electronics,4,74927,0,299708.0,Chennai,Tamil Nadu,ST005,Net Banking
S000001861,2026-06-02,C25074,P0007,Milk,Grocery,2,125,15,212.5,Ahmedabad,Gujarat,ST008,UPI
S000001862,2026-06-02,C12087,P0007,Milk,Grocery,3,36,20,86.4,Jaipur,Rajasthan,ST009,UPI
S000001863,2026-06-02,C22794,P0001,iPhone 16,Electronics,3,87458,5,249255.3,Lucknow,Uttar Pradesh,ST010,Debit Card
S000001864,2026-06-02,C49628,P0001,iPhone 16,Electronics,4,66039,0,264156.0,Pune,Maharashtra,ST006,Net Banking
S000001865,2026-06-02,C07158,P0009,Office Chair,Home,5,8094,15,34399.5,Kolkata,West Bengal,ST007,Debit Card
S000001866,2026-06-02,C37527,P0010,Cricket Bat,Sports,2,6547,15,11129.9,Jaipur,Rajasthan,ST009,Debit Card
S000001867,2026-06-02,C48866,P0004,Men T-Shirt,Fashion,3,2747,0,8241.0,Bengaluru,Karnataka,ST003,UPI
S000001868,2026-06-02,C16380,P0009,Office Chair,Home,5,6965,0,34825.0,Chennai,Tamil Nadu,ST005,Debit Card
S000001869,2026-06-02,C40341,P0005,Women's Jeans,Fashion,3,601,0,1803.0,Pune,Maharashtra,ST006,Debit Card
S000001870,2026-06-02,C20113,P0010,Cricket Bat,Sports,2,7571,15,12870.7,Pune,Maharashtra,ST006,Debit Card
S000001871,2026-06-02,C01132,P0008,Dining Table,Home,1,6377,15,5420.45,Delhi,Delhi,ST001,Cash
S000001872,2026-06-02,C41796,P0009,Office Chair,Home,1,9995,0,9995.0,Hyderabad,Telangana,ST004,Cash
S000001873,2026-06-02,C18118,P0010,Cricket Bat,Sports,1,7516,5,7140.2,Jaipur,Rajasthan,ST009,Debit Card
S000001874,2026-06-02,C16909,P0005,Women's Jeans,Fashion,2,2363,5,4489.7,Chennai,Tamil Nadu,ST005,Cash
S000001875,2026-06-02,C09628,P0010,Cricket Bat,Sports,1,11024,0,11024.0,Delhi,Delhi,ST001,Credit Card
S000001876,2026-06-02,C12076,P0009,Office Chair,Home,3,1187,20,2848.8,Ahmedabad,Gujarat,ST008,Net Banking
S000001877,2026-06-02,C47013,P0004,Men T-Shirt,Fashion,3,632,10,1706.4,Delhi,Delhi,ST001,Debit Card
S000001878,2026-06-02,C35419,P0001,iPhone 16,Electronics,3,24308,0,72924.0,Lucknow,Uttar Pradesh,ST010,Credit Card
S000001879,2026-06-02,C33223,P0008,Dining Table,Home,1,4382,5,4162.9,Mumbai,Maharashtra,ST002,Net Banking
S000001880,2026-06-02,C21351,P0010,Cricket Bat,Sports,1,10816,15,9193.6,Pune,Maharashtra,ST006,Cash
S000001881,2026-06-02,C18553,P0003,Laptop,Electronics,5,57223,10,257503.5,Delhi,Delhi,ST001,Debit Card
S000001882,2026-06-02,C26748,P0006,Rice Bag,Grocery,5,35,5,166.25,Ahmedabad,Gujarat,ST008,Debit Card
S000001883,2026-06-02,C24138,P0001,iPhone 16,Electronics,5,13346,0,66730.0,Chennai,Tamil Nadu,ST005,Credit Card
S000001884,2026-06-02,C39914,P0004,Men T-Shirt,Fashion,5,3318,5,15760.5,Pune,Maharashtra,ST006,Net Banking
S000001885,2026-06-02,C24828,P0010,Cricket Bat,Sports,4,12794,0,51176.0,Delhi,Delhi,ST001,Credit Card
S000001886,2026-06-02,C05067,P0004,Men T-Shirt,Fashion,5,4991,15,21211.75,Lucknow,Uttar Pradesh,ST010,Net Banking
S000001887,2026-06-02,C35322,P0002,Samsung TV,Electronics,5,71909,20,287636.0,Jaipur,Rajasthan,ST009,UPI
S000001888,2026-06-02,C34101,P0008,Dining Table,Home,2,9924,10,17863.2,Pune,Maharashtra,ST006,Debit Card
S000001889,2026-06-02,C15993,P0006,Rice Bag,Grocery,2,253,10,455.4,Hyderabad,Telangana,ST004,Debit Card
S000001890,2026-06-02,C49034,P0002,Samsung TV,Electronics,4,57432,0,229728.0,Hyderabad,Telangana,ST004,Cash
S000001891,2026-06-02,C23068,P0009,Office Chair,Home,3,8432,20,20236.8,Jaipur,Rajasthan,ST009,UPI
S000001892,2026-06-02,C15097,P0008,Dining Table,Home,5,2552,20,10208.0,Kolkata,West Bengal,ST007,Credit Card
S000001893,2026-06-02,C16053,P0007,Milk,Grocery,5,153,10,688.5,Lucknow,Uttar Pradesh,ST010,Credit Card
S000001894,2026-06-02,C22386,P0006,Rice Bag,Grocery,4,235,20,752.0,Mumbai,Maharashtra,ST002,UPI
S000001895,2026-06-02,C09726,P0010,Cricket Bat,Sports,2,14659,15,24920.3,Ahmedabad,Gujarat,ST008,Credit Card
S000001896,2026-06-02,C01017,P0003,Laptop,Electronics,3,82689,15,210856.95,Mumbai,Maharashtra,ST002,Cash
S000001897,2026-06-02,C48684,P0002,Samsung TV,Electronics,4,13136,5,49916.8,Bengaluru,Karnataka,ST003,UPI
S000001898,2026-06-02,C04786,P0003,Laptop,Electronics,4,65359,10,235292.4,Jaipur,Rajasthan,ST009,Net Banking
S000001899,2026-06-02,C08353,P0007,Milk,Grocery,3,80,10,216.0,Jaipur,Rajasthan,ST009,Credit Card
S000001900,2026-06-02,C22063,P0010,Cricket Bat,Sports,1,12132,0,12132.0,Lucknow,Uttar Pradesh,ST010,Net Banking
S000001901,2026-06-02,C04834,P0006,Rice Bag,Grocery,4,399,15,1356.6,Ahmedabad,Gujarat,ST008,Cash
S000001902,2026-06-02,C18959,P0008,Dining Table,Home,5,8845,0,44225.0,Bengaluru,Karnataka,ST003,Credit Card
S000001903,2026-06-02,C09979,P0001,iPhone 16,Electronics,3,69444,15,177082.2,Lucknow,Uttar Pradesh,ST010,Net Banking
S000001904,2026-06-02,C21001,P0008,Dining Table,Home,5,5076,0,25380.0,Bengaluru,Karnataka,ST003,Net Banking
S000001905,2026-06-02,C15222,P0005,Women's Jeans,Fashion,1,4740,20,3792.0,Ahmedabad,Gujarat,ST008,Debit Card
S000001906,2026-06-02,C38000,P0009,Office Chair,Home,3,6792,10,18338.4,Kolkata,West Bengal,ST007,Debit Card
S000001907,2026-06-02,C49631,P0003,Laptop,Electronics,2,66431,20,106289.6,Bengaluru,Karnataka,ST003,UPI
S000001908,2026-06-02,C18236,P0010,Cricket Bat,Sports,1,5990,10,5391.0,Lucknow,Uttar Pradesh,ST010,Debit Card
S000001909,2026-06-02,C10853,P0002,Samsung TV,Electronics,4,67529,5,256610.2,Chennai,Tamil Nadu,ST005,Debit Card
S000001910,2026-06-02,C11097,P0005,Women's Jeans,Fashion,1,2397,10,2157.3,Chennai,Tamil Nadu,ST005,Net Banking
S000001911,2026-06-02,C09241,P0002,Samsung TV,Electronics,5,32131,0,160655.0,Hyderabad,Telangana,ST004,Net Banking
S000001912,2026-06-02,C39217,P0001,iPhone 16,Electronics,2,10873,15,18484.1,Jaipur,Rajasthan,ST009,Net Banking
S000001913,2026-06-02,C01690,P0006,Rice Bag,Grocery,5,238,15,1011.5,Hyderabad,Telangana,ST004,Debit Card
S000001914,2026-06-02,C34138,P0003,Laptop,Electronics,1,25720,15,21862.0,Ahmedabad,Gujarat,ST008,Debit Card
S000001915,2026-06-02,C28329,P0008,Dining Table,Home,2,5062,0,10124.0,Chennai,Tamil Nadu,ST005,UPI
S000001916,2026-06-02,C23182,P0002,Samsung TV,Electronics,3,30542,20,73300.8,Hyderabad,Telangana,ST004,UPI
S000001917,2026-06-02,C21977,P0005,Women's Jeans,Fashion,1,3078,0,3078.0,Ahmedabad,Gujarat,ST008,Net Banking
S000001918,2026-06-02,C28402,P0002,Samsung TV,Electronics,2,83160,0,166320.0,Jaipur,Rajasthan,ST009,Debit Card
S000001919,2026-06-02,C41583,P0001,iPhone 16,Electronics,5,59310,5,281722.5,Hyderabad,Telangana,ST004,Credit Card
S000001920,2026-06-02,C44129,P0004,Men T-Shirt,Fashion,2,4469,5,8491.1,Chennai,Tamil Nadu,ST005,Cash
S000001921,2026-06-02,C48075,P0008,Dining Table,Home,2,1953,20,3124.8,Chennai,Tamil Nadu,ST005,Credit Card
S000001922,2026-06-02,C47402,P0004,Men T-Shirt,Fashion,1,4519,20,3615.2,Delhi,Delhi,ST001,Cash
S000001923,2026-06-02,C40057,P0004,Men T-Shirt,Fashion,4,2655,20,8496.0,Bengaluru,Karnataka,ST003,UPI
S000001924,2026-06-02,C24923,P0010,Cricket Bat,Sports,4,8991,5,34165.8,Hyderabad,Telangana,ST004,Debit Card
S000001925,2026-06-02,C19668,P0004,Men T-Shirt,Fashion,4,3712,20,11878.4,Chennai,Tamil Nadu,ST005,Cash
S000001926,2026-06-02,C23405,P0009,Office Chair,Home,1,4086,0,4086.0,Ahmedabad,Gujarat,ST008,Debit Card
S000001927,2026-06-02,C49478,P0005,Women's Jeans,Fashion,3,2526,15,6441.3,Kolkata,West Bengal,ST007,Cash
S000001928,2026-06-02,C07591,P0003,Laptop,Electronics,1,55557,15,47223.45,Ahmedabad,Gujarat,ST008,Debit Card
S000001929,2026-06-02,C46192,P0003,Laptop,Electronics,5,64002,5,304009.5,Ahmedabad,Gujarat,ST008,Cash
S000001930,2026-06-02,C01899,P0005,Women's Jeans,Fashion,2,3850,0,7700.0,Chennai,Tamil Nadu,ST005,Net Banking
S000001931,2026-06-02,C36849,P0006,Rice Bag,Grocery,4,220,15,748.0,Chennai,Tamil Nadu,ST005,Debit Card
S000001932,2026-06-02,C27866,P0007,Milk,Grocery,3,268,5,763.8,Chennai,Tamil Nadu,ST005,UPI
S000001933,2026-06-02,C22272,P0001,iPhone 16,Electronics,4,39007,20,124822.4,Chennai,Tamil Nadu,ST005,Cash
S000001934,2026-06-02,C10915,P0009,Office Chair,Home,5,5901,5,28029.75,Hyderabad,Telangana,ST004,UPI
S000001935,2026-06-02,C39647,P0009,Office Chair,Home,4,1978,10,7120.8,Delhi,Delhi,ST001,UPI
S000001936,2026-06-02,C23115,P0009,Office Chair,Home,5,3948,10,17766.0,Mumbai,Maharashtra,ST002,UPI
S000001937,2026-06-02,C35093,P0004,Men T-Shirt,Fashion,4,2378,10,8560.8,Bengaluru,Karnataka,ST003,Net Banking
S000001938,2026-06-02,C10578,P0006,Rice Bag,Grocery,2,303,5,575.7,Pune,Maharashtra,ST006,Cash
S000001939,2026-06-02,C00894,P0001,iPhone 16,Electronics,1,75732,15,64372.2,Delhi,Delhi,ST001,Net Banking
S000001940,2026-06-02,C31779,P0001,iPhone 16,Electronics,3,13177,5,37554.45,Bengaluru,Karnataka,ST003,Debit Card
S000001941,2026-06-02,C41390,P0004,Men T-Shirt,Fashion,1,3595,15,3055.75,Delhi,Delhi,ST001,Debit Card
S000001942,2026-06-02,C08598,P0005,Women's Jeans,Fashion,1,4632,15,3937.2,Mumbai,Maharashtra,ST002,UPI
S000001943,2026-06-02,C01321,P0001,iPhone 16,Electronics,2,22524,20,36038.4,Jaipur,Rajasthan,ST009,Net Banking
S000001944,2026-06-02,C25633,P0004,Men T-Shirt,Fashion,3,3982,20,9556.8,Lucknow,Uttar Pradesh,ST010,Debit Card
S000001945,2026-06-02,C48725,P0001,iPhone 16,Electronics,4,36563,0,146252.0,Chennai,Tamil Nadu,ST005,Debit Card
S000001946,2026-06-02,C17320,P0010,Cricket Bat,Sports,3,7337,0,22011.0,Ahmedabad,Gujarat,ST008,Cash
S000001947,2026-06-02,C14566,P0007,Milk,Grocery,4,165,20,528.0,Jaipur,Rajasthan,ST009,Debit Card
S000001948,2026-06-02,C33201,P0004,Men T-Shirt,Fashion,4,3724,10,13406.4,Kolkata,West Bengal,ST007,UPI
S000001949,2026-06-02,C49985,P0009,Office Chair,Home,2,9967,0,19934.0,Mumbai,Maharashtra,ST002,Cash
S000001950,2026-06-02,C26041,P0004,Men T-Shirt,Fashion,4,1392,10,5011.2,Ahmedabad,Gujarat,ST008,Debit Card
S000001951,2026-06-02,C21787,P0003,Laptop,Electronics,5,32184,5,152874.0,Mumbai,Maharashtra,ST002,UPI
S000001952,2026-06-02,C32101,P0010,Cricket Bat,Sports,2,6905,20,11048.0,Hyderabad,Telangana,ST004,UPI
S000001953,2026-06-02,C31033,P0009,Office Chair,Home,1,8584,10,7725.6,Lucknow,Uttar Pradesh,ST010,Credit Card
S000001954,2026-06-02,C26992,P0005,Women's Jeans,Fashion,1,3133,20,2506.4,Pune,Maharashtra,ST006,Credit Card
S000001955,2026-06-02,C39239,P0007,Milk,Grocery,2,406,20,649.6,Delhi,Delhi,ST001,Debit Card
S000001956,2026-06-02,C32030,P0009,Office Chair,Home,2,5772,15,9812.4,Ahmedabad,Gujarat,ST008,Debit Card
S000001957,2026-06-02,C46457,P0008,Dining Table,Home,1,2221,15,1887.85,Jaipur,Rajasthan,ST009,Net Banking
S000001958,2026-06-02,C45827,P0002,Samsung TV,Electronics,1,31245,20,24996.0,Kolkata,West Bengal,ST007,Credit Card
S000001959,2026-06-02,C49031,P0002,Samsung TV,Electronics,4,24898,0,99592.0,Bengaluru,Karnataka,ST003,Credit Card
S000001960,2026-06-02,C27800,P0008,Dining Table,Home,4,2791,20,8931.2,Bengaluru,Karnataka,ST003,Net Banking
S000001961,2026-06-02,C27404,P0007,Milk,Grocery,1,242,10,217.8,Delhi,Delhi,ST001,Debit Card
S000001962,2026-06-02,C47183,P0005,Women's Jeans,Fashion,5,3544,20,14176.0,Jaipur,Rajasthan,ST009,Debit Card
S000001963,2026-06-02,C42613,P0003,Laptop,Electronics,5,36799,20,147196.0,Bengaluru,Karnataka,ST003,Debit Card
S000001964,2026-06-02,C46824,P0006,Rice Bag,Grocery,3,261,15,665.55,Jaipur,Rajasthan,ST009,Net Banking
S000001965,2026-06-02,C13804,P0006,Rice Bag,Grocery,5,386,15,1640.5,Bengaluru,Karnataka,ST003,Credit Card
S000001966,2026-06-02,C00644,P0006,Rice Bag,Grocery,2,260,0,520.0,Kolkata,West Bengal,ST007,Credit Card
S000001967,2026-06-02,C00368,P0005,Women's Jeans,Fashion,1,4905,15,4169.25,Hyderabad,Telangana,ST004,Credit Card
S000001968,2026-06-02,C21695,P0002,Samsung TV,Electronics,4,87916,5,334080.8,Delhi,Delhi,ST001,Net Banking
S000001969,2026-06-02,C04376,P0006,Rice Bag,Grocery,3,341,0,1023.0,Jaipur,Rajasthan,ST009,Credit Card
S000001970,2026-06-02,C12625,P0005,Women's Jeans,Fashion,5,3004,10,13518.0,Chennai,Tamil Nadu,ST005,Cash
S000001971,2026-06-02,C40928,P0007,Milk,Grocery,5,348,5,1653.0,Chennai,Tamil Nadu,ST005,Net Banking
S000001972,2026-06-02,C05078,P0010,Cricket Bat,Sports,2,4887,5,9285.3,Bengaluru,Karnataka,ST003,UPI
S000001973,2026-06-02,C17232,P0010,Cricket Bat,Sports,5,9922,15,42168.5,Mumbai,Maharashtra,ST002,Credit Card
S000001974,2026-06-02,C21638,P0010,Cricket Bat,Sports,3,13526,20,32462.4,Lucknow,Uttar Pradesh,ST010,Net Banking
S000001975,2026-06-02,C43811,P0008,Dining Table,Home,1,4298,5,4083.1,Hyderabad,Telangana,ST004,Credit Card
S000001976,2026-06-02,C05986,P0010,Cricket Bat,Sports,2,8090,0,16180.0,Bengaluru,Karnataka,ST003,Credit Card
S000001977,2026-06-02,C21191,P0002,Samsung TV,Electronics,5,67630,15,287427.5,Delhi,Delhi,ST001,Credit Card
S000001978,2026-06-02,C43572,P0008,Dining Table,Home,5,2421,5,11499.75,Pune,Maharashtra,ST006,Debit Card
S000001979,2026-06-02,C36710,P0007,Milk,Grocery,4,201,10,723.6,Kolkata,West Bengal,ST007,Cash
S000001980,2026-06-02,C34209,P0006,Rice Bag,Grocery,5,451,5,2142.25,Jaipur,Rajasthan,ST009,UPI
S000001981,2026-06-02,C10887,P0005,Women's Jeans,Fashion,5,4117,15,17497.25,Bengaluru,Karnataka,ST003,Cash
S000001982,2026-06-02,C45555,P0005,Women's Jeans,Fashion,4,3352,5,12737.6,Mumbai,Maharashtra,ST002,Net Banking
S000001983,2026-06-02,C01658,P0006,Rice Bag,Grocery,4,129,20,412.8,Ahmedabad,Gujarat,ST008,Debit Card
S000001984,2026-06-02,C36687,P0004,Men T-Shirt,Fashion,2,587,5,1115.3,Kolkata,West Bengal,ST007,Debit Card
S000001985,2026-06-02,C28973,P0006,Rice Bag,Grocery,1,320,10,288.0,Jaipur,Rajasthan,ST009,Credit Card
S000001986,2026-06-02,C21526,P0002,Samsung TV,Electronics,5,11703,20,46812.0,Pune,Maharashtra,ST006,Debit Card
S000001987,2026-06-02,C17894,P0001,iPhone 16,Electronics,4,15756,10,56721.6,Chennai,Tamil Nadu,ST005,Cash
S000001988,2026-06-02,C17969,P0001,iPhone 16,Electronics,4,89632,15,304748.8,Lucknow,Uttar Pradesh,ST010,UPI
S000001989,2026-06-02,C32133,P0003,Laptop,Electronics,1,15006,10,13505.4,Ahmedabad,Gujarat,ST008,Net Banking
S000001990,2026-06-02,C01890,P0010,Cricket Bat,Sports,2,1656,15,2815.2,Bengaluru,Karnataka,ST003,Credit Card
S000001991,2026-06-02,C07827,P0001,iPhone 16,Electronics,3,22776,20,54662.4,Ahmedabad,Gujarat,ST008,UPI
S000001992,2026-06-02,C18185,P0004,Men T-Shirt,Fashion,3,3092,5,8812.2,Lucknow,Uttar Pradesh,ST010,UPI
S000001993,2026-06-02,C38460,P0006,Rice Bag,Grocery,4,233,0,932.0,Jaipur,Rajasthan,ST009,UPI
S000001994,2026-06-02,C04257,P0004,Men T-Shirt,Fashion,3,1187,5,3382.95,Jaipur,Rajasthan,ST009,Credit Card
S000001995,2026-06-02,C29059,P0001,iPhone 16,Electronics,2,76252,15,129628.4,Chennai,Tamil Nadu,ST005,Net Banking
S000001996,2026-06-02,C11336,P0001,iPhone 16,Electronics,5,55964,0,279820.0,Chennai,Tamil Nadu,ST005,Debit Card
S000001997,2026-06-02,C22378,P0008,Dining Table,Home,5,8085,0,40425.0,Lucknow,Uttar Pradesh,ST010,UPI
S000001998,2026-06-02,C07620,P0002,Samsung TV,Electronics,2,51615,20,82584.0,Bengaluru,Karnataka,ST003,UPI
S000001999,2026-06-02,C41067,P0001,iPhone 16,Electronics,2,59090,15,100453.0,Bengaluru,Karnataka,ST003,UPI
S000002000,2026-06-02,C05327,P0004,Men T-Shirt,Fashion,2,3043,0,6086.0,Chennai,Tamil Nadu,ST005,Credit Card
