sale_id,sale_date,customer_id,product_id,product_name,category,quantity,unit_price,discount_pct,total_amount,city,state,store_id,payment_mode
S000002001,2026-06-03,C24859,P0005,Women's Jeans,Fashion,2,3084,15,5242.8,Bengaluru,Karnataka,ST003,Debit Card
S000002002,2026-06-03,C14809,P0004,Men T-Shirt,Fashion,2,2916,10,5248.8,Chennai,Tamil Nadu,ST005,Credit Card
S000002003,2026-06-03,C45716,P0008,Dining Table,Home,4,6318,20,20217.6,Chennai,Tamil Nadu,ST005,UPI
S000002004,2026-06-03,C23830,P0006,Rice Bag,Grocery,2,38,20,60.8,Jaipur,Rajasthan,ST009,Cash
S000002005,2026-06-03,C25276,P0003,Laptop,Electronics,2,66866,10,120358.8,Jaipur,Rajasthan,ST009,Net Banking
S000002006,2026-06-03,C42337,P0005,Women's Jeans,Fashion,5,2703,0,13515.0,Hyderabad,Telangana,ST004,Debit Card
S000002007,2026-06-03,C33638,P0004,Men T-Shirt,Fashion,4,2636,0,10544.0,Chennai,Tamil Nadu,ST005,Credit Card
S000002008,2026-06-03,C07557,P0009,Office Chair,Home,2,8155,20,13048.0,Bengaluru,Karnataka,ST003,Cash
S000002009,2026-06-03,C21168,P0006,Rice Bag,Grocery,5,481,0,2405.0,Lucknow,Uttar Pradesh,ST010,Cash
S000002010,2026-06-03,C21127,P0002,Samsung TV,Electronics,2,65234,15,110897.8,Pune,Maharashtra,ST006,UPI
S000002011,2026-06-03,C21936,P0006,Rice Bag,Grocery,3,176,5,501.6,Mumbai,Maharashtra,ST002,Credit Card
S000002012,2026-06-03,C30595,P0009,Office Chair,Home,4,7978,20,25529.6,Bengaluru,Karnataka,ST003,UPI
S000002013,2026-06-03,C37747,P0007,Milk,Grocery,2,149,10,268.2,Kolkata,West Bengal,ST007,Cash
S000002014,2026-06-03,C39384,P0006,Rice Bag,Grocery,3,40,5,114.0,Ahmedabad,Gujarat,ST008,Cash
S000002015,2026-06-03,C33225,P0002,Samsung TV,Electronics,3,85692,15,218514.6,Kolkata,West Bengal,ST007,Cash
S000002016,2026-06-03,C38868,P0001,iPhone 16,Electronics,2,49397,20,79035.2,Bengaluru,Karnataka,ST003,Net Banking
S000002017,2026-06-03,C45720,P0009,Office Chair,Home,2,2628,10,4730.4,Hyderabad,Telangana,ST004,Net Banking
S000002018,2026-06-03,C03526,P0002,Samsung TV,Electronics,3,70124,15,178816.2,Chennai,Tamil Nadu,ST005,Credit Card
S000002019,2026-06-03,C10836,P0008,Dining Table,Home,2,3319,10,5974.2,Delhi,Delhi,ST001,Credit Card
S000002020,2026-06-03,C20155,P0002,Samsung TV,Electronics,2,67219,0,134438.0,Bengaluru,Karnataka,ST003,Credit Card
S000002021,2026-06-03,C47457,P0004,Men T-Shirt,Fashion,3,540,15,1377.0,Bengaluru,Karnataka,ST003,Net Banking
S000002022,2026-06-03,C10442,P0006,Rice Bag,Grocery,5,371,15,1576.75,Mumbai,Maharashtra,ST002,Cash
S000002023,2026-06-03,C45796,P0004,Men T-Shirt,Fashion,4,2488,0,9952.0,Ahmedabad,Gujarat,ST008,Cash
S000002024,2026-06-03,C25401,P0003,Laptop,Electronics,4,52875,10,190350.0,Pune,Maharashtra,ST006,Credit Card
S000002025,2026-06-03,C44221,P0007,Milk,Grocery,5,56,10,252.0,Lucknow,Uttar Pradesh,ST010,Cash
S000002026,2026-06-03,C32002,P0010,Cricket Bat,Sports,5,3218,5,15285.5,Delhi,Delhi,ST001,Credit Card
S000002027,2026-06-03,C24192,P0006,Rice Bag,Grocery,1,332,20,265.6,Pune,Maharashtra,ST006,Net Banking
S000002028,2026-06-03,C49263,P0007,Milk,Grocery,2,275,5,522.5,Mumbai,Maharashtra,ST002,Credit Card
S000002029,2026-06-03,C02900,P0004,Men T-Shirt,Fashion,1,3281,15,2788.85,Chennai,Tamil Nadu,ST005,Cash
S000002030,2026-06-03,C42864,P0003,Laptop,Electronics,3,50775,15,129476.25,Kolkata,West Bengal,ST007,Credit Card
S000002031,2026-06-03,C44255,P0008,Dining Table,Home,4,3441,5,13075.8,Delhi,Delhi,ST001,Debit Card
S000002032,2026-06-03,C26098,P0009,Office Chair,Home,1,6173,0,6173.0,Mumbai,Maharashtra,ST002,Cash
S000002033,2026-06-03,C42984,P0007,Milk,Grocery,3,85,20,204.0,Delhi,Delhi,ST001,Credit Card
S000002034,2026-06-03,C33225,P0007,Milk,Grocery,4,354,15,1203.6,Ahmedabad,Gujarat,ST008,UPI
S000002035,2026-06-03,C27687,P0001,iPhone 16,Electronics,3,25198,20,60475.2,Chennai,Tamil Nadu,ST005,Cash
S000002036,2026-06-03,C29509,P0009,Office Chair,Home,3,9265,10,25015.5,Pune,Maharashtra,ST006,Cash
S000002037,2026-06-03,C07319,P0003,Laptop,Electronics,4,20486,5,77846.8,Kolkata,West Bengal,ST007,Net Banking
S000002038,2026-06-03,C00456,P0006,Rice Bag,Grocery,2,283,20,452.8,Lucknow,Uttar Pradesh,ST010,Debit Card
S000002039,2026-06-03,C47686,P0008,Dining Table,Home,4,5115,0,20460.0,Kolkata,West Bengal,ST007,UPI
S000002040,2026-06-03,C07966,P0008,Dining Table,Home,1,6550,10,5895.0,Ahmedabad,Gujarat,ST008,Debit Card
S000002041,2026-06-03,C27899,P0006,Rice Bag,Grocery,5,156,5,741.0,Chennai,Tamil Nadu,ST005,UPI
S000002042,2026-06-03,C19218,P0006,Rice Bag,Grocery,4,186,10,669.6,Kolkata,West Bengal,ST007,UPI
S000002043,2026-06-03,C41680,P0001,iPhone 16,Electronics,3,14798,20,35515.2,Lucknow,Uttar Pradesh,ST010,UPI
S000002044,2026-06-03,C48411,P0007,Milk,Grocery,1,293,0,293.0,Hyderabad,Telangana,ST004,Credit Card
S000002045,2026-06-03,C08262,P0003,Laptop,Electronics,3,55270,15,140938.5,Ahmedabad,Gujarat,ST008,Cash
S000002046,2026-06-03,C45154,P0010,Cricket Bat,Sports,5,7810,0,39050.0,Hyderabad,Telangana,ST004,Net Banking
S000002047,2026-06-03,C05016,P0006,Rice Bag,Grocery,2,331,0,662.0,Pune,Maharashtra,ST006,UPI
S000002048,2026-06-03,C25030,P0009,Office Chair,Home,3,7422,15,18926.1,Mumbai,Maharashtra,ST002,Debit Card
S000002049,2026-06-03,C01467,P0003,Laptop,Electronics,4,25260,5,95988.0,Chennai,Tamil Nadu,ST005,UPI
S000002050,2026-06-03,C37415,P0005,Women's Jeans,Fashion,5,4916,5,23351.0,Chennai,Tamil Nadu,ST005,Net Banking
S000002051,2026-06-03,C45499,P0001,iPhone 16,Electronics,4,38207,15,129903.8,Pune,Maharashtra,ST006,Net Banking
S000002052,2026-06-03,C18009,P0003,Laptop,Electronics,1,89249,15,75861.65,Chennai,Tamil Nadu,ST005,Net Banking
S000002053,2026-06-03,C11880,P0005,Women's Jeans,Fashion,4,2196,0,8784.0,Chennai,Tamil Nadu,ST005,UPI
S000002054,2026-06-03,C27154,P0003,Laptop,Electronics,4,88522,10,318679.2,Chennai,Tamil Nadu,ST005,Debit Card
S000002055,2026-06-03,C06367,P0004,Men T-Shirt,Fashion,3,2310,0,6930.0,Hyderabad,Telangana,ST004,UPI
S000002056,2026-06-03,C40068,P0005,Women's Jeans,Fashion,5,3946,20,15784.0,Lucknow,Uttar Pradesh,ST010,Cash
S000002057,2026-06-03,C21546,P0009,Office Chair,Home,5,705,10,3172.5,Kolkata,West Bengal,ST007,Cash
S000002058,2026-06-03,C22322,P0006,Rice Bag,Grocery,2,256,15,435.2,Pune,Maharashtra,ST006,Cash
S000002059,2026-06-03,C13805,P0009,Office Chair,Home,3,7101,0,21303.0,Bengaluru,Karnataka,ST003,Cash
S000002060,2026-06-03,C43300,P0010,Cricket Bat,Sports,5,5957,0,29785.0,Mumbai,Maharashtra,ST002,Cash
S000002061,2026-06-03,C13603,P0009,Office Chair,Home,3,5666,15,14448.3,Pune,Maharashtra,ST006,Debit Card
S000002062,2026-06-03,C44205,P0008,Dining Table,Home,5,3231,20,12924.0,Delhi,Delhi,ST001,Credit Card
S000002063,2026-06-03,C23045,P0010,Cricket Bat,Sports,1,12610,10,11349.0,Kolkata,West Bengal,ST007,Cash
S000002064,2026-06-03,C36467,P0008,Dining Table,Home,5,2657,15,11292.25,Hyderabad,Telangana,ST004,Cash
S000002065,2026-06-03,C39789,P0002,Samsung TV,Electronics,2,37696,0,75392.0,Mumbai,Maharashtra,ST002,Cash
S000002066,2026-06-03,C37405,P0005,Women's Jeans,Fashion,4,3846,10,13845.6,Bengaluru,Karnataka,ST003,Credit Card
S000002067,2026-06-03,C49236,P0004,Men T-Shirt,Fashion,3,3116,10,8413.2,Kolkata,West Bengal,ST007,Net Banking
S000002068,2026-06-03,C41306,P0002,Samsung TV,Electronics,5,79796,15,339133.0,Pune,Maharashtra,ST006,Net Banking
S000002069,2026-06-03,C14753,P0007,Milk,Grocery,3,442,15,1127.1,Ahmedabad,Gujarat,ST008,Cash
S000002070,2026-06-03,C10288,P0003,Laptop,Electronics,1,79817,10,71835.3,Kolkata,West Bengal,ST007,Debit Card
S000002071,2026-06-03,C50000,P0008,Dining Table,Home,4,7350,15,24990.0,Bengaluru,Karnataka,ST003,UPI
S000002072,2026-06-03,C26890,P0004,Men T-Shirt,Fashion,2,1635,20,2616.0,Delhi,Delhi,ST001,Net Banking
S000002073,2026-06-03,C40628,P0009,Office Chair,Home,5,7197,0,35985.0,Mumbai,Maharashtra,ST002,Net Banking
S000002074,2026-06-03,C21301,P0010,Cricket Bat,Sports,5,10548,15,44829.0,Hyderabad,Telangana,ST004,Credit Card
S000002075,2026-06-03,C44851,P0002,Samsung TV,Electronics,5,61031,20,244124.0,Pune,Maharashtra,ST006,UPI
S000002076,2026-06-03,C33511,P0004,Men T-Shirt,Fashion,3,2460,5,7011.0,Bengaluru,Karnataka,ST003,Cash
S000002077,2026-06-03,C30945,P0004,Men T-Shirt,Fashion,3,1030,0,3090.0,Pune,Maharashtra,ST006,Credit Card
S000002078,2026-06-03,C13567,P0010,Cricket Bat,Sports,2,11501,20,18401.6,Ahmedabad,Gujarat,ST008,Cash
S000002079,2026-06-03,C29076,P0004,Men T-Shirt,Fashion,5,1410,20,5640.0,Bengaluru,Karnataka,ST003,Cash
S000002080,2026-06-03,C21710,P0003,Laptop,Electronics,1,10902,0,10902.0,Hyderabad,Telangana,ST004,Cash
S000002081,2026-06-03,C44698,P0007,Milk,Grocery,4,56,15,190.4,Jaipur,Rajasthan,ST009,Cash
S000002082,2026-06-03,C17042,P0009,Office Chair,Home,5,888,15,3774.0,Mumbai,Maharashtra,ST002,Net Banking
S000002083,2026-06-03,C31511,P0001,iPhone 16,Electronics,1,57628,15,48983.8,Chennai,Tamil Nadu,ST005,Cash
S000002084,2026-06-03,C46965,P0009,Office Chair,Home,1,2197,5,2087.15,Ahmedabad,Gujarat,ST008,Cash
S000002085,2026-06-03,C17204,P0010,Cricket Bat,Sports,3,7064,10,19072.8,Mumbai,Maharashtra,ST002,Credit Card
S000002086,2026-06-03,C09303,P0004,Men T-Shirt,Fashion,3,1295,10,3496.5,Ahmedabad,Gujarat,ST008,Credit Card
S000002087,2026-06-03,C42077,P0002,Samsung TV,Electronics,2,44078,10,79340.4,Ahmedabad,Gujarat,ST008,Cash
S000002088,2026-06-03,C19353,P0008,Dining Table,Home,3,9809,10,26484.3,Pune,Maharashtra,ST006,Cash
S000002089,2026-06-03,C38957,P0001,iPhone 16,Electronics,5,47805,0,239025.0,Bengaluru,Karnataka,ST003,Credit Card
S000002090,2026-06-03,C14485,P0006,Rice Bag,Grocery,3,177,5,504.45,Lucknow,Uttar Pradesh,ST010,Debit Card
S000002091,2026-06-03,C37201,P0005,Women's Jeans,Fashion,3,1765,5,5030.25,Ahmedabad,Gujarat,ST008,Cash
S000002092,2026-06-03,C09603,P0010,Cricket Bat,Sports,3,10732,5,30586.2,Chennai,Tamil Nadu,ST005,Cash
S000002093,2026-06-03,C01836,P0004,Men T-Shirt,Fashion,2,598,10,1076.4,Lucknow,Uttar Pradesh,ST010,Debit Card
S000002094,2026-06-03,C23866,P0009,Office Chair,Home,4,3291,10,11847.6,Jaipur,Rajasthan,ST009,Cash
S000002095,2026-06-03,C42196,P0003,Laptop,Electronics,3,78594,10,212203.8,Lucknow,Uttar Pradesh,ST010,Net Banking
S000002096,2026-06-03,C24772,P0008,Dining Table,Home,4,3373,15,11468.2,Bengaluru,Karnataka,ST003,Net Banking
S000002097,2026-06-03,C24896,P0001,iPhone 16,Electronics,2,50541,5,96027.9,Mumbai,Maharashtra,ST002,Debit Card
S000002098,2026-06-03,C14701,P0003,Laptop,Electronics,1,35813,10,32231.7,Chennai,Tamil Nadu,ST005,Net Banking
S000002099,2026-06-03,C32689,P0008,Dining Table,Home,5,4241,5,20144.75,Lucknow,Uttar Pradesh,ST010,UPI
S000002100,2026-06-03,C23827,P0001,iPhone 16,Electronics,3,76508,0,229524.0,Kolkata,West Bengal,ST007,UPI
S000002101,2026-06-03,C17792,P0009,Office Chair,Home,1,1417,15,1204.45,Jaipur,Rajasthan,ST009,Net Banking
S000002102,2026-06-03,C37140,P0009,Office Chair,Home,3,3493,5,9955.05,Hyderabad,Telangana,ST004,Credit Card
S000002103,2026-06-03,C14965,P0008,Dining Table,Home,5,4854,20,19416.0,Bengaluru,Karnataka,ST003,UPI
S000002104,2026-06-03,C18185,P0002,Samsung TV,Electronics,2,78492,10,141285.6,Hyderabad,Telangana,ST004,UPI
S000002105,2026-06-03,C03989,P0004,Men T-Shirt,Fashion,5,4409,15,18738.25,Hyderabad,Telangana,ST004,Credit Card
S000002106,2026-06-03,C06441,P0009,Office Chair,Home,1,3718,15,3160.3,Delhi,Delhi,ST001,Debit Card
S000002107,2026-06-03,C07629,P0008,Dining Table,Home,2,2136,20,3417.6,Mumbai,Maharashtra,ST002,Cash
S000002108,2026-06-03,C38626,P0004,Men T-Shirt,Fashion,3,578,20,1387.2,Lucknow,Uttar Pradesh,ST010,Cash
S000002109,2026-06-03,C28165,P0002,Samsung TV,Electronics,5,69802,0,349010.0,Ahmedabad,Gujarat,ST008,Credit Card
S000002110,2026-06-03,C16499,P0007,Milk,Grocery,4,343,5,1303.4,Lucknow,Uttar Pradesh,ST010,Debit Card
S000002111,2026-06-03,C21538,P0009,Office Chair,Home,3,5409,10,14604.3,Ahmedabad,Gujarat,ST008,Net Banking
S000002112,2026-06-03,C34878,P0004,Men T-Shirt,Fashion,5,4621,10,20794.5,Pune,Maharashtra,ST006,Debit Card
S000002113,2026-06-03,C41021,P0008,Dining Table,Home,4,606,10,2181.6,Mumbai,Maharashtra,ST002,Credit Card
S000002114,2026-06-03,C33394,P0008,Dining Table,Home,2,1574,15,2675.8,Ahmedabad,Gujarat,ST008,Credit Card
S000002115,2026-06-03,C44105,P0005,Women's Jeans,Fashion,3,4912,5,13999.2,Mumbai,Maharashtra,ST002,Cash
S000002116,2026-06-03,C12688,P0002,Samsung TV,Electronics,3,75769,10,204576.3,Hyderabad,Telangana,ST004,Credit Card
S000002117,2026-06-03,C20973,P0009,Office Chair,Home,3,3945,20,9468.0,Ahmedabad,Gujarat,ST008,UPI
S000002118,2026-06-03,C44033,P0003,Laptop,Electronics,2,61935,5,117676.5,Pune,Maharashtra,ST006,Credit Card
S000002119,2026-06-03,C10351,P0010,Cricket Bat,Sports,5,8062,20,32248.0,Bengaluru,Karnataka,ST003,Debit Card
S000002120,2026-06-03,C27323,P0005,Women's Jeans,Fashion,4,2987,10,10753.2,Hyderabad,Telangana,ST004,Debit Card
S000002121,2026-06-03,C09502,P0005,Women's Jeans,Fashion,3,4184,10,11296.8,Pune,Maharashtra,ST006,Debit Card
S000002122,2026-06-03,C27873,P0010,Cricket Bat,Sports,1,12788,15,10869.8,Kolkata,West Bengal,ST007,Cash
S000002123,2026-06-03,C03625,P0007,Milk,Grocery,4,412,10,1483.2,Pune,Maharashtra,ST006,Credit Card
S000002124,2026-06-03,C01277,P0004,Men T-Shirt,Fashion,3,3559,0,10677.0,Hyderabad,Telangana,ST004,Debit Card
S000002125,2026-06-03,C21093,P0007,Milk,Grocery,5,306,5,1453.5,Kolkata,West Bengal,ST007,Debit Card
S000002126,2026-06-03,C14089,P0010,Cricket Bat,Sports,3,2050,0,6150.0,Jaipur,Rajasthan,ST009,Cash
S000002127,2026-06-03,C15935,P0003,Laptop,Electronics,5,71587,0,357935.0,Pune,Maharashtra,ST006,Cash
S000002128,2026-06-03,C43216,P0007,Milk,Grocery,3,330,20,792.0,Ahmedabad,Gujarat,ST008,Credit Card
S000002129,2026-06-03,C24578,P0001,iPhone 16,Electronics,3,46181,20,110834.4,Mumbai,Maharashtra,ST002,UPI
S000002130,2026-06-03,C24213,P0008,Dining Table,Home,4,2700,0,10800.0,Chennai,Tamil Nadu,ST005,UPI
S000002131,2026-06-03,C21270,P0007,Milk,Grocery,5,173,20,692.0,Bengaluru,Karnataka,ST003,Credit Card
S000002132,2026-06-03,C13107,P0009,Office Chair,Home,2,5871,20,9393.6,Mumbai,Maharashtra,ST002,Cash
S000002133,2026-06-03,C35822,P0005,Women's Jeans,Fashion,3,679,5,1935.15,Jaipur,Rajasthan,ST009,Net Banking
S000002134,2026-06-03,C04457,P0006,Rice Bag,Grocery,2,114,10,205.2,Pune,Maharashtra,ST006,Cash
S000002135,2026-06-03,C30693,P0004,Men T-Shirt,Fashion,3,2130,10,5751.0,Ahmedabad,Gujarat,ST008,Debit Card
S000002136,2026-06-03,C16736,P0010,Cricket Bat,Sports,1,10822,15,9198.7,Delhi,Delhi,ST001,Credit Card
S000002137,2026-06-03,C28006,P0007,Milk,Grocery,5,50,20,200.0,Ahmedabad,Gujarat,ST008,UPI
S000002138,2026-06-03,C24477,P0001,iPhone 16,Electronics,1,76088,10,68479.2,Lucknow,Uttar Pradesh,ST010,Cash
S000002139,2026-06-03,C35312,P0008,Dining Table,Home,3,1599,0,4797.0,Chennai,Tamil Nadu,ST005,Net Banking
S000002140,2026-06-03,C37048,P0002,Samsung TV,Electronics,5,30738,20,122952.0,Jaipur,Rajasthan,ST009,UPI
S000002141,2026-06-03,C05750,P0010,Cricket Bat,Sports,2,12619,0,25238.0,Ahmedabad,Gujarat,ST008,Net Banking
S000002142,2026-06-03,C44824,P0007,Milk,Grocery,4,475,5,1805.0,Chennai,Tamil Nadu,ST005,Cash
S000002143,2026-06-03,C42628,P0006,Rice Bag,Grocery,5,193,15,820.25,Mumbai,Maharashtra,ST002,Credit Card
S000002144,2026-06-03,C34585,P0007,Milk,Grocery,5,170,0,850.0,Delhi,Delhi,ST001,Cash
S000002145,2026-06-03,C40875,P0007,Milk,Grocery,2,185,15,314.5,Delhi,Delhi,ST001,UPI
S000002146,2026-06-03,C09863,P0005,Women's Jeans,Fashion,3,4861,15,12395.55,Hyderabad,Telangana,ST004,Net Banking
S000002147,2026-06-03,C42836,P0004,Men T-Shirt,Fashion,5,1750,5,8312.5,Lucknow,Uttar Pradesh,ST010,Debit Card
S000002148,2026-06-03,C09718,P0004,Men T-Shirt,Fashion,1,714,20,571.2,Chennai,Tamil Nadu,ST005,Credit Card
S000002149,2026-06-03,C39448,P0001,iPhone 16,Electronics,3,19078,10,51510.6,Bengaluru,Karnataka,ST003,Net Banking
S000002150,2026-06-03,C20666,P0004,Men T-Shirt,Fashion,3,1837,15,4684.35,Hyderabad,Telangana,ST004,Credit Card
S000002151,2026-06-03,C17766,P0004,Men T-Shirt,Fashion,1,1624,15,1380.4,Hyderabad,Telangana,ST004,Debit Card
S000002152,2026-06-03,C08069,P0007,Milk,Grocery,2,214,0,428.0,Delhi,Delhi,ST001,Cash
S000002153,2026-06-03,C29283,P0008,Dining Table,Home,2,6734,20,10774.4,Kolkata,West Bengal,ST007,Credit Card
S000002154,2026-06-03,C08170,P0002,Samsung TV,Electronics,5,77698,0,388490.0,Bengaluru,Karnataka,ST003,Net Banking
S000002155,2026-06-03,C10675,P0004,Men T-Shirt,Fashion,5,3435,10,15457.5,Mumbai,Maharashtra,ST002,Cash
S000002156,2026-06-03,C27206,P0004,Men T-Shirt,Fashion,5,3447,15,14649.75,Hyderabad,Telangana,ST004,UPI
S000002157,2026-06-03,C16731,P0009,Office Chair,Home,1,618,15,525.3,Mumbai,Maharashtra,ST002,Cash
S000002158,2026-06-03,C27527,P0007,Milk,Grocery,3,178,0,534.0,Mumbai,Maharashtra,ST002,Debit Card
S000002159,2026-06-03,C28453,P0005,Women's Jeans,Fashion,4,4361,0,17444.0,Hyderabad,Telangana,ST004,UPI
S000002160,2026-06-03,C18004,P0006,Rice Bag,Grocery,2,110,20,176.0,Delhi,Delhi,ST001,Credit Card
S000002161,2026-06-03,C00608,P0003,Laptop,Electronics,2,71579,0,143158.0,Jaipur,Rajasthan,ST009,Credit Card
S000002162,2026-06-03,C04010,P0010,Cricket Bat,Sports,3,10418,15,26565.9,Hyderabad,Telangana,ST004,Debit Card
S000002163,2026-06-03,C10321,P0007,Milk,Grocery,5,97,5,460.75,Bengaluru,Karnataka,ST003,Credit Card
S000002164,2026-06-03,C23926,P0002,Samsung TV,Electronics,4,36748,10,132292.8,Bengaluru,Karnataka,ST003,UPI
S000002165,2026-06-03,C26454,P0006,Rice Bag,Grocery,3,34,0,102.0,Chennai,Tamil Nadu,ST005,Net Banking
S000002166,2026-06-03,C21731,P0001,iPhone 16,Electronics,2,63432,0,126864.0,Ahmedabad,Gujarat,ST008,UPI
S000002167,2026-06-03,C35356,P0007,Milk,Grocery,2,100,0,200.0,Lucknow,Uttar Pradesh,ST010,Net Banking
S000002168,2026-06-03,C00980,P0006,Rice Bag,Grocery,4,53,0,212.0,Hyderabad,Telangana,ST004,UPI
S000002169,2026-06-03,C31175,P0008,Dining Table,Home,4,2702,20,8646.4,Kolkata,West Bengal,ST007,Net Banking
S000002170,2026-06-03,C41737,P0001,iPhone 16,Electronics,4,43667,5,165934.6,Chennai,Tamil Nadu,ST005,Cash
S000002171,2026-06-03,C21161,P0009,Office Chair,Home,1,8328,15,7078.8,Pune,Maharashtra,ST006,Net Banking
S000002172,2026-06-03,C49069,P0010,Cricket Bat,Sports,2,8733,5,16592.7,Hyderabad,Telangana,ST004,Credit Card
S000002173,2026-06-03,C09346,P0004,Men T-Shirt,Fashion,4,2812,20,8998.4,Mumbai,Maharashtra,ST002,UPI
S000002174,2026-06-03,C06897,P0004,Men T-Shirt,Fashion,2,2966,10,5338.8,Hyderabad,Telangana,ST004,Debit Card
S000002175,2026-06-03,C46561,P0008,Dining Table,Home,5,9956,10,44802.0,Lucknow,Uttar Pradesh,ST010,Net Banking
S000002176,2026-06-03,C49801,P0003,Laptop,Electronics,3,29034,20,69681.6,Pune,Maharashtra,ST006,Cash
S000002177,2026-06-03,C48262,P0001,iPhone 16,Electronics,2,33877,0,67754.0,Kolkata,West Bengal,ST007,UPI
S000002178,2026-06-03,C09369,P0001,iPhone 16,Electronics,4,52274,0,209096.0,Hyderabad,Telangana,ST004,Credit Card
S000002179,2026-06-03,C37493,P0008,Dining Table,Home,2,9956,15,16925.2,Ahmedabad,Gujarat,ST008,Debit Card
S000002180,2026-06-03,C29630,P0004,Men T-Shirt,Fashion,3,4971,15,12676.05,Ahmedabad,Gujarat,ST008,Net Banking
S000002181,2026-06-03,C07722,P0005,Women's Jeans,Fashion,3,2026,10,5470.2,Jaipur,Rajasthan,ST009,Debit Card
S000002182,2026-06-03,C22347,P0008,Dining Table,Home,1,6109,20,4887.2,Jaipur,Rajasthan,ST009,Cash
S000002183,2026-06-03,C17228,P0002,Samsung TV,Electronics,1,81213,5,77152.35,Pune,Maharashtra,ST006,Cash
S000002184,2026-06-03,C06199,P0004,Men T-Shirt,Fashion,1,2922,5,2775.9,Ahmedabad,Gujarat,ST008,UPI
S000002185,2026-06-03,C22782,P0005,Women's Jeans,Fashion,5,1179,20,4716.0,Ahmedabad,Gujarat,ST008,Cash
S000002186,2026-06-03,C11968,P0007,Milk,Grocery,2,450,5,855.0,Jaipur,Rajasthan,ST009,Credit Card
S000002187,2026-06-03,C01096,P0004,Men T-Shirt,Fashion,5,1743,20,6972.0,Pune,Maharashtra,ST006,Net Banking
S000002188,2026-06-03,C34771,P0009,Office Chair,Home,3,9338,5,26613.3,Delhi,Delhi,ST001,Net Banking
S000002189,2026-06-03,C45462,P0009,Office Chair,Home,2,2140,5,4066.0,Bengaluru,Karnataka,ST003,Debit Card
S000002190,2026-06-03,C41610,P0010,Cricket Bat,Sports,5,10288,15,43724.0,Hyderabad,Telangana,ST004,Credit Card
S000002191,2026-06-03,C13252,P0005,Women's Jeans,Fashion,3,3693,20,8863.2,Delhi,Delhi,ST001,Cash
S000002192,2026-06-03,C27608,P0008,Dining Table,Home,2,5415,0,10830.0,Ahmedabad,Gujarat,ST008,Debit Card
S000002193,2026-06-03,C04907,P0005,Women's Jeans,Fashion,2,1047,0,2094.0,Jaipur,Rajasthan,ST009,Debit Card
S000002194,2026-06-03,C49491,P0007,Milk,Grocery,4,441,5,1675.8,Bengaluru,Karnataka,ST003,Credit Card
S000002195,2026-06-03,C15891,P0007,Milk,Grocery,4,322,5,1223.6,Bengaluru,Karnataka,ST003,Cash
S000002196,2026-06-03,C16291,P0006,Rice Bag,Grocery,3,91,15,232.05,Mumbai,Maharashtra,ST002,Credit Card
S000002197,2026-06-03,C08092,P0010,Cricket Bat,Sports,4,2633,10,9478.8,Bengaluru,Karnataka,ST003,Credit Card
S000002198,2026-06-03,C49846,P0006,Rice Bag,Grocery,5,179,20,716.0,Delhi,Delhi,ST001,UPI
S000002199,2026-06-03,C06725,P0010,Cricket Bat,Sports,4,5195,0,20780.0,Ahmedabad,Gujarat,ST008,Credit Card
S000002200,2026-06-03,C35472,P0010,Cricket Bat,Sports,1,14721,10,13248.9,Ahmedabad,Gujarat,ST008,Credit Card
S000002201,2026-06-03,C17833,P0001,iPhone 16,Electronics,1,71148,15,60475.8,Kolkata,West Bengal,ST007,Debit Card
S000002202,2026-06-03,C38338,P0003,Laptop,Electronics,2,78529,0,157058.0,Ahmedabad,Gujarat,ST008,Debit Card
S000002203,2026-06-03,C05805,P0010,Cricket Bat,Sports,2,14543,15,24723.1,Lucknow,Uttar Pradesh,ST010,Debit Card
S000002204,2026-06-03,C45980,P0007,Milk,Grocery,1,462,10,415.8,Kolkata,West Bengal,ST007,UPI
S000002205,2026-06-03,C47452,P0005,Women's Jeans,Fashion,3,3937,10,10629.9,Chennai,Tamil Nadu,ST005,Net Banking
S000002206,2026-06-03,C23375,P0002,Samsung TV,Electronics,4,41816,20,133811.2,Delhi,Delhi,ST001,UPI
S000002207,2026-06-03,C32439,P0004,Men T-Shirt,Fashion,3,1351,15,3445.05,Lucknow,Uttar Pradesh,ST010,Cash
S000002208,2026-06-03,C36745,P0010,Cricket Bat,Sports,5,8802,15,37408.5,Lucknow,Uttar Pradesh,ST010,Cash
S000002209,2026-06-03,C02760,P0010,Cricket Bat,Sports,1,9731,0,9731.0,Mumbai,Maharashtra,ST002,Net Banking
S000002210,2026-06-03,C07699,P0004,Men T-Shirt,Fashion,5,3955,15,16808.75,Pune,Maharashtra,ST006,Net Banking
S000002211,2026-06-03,C47074,P0001,iPhone 16,Electronics,4,85149,20,272476.8,Pune,Maharashtra,ST006,Cash
S000002212,2026-06-03,C02443,P0007,Milk,Grocery,2,310,5,589.0,Kolkata,West Bengal,ST007,UPI
S000002213,2026-06-03,C01583,P0006,Rice Bag,Grocery,4,430,0,1720.0,Mumbai,Maharashtra,ST002,Debit Card
S000002214,2026-06-03,C47780,P0008,Dining Table,Home,3,6273,5,17878.05,Chennai,Tamil Nadu,ST005,Debit Card
S000002215,2026-06-03,C18130,P0008,Dining Table,Home,4,4811,5,18281.8,Delhi,Delhi,ST001,Debit Card
S000002216,2026-06-03,C13722,P0009,Office Chair,Home,4,6210,5,23598.0,Jaipur,Rajasthan,ST009,Debit Card
S000002217,2026-06-03,C32758,P0002,Samsung TV,Electronics,5,80547,5,382598.25,Pune,Maharashtra,ST006,Debit Card
S000002218,2026-06-03,C20745,P0005,Women's Jeans,Fashion,4,3063,20,9801.6,Mumbai,Maharashtra,ST002,UPI
S000002219,2026-06-03,C32585,P0003,Laptop,Electronics,3,73627,10,198792.9,Kolkata,West Bengal,ST007,Credit Card
S000002220,2026-06-03,C22086,P0008,Dining Table,Home,2,5788,0,11576.0,Pune,Maharashtra,ST006,Credit Card
S000002221,2026-06-03,C07306,P0004,Men T-Shirt,Fashion,5,2926,20,11704.0,Lucknow,Uttar Pradesh,ST010,Debit Card
S000002222,2026-06-03,C35276,P0003,Laptop,Electronics,1,36033,0,36033.0,Kolkata,West Bengal,ST007,Net Banking
S000002223,2026-06-03,C05934,P0010,Cricket Bat,Sports,2,12029,10,21652.2,Kolkata,West Bengal,ST007,Debit Card
S000002224,2026-06-03,C34920,P0006,Rice Bag,Grocery,4,73,10,262.8,Kolkata,West Bengal,ST007,Credit Card
S000002225,2026-06-03,C40202,P0010,Cricket Bat,Sports,2,7550,0,15100.0,Mumbai,Maharashtra,ST002,Debit Card
S000002226,2026-06-03,C16116,P0009,Office Chair,Home,1,8601,5,8170.95,Bengaluru,Karnataka,ST003,Debit Card
S000002227,2026-06-03,C45553,P0004,Men T-Shirt,Fashion,4,2269,5,8622.2,Hyderabad,Telangana,ST004,Credit Card
S000002228,2026-06-03,C00814,P0005,Women's Jeans,Fashion,5,4458,15,18946.5,Hyderabad,Telangana,ST004,UPI
S000002229,2026-06-03,C27167,P0009,Office Chair,Home,2,7255,5,13784.5,Jaipur,Rajasthan,ST009,Net Banking
S000002230,2026-06-03,C33986,P0010,Cricket Bat,Sports,4,12535,10,45126.0,Kolkata,West Bengal,ST007,Net Banking
S000002231,2026-06-03,C46318,P0006,Rice Bag,Grocery,3,206,5,587.1,Chennai,Tamil Nadu,ST005,Cash
S000002232,2026-06-03,C20982,P0009,Office Chair,Home,2,5770,5,10963.0,Pune,Maharashtra,ST006,UPI
S000002233,2026-06-03,C35277,P0010,Cricket Bat,Sports,5,11905,15,50596.25,Bengaluru,Karnataka,ST003,UPI
S000002234,2026-06-03,C35086,P0006,Rice Bag,Grocery,2,388,10,698.4,Mumbai,Maharashtra,ST002,Net Banking
S000002235,2026-06-03,C47027,P0009,Office Chair,Home,3,9908,0,29724.0,Hyderabad,Telangana,ST004,Cash
S000002236,2026-06-03,C30163,P0010,Cricket Bat,Sports,5,7446,0,37230.0,Ahmedabad,Gujarat,ST008,Cash
S000002237,2026-06-03,C11230,P0001,iPhone 16,Electronics,5,17542,10,78939.0,Jaipur,Rajasthan,ST009,Cash
S000002238,2026-06-03,C31237,P0003,Laptop,Electronics,1,46187,20,36949.6,Mumbai,Maharashtra,ST002,Debit Card
S000002239,2026-06-03,C16516,P0001,iPhone 16,Electronics,4,27479,15,93428.6,Lucknow,Uttar Pradesh,ST010,Cash
S000002240,2026-06-03,C14104,P0008,Dining Table,Home,3,5915,5,16857.75,Chennai,Tamil Nadu,ST005,Net Banking
S000002241,2026-06-03,C37347,P0009,Office Chair,Home,5,5652,0,28260.0,Kolkata,West Bengal,ST007,Credit Card
S000002242,2026-06-03,C39951,P0001,iPhone 16,Electronics,1,19307,20,15445.6,Pune,Maharashtra,ST006,Net Banking
S000002243,2026-06-03,C04170,P0009,Office Chair,Home,2,4576,20,7321.6,Kolkata,West Bengal,ST007,Credit Card
S000002244,2026-06-03,C49731,P0003,Laptop,Electronics,4,25663,10,92386.8,Bengaluru,Karnataka,ST003,UPI
S000002245,2026-06-03,C05840,P0002,Samsung TV,Electronics,4,63421,15,215631.4,Kolkata,West Bengal,ST007,Net Banking
S000002246,2026-06-03,C45641,P0008,Dining Table,Home,2,2070,10,3726.0,Bengaluru,Karnataka,ST003,Debit Card
S000002247,2026-06-03,C23276,P0003,Laptop,Electronics,4,21892,5,83189.6,Kolkata,West Bengal,ST007,Debit Card
S000002248,2026-06-03,C17073,P0007,Milk,Grocery,3,351,0,1053.0,Hyderabad,Telangana,ST004,Credit Card
S000002249,2026-06-03,C22264,P0008,Dining Table,Home,3,834,20,2001.6,Mumbai,Maharashtra,ST002,Net Banking
S000002250,2026-06-03,C03992,P0009,Office Chair,Home,1,3260,0,3260.0,Delhi,Delhi,ST001,Debit Card
S000002251,2026-06-03,C34677,P0001,iPhone 16,Electronics,4,50142,0,200568.0,Delhi,Delhi,ST001,Debit Card
S000002252,2026-06-03,C37230,P0010,Cricket Bat,Sports,2,3388,20,5420.8,Pune,Maharashtra,ST006,UPI
S000002253,2026-06-03,C32651,P0003,Laptop,Electronics,3,22709,5,64720.65,Jaipur,Rajasthan,ST009,Credit Card
S000002254,2026-06-03,C39304,P0006,Rice Bag,Grocery,4,381,5,1447.8,Lucknow,Uttar Pradesh,ST010,Credit Card
S000002255,2026-06-03,C33249,P0003,Laptop,Electronics,5,15082,20,60328.0,Ahmedabad,Gujarat,ST008,UPI
S000002256,2026-06-03,C07883,P0005,Women's Jeans,Fashion,3,1977,20,4744.8,Chennai,Tamil Nadu,ST005,UPI
S000002257,2026-06-03,C33980,P0003,Laptop,Electronics,2,89102,5,169293.8,Mumbai,Maharashtra,ST002,Cash
S000002258,2026-06-03,C40187,P0006,Rice Bag,Grocery,4,421,15,1431.4,Ahmedabad,Gujarat,ST008,Net Banking
S000002259,2026-06-03,C07628,P0009,Office Chair,Home,2,6491,5,12332.9,Mumbai,Maharashtra,ST002,Debit Card
S000002260,2026-06-03,C15693,P0008,Dining Table,Home,1,6370,0,6370.0,Hyderabad,Telangana,ST004,Cash
S000002261,2026-06-03,C31486,P0010,Cricket Bat,Sports,1,11170,10,10053.0,Mumbai,Maharashtra,ST002,Net Banking
S000002262,2026-06-03,C34560,P0010,Cricket Bat,Sports,5,6758,20,27032.0,Lucknow,Uttar Pradesh,ST010,Net Banking
S000002263,2026-06-03,C42153,P0004,Men T-Shirt,Fashion,2,4169,5,7921.1,Chennai,Tamil Nadu,ST005,Debit Card
S000002264,2026-06-03,C19200,P0007,Milk,Grocery,4,62,15,210.8,Kolkata,West Bengal,ST007,Cash
S000002265,2026-06-03,C01562,P0008,Dining Table,Home,5,8431,20,33724.0,Mumbai,Maharashtra,ST002,Debit Card
S000002266,2026-06-03,C25481,P0005,Women's Jeans,Fashion,1,4821,0,4821.0,Ahmedabad,Gujarat,ST008,Debit Card
S000002267,2026-06-03,C12326,P0002,Samsung TV,Electronics,5,81144,5,385434.0,Chennai,Tamil Nadu,ST005,Net Banking
S000002268,2026-06-03,C42005,P0006,Rice Bag,Grocery,1,44,10,39.6,Delhi,Delhi,ST001,Net Banking
S000002269,2026-06-03,C25225,P0004,Men T-Shirt,Fashion,1,4053,20,3242.4,Pune,Maharashtra,ST006,Net Banking
S000002270,2026-06-03,C34340,P0003,Laptop,Electronics,1,38114,0,38114.0,Jaipur,Rajasthan,ST009,Debit Card
S000002271,2026-06-03,C29966,P0003,Laptop,Electronics,1,36687,15,31183.95,Hyderabad,Telangana,ST004,Debit Card
S000002272,2026-06-03,C13549,P0010,Cricket Bat,Sports,1,6550,5,6222.5,Lucknow,Uttar Pradesh,ST010,UPI
S000002273,2026-06-03,C45180,P0002,Samsung TV,Electronics,2,53352,5,101368.8,Chennai,Tamil Nadu,ST005,UPI
S000002274,2026-06-03,C25554,P0004,Men T-Shirt,Fashion,1,1777,5,1688.15,Pune,Maharashtra,ST006,Cash
S000002275,2026-06-03,C39240,P0004,Men T-Shirt,Fashion,4,3037,5,11540.6,Lucknow,Uttar Pradesh,ST010,Debit Card
S000002276,2026-06-03,C42818,P0005,Women's Jeans,Fashion,4,3888,15,13219.2,Kolkata,West Bengal,ST007,UPI
S000002277,2026-06-03,C18225,P0004,Men T-Shirt,Fashion,5,585,15,2486.25,Ahmedabad,Gujarat,ST008,Debit Card
S000002278,2026-06-03,C02740,P0008,Dining Table,Home,1,2374,0,2374.0,Bengaluru,Karnataka,ST003,Credit Card
S000002279,2026-06-03,C10416,P0008,Dining Table,Home,5,5863,5,27849.25,Mumbai,Maharashtra,ST002,Credit Card
S000002280,2026-06-03,C48503,P0005,Women's Jeans,Fashion,5,2846,10,12807.0,Kolkata,West Bengal,ST007,Debit Card
S000002281,2026-06-03,C37363,P0005,Women's Jeans,Fashion,4,2155,0,8620.0,Mumbai,Maharashtra,ST002,UPI
S000002282,2026-06-03,C36357,P0008,Dining Table,Home,5,1084,15,4607.0,Hyderabad,Telangana,ST004,Credit Card
S000002283,2026-06-03,C31380,P0002,Samsung TV,Electronics,1,60864,5,57820.8,Mumbai,Maharashtra,ST002,Credit Card
S000002284,2026-06-03,C05480,P0002,Samsung TV,Electronics,5,58614,15,249109.5,Hyderabad,Telangana,ST004,Cash
S000002285,2026-06-03,C48389,P0003,Laptop,Electronics,1,76010,5,72209.5,Ahmedabad,Gujarat,ST008,Net Banking
S000002286,2026-06-03,C13791,P0006,Rice Bag,Grocery,1,98,10,88.2,Delhi,Delhi,ST001,Net Banking
S000002287,2026-06-03,C16437,P0003,Laptop,Electronics,2,17396,15,29573.2,Pune,Maharashtra,ST006,Cash
S000002288,2026-06-03,C24906,P0003,Laptop,Electronics,1,39522,5,37545.9,Chennai,Tamil Nadu,ST005,Net Banking
S000002289,2026-06-03,C41106,P0004,Men T-Shirt,Fashion,1,4108,0,4108.0,Pune,Maharashtra,ST006,Cash
S000002290,2026-06-03,C16108,P0010,Cricket Bat,Sports,5,2939,5,13960.25,Jaipur,Rajasthan,ST009,Debit Card
S000002291,2026-06-03,C35857,P0006,Rice Bag,Grocery,1,229,20,183.2,Delhi,Delhi,ST001,UPI
S000002292,2026-06-03,C35015,P0001,iPhone 16,Electronics,3,58545,0,175635.0,Lucknow,Uttar Pradesh,ST010,Credit Card
S000002293,2026-06-03,C09404,P0002,Samsung TV,Electronics,4,10448,20,33433.6,Hyderabad,Telangana,ST004,UPI
S000002294,2026-06-03,C03829,P0007,Milk,Grocery,2,410,0,820.0,Lucknow,Uttar Pradesh,ST010,UPI
S000002295,2026-06-03,C36939,P0009,Office Chair,Home,4,9863,15,33534.2,Mumbai,Maharashtra,ST002,UPI
S000002296,2026-06-03,C18512,P0010,Cricket Bat,Sports,2,11488,15,19529.6,Kolkata,West Bengal,ST007,Cash
S000002297,2026-06-03,C40148,P0005,Women's Jeans,Fashion,4,1754,15,5963.6,Pune,Maharashtra,ST006,Cash
S000002298,2026-06-03,C35158,P0006,Rice Bag,Grocery,3,346,5,986.1,Hyderabad,Telangana,ST004,Credit Card
S000002299,2026-06-03,C25458,P0005,Women's Jeans,Fashion,1,4036,10,3632.4,Bengaluru,Karnataka,ST003,Debit Card
S000002300,2026-06-03,C09437,P0001,iPhone 16,Electronics,5,39751,15,168941.75,Ahmedabad,Gujarat,ST008,Cash
S000002301,2026-06-03,C08194,P0006,Rice Bag,Grocery,4,472,15,1604.8,Hyderabad,Telangana,ST004,Cash
S000002302,2026-06-03,C30185,P0008,Dining Table,Home,4,6456,10,23241.6,Ahmedabad,Gujarat,ST008,Cash
S000002303,2026-06-03,C21366,P0007,Milk,Grocery,2,145,5,275.5,Bengaluru,Karnataka,ST003,Net Banking
S000002304,2026-06-03,C46701,P0004,Men T-Shirt,Fashion,5,3477,15,14777.25,Lucknow,Uttar Pradesh,ST010,Credit Card
S000002305,2026-06-03,C35928,P0007,Milk,Grocery,2,221,5,419.9,Pune,Maharashtra,ST006,Debit Card
S000002306,2026-06-03,C30818,P0002,Samsung TV,Electronics,3,64017,0,192051.0,Jaipur,Rajasthan,ST009,Cash
S000002307,2026-06-03,C13069,P0004,Men T-Shirt,Fashion,2,3648,20,5836.8,Pune,Maharashtra,ST006,Net Banking
S000002308,2026-06-03,C28298,P0003,Laptop,Electronics,2,60589,20,96942.4,Ahmedabad,Gujarat,ST008,UPI
S000002309,2026-06-03,C43713,P0003,Laptop,Electronics,2,62674,20,100278.4,Chennai,Tamil Nadu,ST005,Net Banking
S000002310,2026-06-03,C12964,P0003,Laptop,Electronics,4,42204,5,160375.2,Kolkata,West Bengal,ST007,Debit Card
S000002311,2026-06-03,C49980,P0008,Dining Table,Home,5,9193,0,45965.0,Pune,Maharashtra,ST006,Net Banking
S000002312,2026-06-03,C44315,P0002,Samsung TV,Electronics,1,11136,0,11136.0,Mumbai,Maharashtra,ST002,UPI
S000002313,2026-06-03,C21726,P0002,Samsung TV,Electronics,2,29739,5,56504.1,Pune,Maharashtra,ST006,Debit Card
S000002314,2026-06-03,C20157,P0002,Samsung TV,Electronics,3,86473,15,220506.15,Pune,Maharashtra,ST006,Net Banking
S000002315,2026-06-03,C31136,P0006,Rice Bag,Grocery,3,71,20,170.4,Bengaluru,Karnataka,ST003,Debit Card
S000002316,2026-06-03,C10474,P0003,Laptop,Electronics,1,79770,20,63816.0,Bengaluru,Karnataka,ST003,Cash
S000002317,2026-06-03,C26849,P0003,Laptop,Electronics,4,46861,5,178071.8,Jaipur,Rajasthan,ST009,Net Banking
S000002318,2026-06-03,C07430,P0003,Laptop,Electronics,1,27773,15,23607.05,Ahmedabad,Gujarat,ST008,UPI
S000002319,2026-06-03,C30987,P0007,Milk,Grocery,1,320,10,288.0,Ahmedabad,Gujarat,ST008,Credit Card
S000002320,2026-06-03,C28898,P0010,Cricket Bat,Sports,4,14947,0,59788.0,Lucknow,Uttar Pradesh,ST010,Credit Card
S000002321,2026-06-03,C32229,P0010,Cricket Bat,Sports,1,14824,10,13341.6,Pune,Maharashtra,ST006,Debit Card
S000002322,2026-06-03,C04515,P0003,Laptop,Electronics,3,61592,5,175537.2,Bengaluru,Karnataka,ST003,Net Banking
S000002323,2026-06-03,C07273,P0004,Men T-Shirt,Fashion,1,3405,20,2724.0,Pune,Maharashtra,ST006,Debit Card
S000002324,2026-06-03,C32424,P0001,iPhone 16,Electronics,4,32159,10,115772.4,Lucknow,Uttar Pradesh,ST010,Net Banking
S000002325,2026-06-03,C16562,P0004,Men T-Shirt,Fashion,5,692,15,2941.0,Jaipur,Rajasthan,ST009,Debit Card
S000002326,2026-06-03,C20878,P0003,Laptop,Electronics,3,44486,15,113439.3,Delhi,Delhi,ST001,Credit Card
S000002327,2026-06-03,C28374,P0006,Rice Bag,Grocery,4,357,0,1428.0,Delhi,Delhi,ST001,Debit Card
S000002328,2026-06-03,C21819,P0009,Office Chair,Home,5,674,20,2696.0,Delhi,Delhi,ST001,Credit Card
S000002329,2026-06-03,C01260,P0005,Women's Jeans,Fashion,4,3613,15,12284.2,Kolkata,West Bengal,ST007,Credit Card
S000002330,2026-06-03,C02359,P0005,Women's Jeans,Fashion,3,4699,15,11982.45,Kolkata,West Bengal,ST007,Debit Card
S000002331,2026-06-03,C26686,P0006,Rice Bag,Grocery,3,302,5,860.7,Bengaluru,Karnataka,ST003,Debit Card
S000002332,2026-06-03,C32036,P0005,Women's Jeans,Fashion,4,1194,10,4298.4,Chennai,Tamil Nadu,ST005,UPI
S000002333,2026-06-03,C33345,P0002,Samsung TV,Electronics,1,41845,0,41845.0,Delhi,Delhi,ST001,Credit Card
S000002334,2026-06-03,C11607,P0006,Rice Bag,Grocery,5,430,5,2042.5,Mumbai,Maharashtra,ST002,Credit Card
S000002335,2026-06-03,C05727,P0002,Samsung TV,Electronics,3,19225,5,54791.25,Delhi,Delhi,ST001,UPI
S000002336,2026-06-03,C38192,P0008,Dining Table,Home,5,2498,0,12490.0,Pune,Maharashtra,ST006,UPI
S000002337,2026-06-03,C46148,P0003,Laptop,Electronics,2,22019,0,44038.0,Hyderabad,Telangana,ST004,UPI
S000002338,2026-06-03,C00252,P0007,Milk,Grocery,1,387,0,387.0,Hyderabad,Telangana,ST004,Credit Card
S000002339,2026-06-03,C25356,P0006,Rice Bag,Grocery,4,438,5,1664.4,Jaipur,Rajasthan,ST009,Credit Card
S000002340,2026-06-03,C46416,P0008,Dining Table,Home,4,5219,20,16700.8,Lucknow,Uttar Pradesh,ST010,Credit Card
S000002341,2026-06-03,C04016,P0008,Dining Table,Home,1,1803,5,1712.85,Bengaluru,Karnataka,ST003,Net Banking
S000002342,2026-06-03,C12958,P0005,Women's Jeans,Fashion,5,2051,0,10255.0,Bengaluru,Karnataka,ST003,Net Banking
S000002343,2026-06-03,C46064,P0002,Samsung TV,Electronics,3,39847,5,113563.95,Hyderabad,Telangana,ST004,Credit Card
S000002344,2026-06-03,C25865,P0010,Cricket Bat,Sports,4,8601,10,30963.6,Chennai,Tamil Nadu,ST005,Net Banking
S000002345,2026-06-03,C14304,P0007,Milk,Grocery,2,291,0,582.0,Chennai,Tamil Nadu,ST005,Debit Card
S000002346,2026-06-03,C42916,P0005,Women's Jeans,Fashion,1,1004,0,1004.0,Chennai,Tamil Nadu,ST005,Credit Card
S000002347,2026-06-03,C32370,P0006,Rice Bag,Grocery,4,60,15,204.0,Delhi,Delhi,ST001,Net Banking
S000002348,2026-06-03,C00787,P0002,Samsung TV,Electronics,3,89364,0,268092.0,Pune,Maharashtra,ST006,Net Banking
S000002349,2026-06-03,C37304,P0005,Women's Jeans,Fashion,3,4435,10,11974.5,Pune,Maharashtra,ST006,Cash
S000002350,2026-06-03,C32749,P0005,Women's Jeans,Fashion,5,2058,5,9775.5,Ahmedabad,Gujarat,ST008,Debit Card
S000002351,2026-06-03,C38485,P0003,Laptop,Electronics,4,70941,15,241199.4,Delhi,Delhi,ST001,Debit Card
S000002352,2026-06-03,C21258,P0007,Milk,Grocery,4,98,5,372.4,Ahmedabad,Gujarat,ST008,Cash
S000002353,2026-06-03,C48357,P0007,Milk,Grocery,2,423,10,761.4,Kolkata,West Bengal,ST007,UPI
S000002354,2026-06-03,C25000,P0003,Laptop,Electronics,1,66935,5,63588.25,Kolkata,West Bengal,ST007,Debit Card
S000002355,2026-06-03,C09899,P0010,Cricket Bat,Sports,1,568,15,482.8,Bengaluru,Karnataka,ST003,Credit Card
S000002356,2026-06-03,C30952,P0003,Laptop,Electronics,2,12841,15,21829.7,Chennai,Tamil Nadu,ST005,Debit Card
S000002357,2026-06-03,C25706,P0003,Laptop,Electronics,3,39850,5,113572.5,Chennai,Tamil Nadu,ST005,Net Banking
S000002358,2026-06-03,C31886,P0010,Cricket Bat,Sports,4,14252,5,54157.6,Ahmedabad,Gujarat,ST008,Cash
S000002359,2026-06-03,C31939,P0001,iPhone 16,Electronics,1,52373,15,44517.05,Pune,Maharashtra,ST006,UPI
S000002360,2026-06-03,C39834,P0005,Women's Jeans,Fashion,5,4548,5,21603.0,Bengaluru,Karnataka,ST003,Credit Card
S000002361,2026-06-03,C27286,P0008,Dining Table,Home,2,6047,10,10884.6,Delhi,Delhi,ST001,Debit Card
S000002362,2026-06-03,C44831,P0010,Cricket Bat,Sports,1,10115,5,9609.25,Kolkata,West Bengal,ST007,Net Banking
S000002363,2026-06-03,C34711,P0005,Women's Jeans,Fashion,2,3527,20,5643.2,Pune,Maharashtra,ST006,Debit Card
S000002364,2026-06-03,C31033,P0002,Samsung TV,Electronics,3,64657,5,184272.45,Delhi,Delhi,ST001,Cash
S000002365,2026-06-03,C13727,P0006,Rice Bag,Grocery,4,422,10,1519.2,Hyderabad,Telangana,ST004,Debit Card
S000002366,2026-06-03,C36373,P0006,Rice Bag,Grocery,2,481,5,913.9,Lucknow,Uttar Pradesh,ST010,Debit Card
S000002367,2026-06-03,C21092,P0010,Cricket Bat,Sports,5,4183,5,19869.25,Hyderabad,Telangana,ST004,Net Banking
S000002368,2026-06-03,C32021,P0010,Cricket Bat,Sports,3,8671,0,26013.0,Ahmedabad,Gujarat,ST008,UPI
S000002369,2026-06-03,C25176,P0003,Laptop,Electronics,1,79367,15,67461.95,Lucknow,Uttar Pradesh,ST010,Debit Card
S000002370,2026-06-03,C30323,P0010,Cricket Bat,Sports,4,6682,5,25391.6,Chennai,Tamil Nadu,ST005,UPI
S000002371,2026-06-03,C18102,P0003,Laptop,Electronics,4,42320,5,160816.0,Pune,Maharashtra,ST006,UPI
S000002372,2026-06-03,C41489,P0001,iPhone 16,Electronics,5,73249,20,292996.0,Pune,Maharashtra,ST006,Debit Card
S000002373,2026-06-03,C09577,P0005,Women's Jeans,Fashion,3,4893,5,13945.05,Pune,Maharashtra,ST006,Cash
S000002374,2026-06-03,C42326,P0004,Men T-Shirt,Fashion,1,2921,0,2921.0,Lucknow,Uttar Pradesh,ST010,Net Banking
S000002375,2026-06-03,C48202,P0004,Men T-Shirt,Fashion,3,2533,15,6459.15,Jaipur,Rajasthan,ST009,Net Banking
S000002376,2026-06-03,C27722,P0001,iPhone 16,Electronics,2,28882,10,51987.6,Chennai,Tamil Nadu,ST005,Debit Card
S000002377,2026-06-03,C01657,P0001,iPhone 16,Electronics,3,70940,5,202179.0,Kolkata,West Bengal,ST007,UPI
S000002378,2026-06-03,C29274,P0007,Milk,Grocery,5,247,10,1111.5,Jaipur,Rajasthan,ST009,Credit Card
S000002379,2026-06-03,C07062,P0005,Women's Jeans,Fashion,2,4213,10,7583.4,Ahmedabad,Gujarat,ST008,Debit Card
S000002380,2026-06-03,C10676,P0010,Cricket Bat,Sports,1,2330,0,2330.0,Bengaluru,Karnataka,ST003,Debit Card
S000002381,2026-06-03,C21400,P0009,Office Chair,Home,2,5665,15,9630.5,Ahmedabad,Gujarat,ST008,Debit Card
S000002382,2026-06-03,C36054,P0001,iPhone 16,Electronics,4,33330,10,119988.0,Kolkata,West Bengal,ST007,Debit Card
S000002383,2026-06-03,C40179,P0001,iPhone 16,Electronics,5,84518,0,422590.0,Chennai,Tamil Nadu,ST005,Debit Card
S000002384,2026-06-03,C33536,P0001,iPhone 16,Electronics,1,18899,5,17954.05,Bengaluru,Karnataka,ST003,Cash
S000002385,2026-06-03,C09934,P0002,Samsung TV,Electronics,2,22040,10,39672.0,Jaipur,Rajasthan,ST009,Credit Card
S000002386,2026-06-03,C23402,P0006,Rice Bag,Grocery,3,404,0,1212.0,Mumbai,Maharashtra,ST002,Cash
S000002387,2026-06-03,C32274,P0007,Milk,Grocery,5,233,15,990.25,Jaipur,Rajasthan,ST009,UPI
S000002388,2026-06-03,C45521,P0003,Laptop,Electronics,2,68785,5,130691.5,Jaipur,Rajasthan,ST009,UPI
S000002389,2026-06-03,C07553,P0005,Women's Jeans,Fashion,1,698,0,698.0,Hyderabad,Telangana,ST004,Credit Card
S000002390,2026-06-03,C42134,P0004,Men T-Shirt,Fashion,1,2294,5,2179.3,Ahmedabad,Gujarat,ST008,UPI
S000002391,2026-06-03,C10003,P0003,Laptop,Electronics,3,60793,15,155022.15,Jaipur,Rajasthan,ST009,Debit Card
S000002392,2026-06-03,C01262,P0009,Office Chair,Home,1,7298,20,5838.4,Chennai,Tamil Nadu,ST005,Cash
S000002393,2026-06-03,C04454,P0001,iPhone 16,Electronics,1,37372,5,35503.4,Hyderabad,Telangana,ST004,Net Banking
S000002394,2026-06-03,C38191,P0008,Dining Table,Home,1,6531,20,5224.8,Delhi,Delhi,ST001,Debit Card
S000002395,2026-06-03,C10760,P0007,Milk,Grocery,5,23,20,92.0,Hyderabad,Telangana,ST004,Credit Card
S000002396,2026-06-03,C18443,P0005,Women's Jeans,Fashion,5,3681,5,17484.75,Jaipur,Rajasthan,ST009,Debit Card
S000002397,2026-06-03,C13212,P0010,Cricket Bat,Sports,2,5658,10,10184.4,Chennai,Tamil Nadu,ST005,Debit Card
S000002398,2026-06-03,C25732,P0002,Samsung TV,Electronics,1,68398,20,54718.4,Chennai,Tamil Nadu,ST005,Cash
S000002399,2026-06-03,C42691,P0009,Office Chair,Home,2,2346,0,4692.0,Kolkata,West Bengal,ST007,Credit Card
S000002400,2026-06-03,C25393,P0002,Samsung TV,Electronics,5,49139,5,233410.25,Hyderabad,Telangana,ST004,Credit Card
S000002401,2026-06-03,C38880,P0005,Women's Jeans,Fashion,1,2382,20,1905.6,Pune,Maharashtra,ST006,Cash
S000002402,2026-06-03,C16537,P0004,Men T-Shirt,Fashion,3,601,5,1712.85,Jaipur,Rajasthan,ST009,UPI
S000002403,2026-06-03,C11857,P0006,Rice Bag,Grocery,4,388,10,1396.8,Hyderabad,Telangana,ST004,Cash
S000002404,2026-06-03,C30008,P0007,Milk,Grocery,4,265,20,848.0,Lucknow,Uttar Pradesh,ST010,Credit Card
S000002405,2026-06-03,C39108,P0005,Women's Jeans,Fashion,5,1378,0,6890.0,Hyderabad,Telangana,ST004,UPI
S000002406,2026-06-03,C02045,P0010,Cricket Bat,Sports,3,300,10,810.0,Delhi,Delhi,ST001,UPI
S000002407,2026-06-03,C29168,P0007,Milk,Grocery,1,47,10,42.3,Lucknow,Uttar Pradesh,ST010,Credit Card
S000002408,2026-06-03,C14111,P0004,Men T-Shirt,Fashion,1,2793,15,2374.05,Kolkata,West Bengal,ST007,Debit Card
S000002409,2026-06-03,C42837,P0001,iPhone 16,Electronics,1,49590,5,47110.5,Chennai,Tamil Nadu,ST005,UPI
S000002410,2026-06-03,C17218,P0008,Dining Table,Home,1,8307,5,7891.65,Hyderabad,Telangana,ST004,UPI
S000002411,2026-06-03,C00941,P0002,Samsung TV,Electronics,4,85992,20,275174.4,Mumbai,Maharashtra,ST002,Credit Card
S000002412,2026-06-03,C17901,P0005,Women's Jeans,Fashion,4,1018,5,3868.4,Delhi,Delhi,ST001,Net Banking
S000002413,2026-06-03,C14122,P0002,Samsung TV,Electronics,1,14870,15,12639.5,Kolkata,West Bengal,ST007,Cash
S000002414,2026-06-03,C28344,P0008,Dining Table,Home,1,9949,0,9949.0,Kolkata,West Bengal,ST007,Credit Card
S000002415,2026-06-03,C43032,P0002,Samsung TV,Electronics,4,36568,10,131644.8,Chennai,Tamil Nadu,ST005,Debit Card
S000002416,2026-06-03,C01600,P0005,Women's Jeans,Fashion,4,515,0,2060.0,Hyderabad,Telangana,ST004,Credit Card
S000002417,2026-06-03,C36911,P0007,Milk,Grocery,2,386,0,772.0,Jaipur,Rajasthan,ST009,Cash
S000002418,2026-06-03,C18778,P0006,Rice Bag,Grocery,3,253,15,645.15,Mumbai,Maharashtra,ST002,Net Banking
S000002419,2026-06-03,C35691,P0003,Laptop,Electronics,5,80879,5,384175.25,Pune,Maharashtra,ST006,Debit Card
S000002420,2026-06-03,C21019,P0006,Rice Bag,Grocery,5,225,10,1012.5,Kolkata,West Bengal,ST007,Credit Card
S000002421,2026-06-03,C30638,P0006,Rice Bag,Grocery,4,365,20,1168.0,Chennai,Tamil Nadu,ST005,Credit Card
S000002422,2026-06-03,C26728,P0006,Rice Bag,Grocery,5,149,5,707.75,Kolkata,West Bengal,ST007,UPI
S000002423,2026-06-03,C21811,P0006,Rice Bag,Grocery,5,461,5,2189.75,Ahmedabad,Gujarat,ST008,Cash
S000002424,2026-06-03,C02803,P0006,Rice Bag,Grocery,5,194,20,776.0,Jaipur,Rajasthan,ST009,Credit Card
S000002425,2026-06-03,C41465,P0003,Laptop,Electronics,2,61950,0,123900.0,Lucknow,Uttar Pradesh,ST010,Credit Card
S000002426,2026-06-03,C27459,P0002,Samsung TV,Electronics,1,78100,0,78100.0,Jaipur,Rajasthan,ST009,Net Banking
S000002427,2026-06-03,C37714,P0001,iPhone 16,Electronics,2,39724,10,71503.2,Chennai,Tamil Nadu,ST005,Net Banking
S000002428,2026-06-03,C32059,P0002,Samsung TV,Electronics,5,61768,20,247072.0,Pune,Maharashtra,ST006,Debit Card
S000002429,2026-06-03,C43051,P0007,Milk,Grocery,3,403,15,1027.65,Hyderabad,Telangana,ST004,Net Banking
S000002430,2026-06-03,C45076,P0002,Samsung TV,Electronics,2,34684,0,69368.0,Hyderabad,Telangana,ST004,Cash
S000002431,2026-06-03,C33064,P0002,Samsung TV,Electronics,1,50180,5,47671.0,Ahmedabad,Gujarat,ST008,Credit Card
S000002432,2026-06-03,C49533,P0007,Milk,Grocery,5,346,0,1730.0,Chennai,Tamil Nadu,ST005,Credit Card
S000002433,2026-06-03,C12518,P0001,iPhone 16,Electronics,3,25869,5,73726.65,Delhi,Delhi,ST001,UPI
S000002434,2026-06-03,C12171,P0002,Samsung TV,Electronics,4,25591,15,87009.4,Mumbai,Maharashtra,ST002,Debit Card
S000002435,2026-06-03,C23431,P0007,Milk,Grocery,3,195,15,497.25,Delhi,Delhi,ST001,Net Banking
S000002436,2026-06-03,C24571,P0004,Men T-Shirt,Fashion,5,4419,20,17676.0,Chennai,Tamil Nadu,ST005,Cash
S000002437,2026-06-03,C38885,P0001,iPhone 16,Electronics,4,51894,10,186818.4,Ahmedabad,Gujarat,ST008,UPI
S000002438,2026-06-03,C02035,P0005,Women's Jeans,Fashion,5,1302,15,5533.5,Ahmedabad,Gujarat,ST008,Cash
S000002439,2026-06-03,C45128,P0010,Cricket Bat,Sports,4,747,15,2539.8,Lucknow,Uttar Pradesh,ST010,Debit Card
S000002440,2026-06-03,C02535,P0008,Dining Table,Home,3,9408,0,28224.0,Mumbai,Maharashtra,ST002,Cash
S000002441,2026-06-03,C05438,P0004,Men T-Shirt,Fashion,4,3263,5,12399.4,Mumbai,Maharashtra,ST002,Cash
S000002442,2026-06-03,C39559,P0008,Dining Table,Home,3,9554,15,24362.7,Delhi,Delhi,ST001,Debit Card
S000002443,2026-06-03,C14193,P0010,Cricket Bat,Sports,1,11503,5,10927.85,Kolkata,West Bengal,ST007,UPI
S000002444,2026-06-03,C38891,P0001,iPhone 16,Electronics,1,75807,5,72016.65,Jaipur,Rajasthan,ST009,Cash
S000002445,2026-06-03,C30355,P0005,Women's Jeans,Fashion,5,899,10,4045.5,Lucknow,Uttar Pradesh,ST010,Cash
S000002446,2026-06-03,C38382,P0002,Samsung TV,Electronics,2,69208,10,124574.4,Jaipur,Rajasthan,ST009,Cash
S000002447,2026-06-03,C10666,P0001,iPhone 16,Electronics,3,65932,0,197796.0,Chennai,Tamil Nadu,ST005,Net Banking
S000002448,2026-06-03,C45011,P0003,Laptop,Electronics,4,73733,5,280185.4,Mumbai,Maharashtra,ST002,Credit Card
S000002449,2026-06-03,C00374,P0007,Milk,Grocery,1,174,5,165.3,Bengaluru,Karnataka,ST003,Cash
S000002450,2026-06-03,C14643,P0006,Rice Bag,Grocery,2,385,15,654.5,Lucknow,Uttar Pradesh,ST010,Cash
S000002451,2026-06-03,C45927,P0002,Samsung TV,Electronics,2,27301,20,43681.6,Mumbai,Maharashtra,ST002,Credit Card
S000002452,2026-06-03,C36882,P0001,iPhone 16,Electronics,3,66357,0,199071.0,Ahmedabad,Gujarat,ST008,Cash
S000002453,2026-06-03,C46427,P0009,Office Chair,Home,1,7358,15,6254.3,Pune,Maharashtra,ST006,Net Banking
S000002454,2026-06-03,C02198,P0005,Women's Jeans,Fashion,4,1048,0,4192.0,Kolkata,West Bengal,ST007,Net Banking
S000002455,2026-06-03,C05718,P0005,Women's Jeans,Fashion,4,4654,5,17685.2,Pune,Maharashtra,ST006,Cash
S000002456,2026-06-03,C09013,P0002,Samsung TV,Electronics,1,84766,5,80527.7,Delhi,Delhi,ST001,Credit Card
S000002457,2026-06-03,C43558,P0004,Men T-Shirt,Fashion,3,2654,15,6767.7,Ahmedabad,Gujarat,ST008,Net Banking
S000002458,2026-06-03,C04380,P0003,Laptop,Electronics,1,83356,0,83356.0,Lucknow,Uttar Pradesh,ST010,Cash
S000002459,2026-06-03,C15221,P0004,Men T-Shirt,Fashion,2,3700,0,7400.0,Bengaluru,Karnataka,ST003,Debit Card
S000002460,2026-06-03,C24371,P0001,iPhone 16,Electronics,1,78755,10,70879.5,Jaipur,Rajasthan,ST009,UPI
S000002461,2026-06-03,C38377,P0009,Office Chair,Home,2,5735,5,10896.5,Delhi,Delhi,ST001,Debit Card
S000002462,2026-06-03,C31483,P0004,Men T-Shirt,Fashion,4,4421,5,16799.8,Hyderabad,Telangana,ST004,Cash
S000002463,2026-06-03,C06492,P0003,Laptop,Electronics,5,19295,5,91651.25,Kolkata,West Bengal,ST007,Net Banking
S000002464,2026-06-03,C43718,P0003,Laptop,Electronics,1,72611,20,58088.8,Jaipur,Rajasthan,ST009,Credit Card
S000002465,2026-06-03,C04758,P0010,Cricket Bat,Sports,4,14058,10,50608.8,Bengaluru,Karnataka,ST003,Credit Card
S000002466,2026-06-03,C14769,P0005,Women's Jeans,Fashion,4,851,10,3063.6,Kolkata,West Bengal,ST007,UPI
S000002467,2026-06-03,C25863,P0001,iPhone 16,Electronics,4,68959,20,220668.8,Hyderabad,Telangana,ST004,Debit Card
S000002468,2026-06-03,C14728,P0003,Laptop,Electronics,5,63284,5,300599.0,Ahmedabad,Gujarat,ST008,Net Banking
S000002469,2026-06-03,C15817,P0010,Cricket Bat,Sports,4,12966,0,51864.0,Jaipur,Rajasthan,ST009,Debit Card
S000002470,2026-06-03,C28361,P0010,Cricket Bat,Sports,1,9502,0,9502.0,Delhi,Delhi,ST001,Cash
S000002471,2026-06-03,C46169,P0003,Laptop,Electronics,3,61546,10,166174.2,Delhi,Delhi,ST001,Debit Card
S000002472,2026-06-03,C30442,P0006,Rice Bag,Grocery,5,187,10,841.5,Chennai,Tamil Nadu,ST005,Net Banking
S000002473,2026-06-03,C30797,P0009,Office Chair,Home,5,9678,20,38712.0,Ahmedabad,Gujarat,ST008,Cash
S000002474,2026-06-03,C39279,P0010,Cricket Bat,Sports,3,1790,15,4564.5,Bengaluru,Karnataka,ST003,Cash
S000002475,2026-06-03,C22441,P0009,Office Chair,Home,1,4622,10,4159.8,Jaipur,Rajasthan,ST009,Net Banking
S000002476,2026-06-03,C17777,P0005,Women's Jeans,Fashion,2,3064,10,5515.2,Lucknow,Uttar Pradesh,ST010,Net Banking
S000002477,2026-06-03,C15691,P0010,Cricket Bat,Sports,3,3443,10,9296.1,Hyderabad,Telangana,ST004,Debit Card
S000002478,2026-06-03,C33927,P0007,Milk,Grocery,5,237,5,1125.75,Chennai,Tamil Nadu,ST005,Debit Card
S000002479,2026-06-03,C40178,P0003,Laptop,Electronics,3,81142,20,194740.8,Chennai,Tamil Nadu,ST005,Credit Card
S000002480,2026-06-03,C21047,P0004,Men T-Shirt,Fashion,5,1920,0,9600.0,Ahmedabad,Gujarat,ST008,Net Banking
S000002481,2026-06-03,C47487,P0005,Women's Jeans,Fashion,5,3263,5,15499.25,Hyderabad,Telangana,ST004,Credit Card
S000002482,2026-06-03,C42434,P0008,Dining Table,Home,4,8435,10,30366.0,Pune,Maharashtra,ST006,Credit Card
S000002483,2026-06-03,C37237,P0008,Dining Table,Home,2,4673,20,7476.8,Jaipur,Rajasthan,ST009,Debit Card
S000002484,2026-06-03,C04722,P0005,Women's Jeans,Fashion,5,3720,0,18600.0,Mumbai,Maharashtra,ST002,Cash
S000002485,2026-06-03,C04362,P0004,Men T-Shirt,Fashion,4,2769,20,8860.8,Chennai,Tamil Nadu,ST005,Cash
S000002486,2026-06-03,C37189,P0007,Milk,Grocery,1,238,15,202.3,Hyderabad,Telangana,ST004,Debit Card
S000002487,2026-06-03,C39012,P0002,Samsung TV,Electronics,4,51044,0,204176.0,Ahmedabad,Gujarat,ST008,Cash
S000002488,2026-06-03,C09158,P0003,Laptop,Electronics,1,15378,0,15378.0,Mumbai,Maharashtra,ST002,Debit Card
S000002489,2026-06-03,C18177,P0002,Samsung TV,Electronics,3,26701,0,80103.0,Jaipur,Rajasthan,ST009,Net Banking
S000002490,2026-06-03,C48695,P0007,Milk,Grocery,5,50,0,250.0,Hyderabad,Telangana,ST004,UPI
S000002491,2026-06-03,C07303,P0006,Rice Bag,Grocery,3,240,5,684.0,Lucknow,Uttar Pradesh,ST010,Debit Card
S000002492,2026-06-03,C15106,P0004,Men T-Shirt,Fashion,5,2685,20,10740.0,Lucknow,Uttar Pradesh,ST010,Net Banking
S000002493,2026-06-03,C23171,P0004,Men T-Shirt,Fashion,5,3094,5,14696.5,Bengaluru,Karnataka,ST003,UPI
S000002494,2026-06-03,C11262,P0007,Milk,Grocery,5,28,5,133.0,Hyderabad,Telangana,ST004,Net Banking
S000002495,2026-06-03,C05976,P0010,Cricket Bat,Sports,4,2340,0,9360.0,Lucknow,Uttar Pradesh,ST010,Debit Card
S000002496,2026-06-03,C16135,P0007,Milk,Grocery,4,332,5,1261.6,Hyderabad,Telangana,ST004,Credit Card
S000002497,2026-06-03,C11374,P0004,Men T-Shirt,Fashion,1,2456,10,2210.4,Chennai,Tamil Nadu,ST005,UPI
S000002498,2026-06-03,C28521,P0010,Cricket Bat,Sports,4,3796,5,14424.8,Lucknow,Uttar Pradesh,ST010,Cash
S000002499,2026-06-03,C06578,P0002,Samsung TV,Electronics,4,29711,15,101017.4,Kolkata,West Bengal,ST007,Cash
S000002500,2026-06-03,C40309,P0007,Milk,Grocery,3,125,15,318.75,Delhi,Delhi,ST001,Net Banking
S000002501,2026-06-03,C28617,P0009,Office Chair,Home,1,8676,20,6940.8,Pune,Maharashtra,ST006,Debit Card
S000002502,2026-06-03,C40347,P0007,Milk,Grocery,2,210,5,399.0,Ahmedabad,Gujarat,ST008,Net Banking
S000002503,2026-06-03,C46102,P0002,Samsung TV,Electronics,2,62953,5,119610.7,Lucknow,Uttar Pradesh,ST010,Cash
S000002504,2026-06-03,C14283,P0006,Rice Bag,Grocery,3,147,10,396.9,Pune,Maharashtra,ST006,Cash
S000002505,2026-06-03,C15132,P0007,Milk,Grocery,1,371,20,296.8,Lucknow,Uttar Pradesh,ST010,Cash
S000002506,2026-06-03,C15996,P0002,Samsung TV,Electronics,4,84928,10,305740.8,Ahmedabad,Gujarat,ST008,UPI
S000002507,2026-06-03,C23562,P0007,Milk,Grocery,4,390,15,1326.0,Delhi,Delhi,ST001,Cash
S000002508,2026-06-03,C27797,P0002,Samsung TV,Electronics,3,39957,10,107883.9,Kolkata,West Bengal,ST007,Debit Card
S000002509,2026-06-03,C24026,P0005,Women's Jeans,Fashion,2,2295,20,3672.0,Ahmedabad,Gujarat,ST008,Credit Card
S000002510,2026-06-03,C42272,P0009,Office Chair,Home,2,1094,15,1859.8,Lucknow,Uttar Pradesh,ST010,Net Banking
S000002511,2026-06-03,C23893,P0001,iPhone 16,Electronics,2,22108,20,35372.8,Hyderabad,Telangana,ST004,UPI
S000002512,2026-06-03,C45569,P0009,Office Chair,Home,1,9105,10,8194.5,Delhi,Delhi,ST001,Debit Card
S000002513,2026-06-03,C29695,P0003,Laptop,Electronics,4,46505,5,176719.0,Chennai,Tamil Nadu,ST005,Credit Card
S000002514,2026-06-03,C15014,P0007,Milk,Grocery,5,54,5,256.5,Chennai,Tamil Nadu,ST005,Credit Card
S000002515,2026-06-03,C06048,P0010,Cricket Bat,Sports,2,5022,20,8035.2,Delhi,Delhi,ST001,Net Banking
S000002516,2026-06-03,C30819,P0007,Milk,Grocery,1,433,5,411.35,Bengaluru,Karnataka,ST003,Credit Card
S000002517,2026-06-03,C39495,P0002,Samsung TV,Electronics,3,33426,20,80222.4,Mumbai,Maharashtra,ST002,UPI
S000002518,2026-06-03,C08136,P0008,Dining Table,Home,2,3002,20,4803.2,Jaipur,Rajasthan,ST009,Debit Card
S000002519,2026-06-03,C12243,P0004,Men T-Shirt,Fashion,2,2730,20,4368.0,Delhi,Delhi,ST001,Debit Card
S000002520,2026-06-03,C01358,P0009,Office Chair,Home,4,2711,5,10301.8,Jaipur,Rajasthan,ST009,UPI
S000002521,2026-06-03,C03169,P0008,Dining Table,Home,2,6516,20,10425.6,Bengaluru,Karnataka,ST003,Credit Card
S000002522,2026-06-03,C18303,P0008,Dining Table,Home,2,2300,5,4370.0,Hyderabad,Telangana,ST004,Cash
S000002523,2026-06-03,C10623,P0010,Cricket Bat,Sports,4,2526,0,10104.0,Delhi,Delhi,ST001,UPI
S000002524,2026-06-03,C18823,P0008,Dining Table,Home,4,9516,20,30451.2,Jaipur,Rajasthan,ST009,Cash
S000002525,2026-06-03,C47595,P0007,Milk,Grocery,5,201,20,804.0,Jaipur,Rajasthan,ST009,Cash
S000002526,2026-06-03,C37846,P0007,Milk,Grocery,4,105,20,336.0,Chennai,Tamil Nadu,ST005,Net Banking
S000002527,2026-06-03,C32751,P0003,Laptop,Electronics,1,88616,10,79754.4,Delhi,Delhi,ST001,Credit Card
S000002528,2026-06-03,C19559,P0002,Samsung TV,Electronics,4,59275,10,213390.0,Lucknow,Uttar Pradesh,ST010,Cash
S000002529,2026-06-03,C24486,P0001,iPhone 16,Electronics,2,12102,5,22993.8,Pune,Maharashtra,ST006,Cash
S000002530,2026-06-03,C28544,P0003,Laptop,Electronics,2,49580,15,84286.0,Ahmedabad,Gujarat,ST008,Net Banking
S000002531,2026-06-03,C16024,P0003,Laptop,Electronics,4,43150,15,146710.0,Delhi,Delhi,ST001,Credit Card
S000002532,2026-06-03,C26165,P0008,Dining Table,Home,2,8090,5,15371.0,Ahmedabad,Gujarat,ST008,Debit Card
S000002533,2026-06-03,C27250,P0001,iPhone 16,Electronics,1,48721,10,43848.9,Hyderabad,Telangana,ST004,Credit Card
S000002534,2026-06-03,C03482,P0006,Rice Bag,Grocery,4,59,20,188.8,Ahmedabad,Gujarat,ST008,Cash
S000002535,2026-06-03,C19265,P0006,Rice Bag,Grocery,4,40,15,136.0,Jaipur,Rajasthan,ST009,Net Banking
S000002536,2026-06-03,C04441,P0006,Rice Bag,Grocery,3,492,20,1180.8,Pune,Maharashtra,ST006,Credit Card
S000002537,2026-06-03,C10876,P0001,iPhone 16,Electronics,5,45338,0,226690.0,Mumbai,Maharashtra,ST002,Credit Card
S000002538,2026-06-03,C01618,P0009,Office Chair,Home,3,895,15,2282.25,Hyderabad,Telangana,ST004,Net Banking
S000002539,2026-06-03,C26439,P0006,Rice Bag,Grocery,3,338,10,912.6,Lucknow,Uttar Pradesh,ST010,Cash
S000002540,2026-06-03,C18673,P0006,Rice Bag,Grocery,5,83,15,352.75,Delhi,Delhi,ST001,Net Banking
S000002541,2026-06-03,C49709,P0008,Dining Table,Home,1,9478,20,7582.4,Kolkata,West Bengal,ST007,Net Banking
S000002542,2026-06-03,C33158,P0002,Samsung TV,Electronics,3,67653,10,182663.1,Bengaluru,Karnataka,ST003,Cash
S000002543,2026-06-03,C09435,P0003,Laptop,Electronics,5,60317,10,271426.5,Hyderabad,Telangana,ST004,UPI
S000002544,2026-06-03,C25848,P0004,Men T-Shirt,Fashion,3,599,5,1707.15,Delhi,Delhi,ST001,UPI
S000002545,2026-06-03,C12747,P0007,Milk,Grocery,4,429,5,1630.2,Lucknow,Uttar Pradesh,ST010,Credit Card
S000002546,2026-06-03,C27979,P0009,Office Chair,Home,2,509,0,1018.0,Lucknow,Uttar Pradesh,ST010,Debit Card
S000002547,2026-06-03,C10709,P0001,iPhone 16,Electronics,1,38717,15,32909.45,Chennai,Tamil Nadu,ST005,Cash
S000002548,2026-06-03,C10854,P0008,Dining Table,Home,4,6115,20,19568.0,Mumbai,Maharashtra,ST002,UPI
S000002549,2026-06-03,C47706,P0006,Rice Bag,Grocery,5,305,20,1220.0,Ahmedabad,Gujarat,ST008,Debit Card
S000002550,2026-06-03,C48636,P0006,Rice Bag,Grocery,2,361,20,577.6,Pune,Maharashtra,ST006,Net Banking
S000002551,2026-06-03,C34082,P0005,Women's Jeans,Fashion,2,682,15,1159.4,Lucknow,Uttar Pradesh,ST010,Credit Card
S000002552,2026-06-03,C31680,P0005,Women's Jeans,Fashion,3,4586,15,11694.3,Pune,Maharashtra,ST006,Net Banking
S000002553,2026-06-03,C03362,P0010,Cricket Bat,Sports,1,13801,5,13110.95,Chennai,Tamil Nadu,ST005,Debit Card
S000002554,2026-06-03,C36374,P0004,Men T-Shirt,Fashion,4,1755,0,7020.0,Hyderabad,Telangana,ST004,Credit Card
S000002555,2026-06-03,C45704,P0009,Office Chair,Home,4,7051,15,23973.4,Jaipur,Rajasthan,ST009,Debit Card
S000002556,2026-06-03,C37131,P0006,Rice Bag,Grocery,2,103,20,164.8,Chennai,Tamil Nadu,ST005,UPI
S000002557,2026-06-03,C31535,P0002,Samsung TV,Electronics,4,63205,15,214897.0,Pune,Maharashtra,ST006,UPI
S000002558,2026-06-03,C10096,P0007,Milk,Grocery,3,500,10,1350.0,Ahmedabad,Gujarat,ST008,UPI
S000002559,2026-06-03,C07749,P0005,Women's Jeans,Fashion,4,3746,20,11987.2,Hyderabad,Telangana,ST004,Cash
S000002560,2026-06-03,C14027,P0007,Milk,Grocery,3,144,20,345.6,Kolkata,West Bengal,ST007,Credit Card
S000002561,2026-06-03,C10807,P0006,Rice Bag,Grocery,3,323,15,823.65,Bengaluru,Karnataka,ST003,Net Banking
S000002562,2026-06-03,C05432,P0002,Samsung TV,Electronics,1,29666,20,23732.8,Mumbai,Maharashtra,ST002,UPI
S000002563,2026-06-03,C28085,P0008,Dining Table,Home,1,534,15,453.9,Mumbai,Maharashtra,ST002,Credit Card
S000002564,2026-06-03,C11638,P0001,iPhone 16,Electronics,3,56825,20,136380.0,Bengaluru,Karnataka,ST003,Debit Card
S000002565,2026-06-03,C05736,P0001,iPhone 16,Electronics,3,23103,0,69309.0,Bengaluru,Karnataka,ST003,Debit Card
S000002566,2026-06-03,C38199,P0002,Samsung TV,Electronics,1,35198,5,33438.1,Delhi,Delhi,ST001,Net Banking
S000002567,2026-06-03,C25616,P0008,Dining Table,Home,5,5274,20,21096.0,Mumbai,Maharashtra,ST002,Debit Card
S000002568,2026-06-03,C34478,P0002,Samsung TV,Electronics,2,18512,15,31470.4,Lucknow,Uttar Pradesh,ST010,Debit Card
S000002569,2026-06-03,C39726,P0005,Women's Jeans,Fashion,1,4566,20,3652.8,Bengaluru,Karnataka,ST003,Net Banking
S000002570,2026-06-03,C14667,P0005,Women's Jeans,Fashion,3,1833,15,4674.15,Delhi,Delhi,ST001,Cash
S000002571,2026-06-03,C29656,P0006,Rice Bag,Grocery,3,354,15,902.7,Jaipur,Rajasthan,ST009,Debit Card
S000002572,2026-06-03,C27393,P0004,Men T-Shirt,Fashion,2,2471,15,4200.7,Chennai,Tamil Nadu,ST005,Debit Card
S000002573,2026-06-03,C09747,P0003,Laptop,Electronics,1,87028,0,87028.0,Delhi,Delhi,ST001,UPI
S000002574,2026-06-03,C09679,P0002,Samsung TV,Electronics,2,19626,10,35326.8,Ahmedabad,Gujarat,ST008,Credit Card
S000002575,2026-06-03,C21806,P0006,Rice Bag,Grocery,4,242,15,822.8,Lucknow,Uttar Pradesh,ST010,Credit Card
S000002576,2026-06-03,C08036,P0009,Office Chair,Home,2,8253,0,16506.0,Lucknow,Uttar Pradesh,ST010,Debit Card
S000002577,2026-06-03,C23869,P0003,Laptop,Electronics,3,18658,0,55974.0,Kolkata,West Bengal,ST007,Credit Card
S000002578,2026-06-03,C02057,P0005,Women's Jeans,Fashion,4,4297,15,14609.8,Kolkata,West Bengal,ST007,Credit Card
S000002579,2026-06-03,C46475,P0006,Rice Bag,Grocery,3,401,15,1022.55,Ahmedabad,Gujarat,ST008,Credit Card
S000002580,2026-06-03,C43150,P0006,Rice Bag,Grocery,1,465,5,441.75,Lucknow,Uttar Pradesh,ST010,Credit Card
S000002581,2026-06-03,C16424,P0007,Milk,Grocery,3,95,0,285.0,Mumbai,Maharashtra,ST002,Cash
S000002582,2026-06-03,C09198,P0004,Men T-Shirt,Fashion,4,2776,5,10548.8,Jaipur,Rajasthan,ST009,Net Banking
S000002583,2026-06-03,C47238,P0003,Laptop,Electronics,1,57281,10,51552.9,Kolkata,West Bengal,ST007,UPI
S000002584,2026-06-03,C40297,P0006,Rice Bag,Grocery,1,267,20,213.6,Pune,Maharashtra,ST006,UPI
S000002585,2026-06-03,C13220,P0004,Men T-Shirt,Fashion,5,2740,20,10960.0,Bengaluru,Karnataka,ST003,Debit Card
S000002586,2026-06-03,C25605,P0009,Office Chair,Home,5,3722,15,15818.5,Lucknow,Uttar Pradesh,ST010,Net Banking
S000002587,2026-06-03,C47925,P0001,iPhone 16,Electronics,5,48036,20,192144.0,Ahmedabad,Gujarat,ST008,Net Banking
S000002588,2026-06-03,C49531,P0008,Dining Table,Home,3,793,15,2022.15,Delhi,Delhi,ST001,Debit Card
S000002589,2026-06-03,C38622,P0002,Samsung TV,Electronics,4,89791,20,287331.2,Ahmedabad,Gujarat,ST008,Cash
S000002590,2026-06-03,C15136,P0006,Rice Bag,Grocery,4,155,10,558.0,Lucknow,Uttar Pradesh,ST010,Credit Card
S000002591,2026-06-03,C42734,P0001,iPhone 16,Electronics,3,61748,10,166719.6,Hyderabad,Telangana,ST004,Net Banking
S000002592,2026-06-03,C00281,P0009,Office Chair,Home,2,7860,5,14934.0,Hyderabad,Telangana,ST004,UPI
S000002593,2026-06-03,C26017,P0001,iPhone 16,Electronics,1,45865,20,36692.0,Kolkata,West Bengal,ST007,UPI
S000002594,2026-06-03,C35819,P0007,Milk,Grocery,3,413,20,991.2,Delhi,Delhi,ST001,Net Banking
S000002595,2026-06-03,C43471,P0001,iPhone 16,Electronics,2,80004,20,128006.4,Ahmedabad,Gujarat,ST008,Net Banking
S000002596,2026-06-03,C18846,P0002,Samsung TV,Electronics,5,53068,5,252073.0,Hyderabad,Telangana,ST004,Cash
S000002597,2026-06-03,C35722,P0004,Men T-Shirt,Fashion,1,3193,5,3033.35,Delhi,Delhi,ST001,Cash
S000002598,2026-06-03,C31449,P0001,iPhone 16,Electronics,3,32154,10,86815.8,Mumbai,Maharashtra,ST002,Credit Card
S000002599,2026-06-03,C44028,P0005,Women's Jeans,Fashion,4,2171,5,8249.8,Kolkata,West Bengal,ST007,Credit Card
S000002600,2026-06-03,C23687,P0002,Samsung TV,Electronics,5,81916,0,409580.0,Chennai,Tamil Nadu,ST005,Debit Card
S000002601,2026-06-03,C04996,P0003,Laptop,Electronics,2,18648,10,33566.4,Mumbai,Maharashtra,ST002,UPI
S000002602,2026-06-03,C11730,P0002,Samsung TV,Electronics,1,75596,20,60476.8,Ahmedabad,Gujarat,ST008,Debit Card
S000002603,2026-06-03,C30494,P0009,Office Chair,Home,5,5059,0,25295.0,Mumbai,Maharashtra,ST002,Cash
S000002604,2026-06-03,C23348,P0002,Samsung TV,Electronics,4,34811,20,111395.2,Pune,Maharashtra,ST006,Credit Card
S000002605,2026-06-03,C16403,P0001,iPhone 16,Electronics,1,31271,5,29707.45,Lucknow,Uttar Pradesh,ST010,UPI
S000002606,2026-06-03,C22420,P0003,Laptop,Electronics,2,72742,10,130935.6,Jaipur,Rajasthan,ST009,Net Banking
S000002607,2026-06-03,C01953,P0006,Rice Bag,Grocery,1,433,20,346.4,Kolkata,West Bengal,ST007,Cash
S000002608,2026-06-03,C26376,P0004,Men T-Shirt,Fashion,5,4460,20,17840.0,Bengaluru,Karnataka,ST003,Credit Card
S000002609,2026-06-03,C49004,P0002,Samsung TV,Electronics,5,70011,15,297546.75,Hyderabad,Telangana,ST004,Cash
S000002610,2026-06-03,C21117,P0006,Rice Bag,Grocery,1,251,5,238.45,Hyderabad,Telangana,ST004,UPI
S000002611,2026-06-03,C00244,P0010,Cricket Bat,Sports,3,10928,10,29505.6,Pune,Maharashtra,ST006,UPI
S000002612,2026-06-03,C27233,P0001,iPhone 16,Electronics,1,27574,0,27574.0,Pune,Maharashtra,ST006,Cash
S000002613,2026-06-03,C38971,P0009,Office Chair,Home,5,2724,15,11577.0,Jaipur,Rajasthan,ST009,UPI
S000002614,2026-06-03,C32398,P0009,Office Chair,Home,1,1032,10,928.8,Jaipur,Rajasthan,ST009,Debit Card
S000002615,2026-06-03,C16125,P0005,Women's Jeans,Fashion,3,818,0,2454.0,Jaipur,Rajasthan,ST009,Cash
S000002616,2026-06-03,C03599,P0005,Women's Jeans,Fashion,4,1753,10,6310.8,Bengaluru,Karnataka,ST003,Debit Card
S000002617,2026-06-03,C22279,P0007,Milk,Grocery,3,58,15,147.9,Mumbai,Maharashtra,ST002,Net Banking
S000002618,2026-06-03,C20211,P0005,Women's Jeans,Fashion,1,2835,10,2551.5,Kolkata,West Bengal,ST007,UPI
S000002619,2026-06-03,C12110,P0002,Samsung TV,Electronics,5,88583,0,442915.0,Bengaluru,Karnataka,ST003,Net Banking
S000002620,2026-06-03,C23759,P0002,Samsung TV,Electronics,3,51721,0,155163.0,Mumbai,Maharashtra,ST002,Debit Card
S000002621,2026-06-03,C11969,P0010,Cricket Bat,Sports,1,4093,0,4093.0,Hyderabad,Telangana,ST004,Net Banking
S000002622,2026-06-03,C18122,P0005,Women's Jeans,Fashion,1,4996,20,3996.8,Jaipur,Rajasthan,ST009,Net Banking
S000002623,2026-06-03,C45252,P0009,Office Chair,Home,3,2145,15,5469.75,Chennai,Tamil Nadu,ST005,Net Banking
S000002624,2026-06-03,C49303,P0001,iPhone 16,Electronics,1,53681,10,48312.9,Chennai,Tamil Nadu,ST005,Cash
S000002625,2026-06-03,C48569,P0001,iPhone 16,Electronics,1,87110,0,87110.0,Bengaluru,Karnataka,ST003,UPI
S000002626,2026-06-03,C07002,P0008,Dining Table,Home,3,7151,20,17162.4,Delhi,Delhi,ST001,Cash
S000002627,2026-06-03,C07006,P0005,Women's Jeans,Fashion,5,2528,0,12640.0,Bengaluru,Karnataka,ST003,Net Banking
S000002628,2026-06-03,C21894,P0003,Laptop,Electronics,1,12207,15,10375.95,Bengaluru,Karnataka,ST003,Net Banking
S000002629,2026-06-03,C14315,P0003,Laptop,Electronics,2,63465,0,126930.0,Bengaluru,Karnataka,ST003,Net Banking
S000002630,2026-06-03,C44657,P0009,Office Chair,Home,2,8571,20,13713.6,Chennai,Tamil Nadu,ST005,Net Banking
S000002631,2026-06-03,C15592,P0001,iPhone 16,Electronics,5,60913,5,289336.75,Kolkata,West Bengal,ST007,Credit Card
S000002632,2026-06-03,C34589,P0005,Women's Jeans,Fashion,4,3871,20,12387.2,Pune,Maharashtra,ST006,Credit Card
S000002633,2026-06-03,C18853,P0005,Women's Jeans,Fashion,1,3942,10,3547.8,Hyderabad,Telangana,ST004,Net Banking
S000002634,2026-06-03,C42490,P0010,Cricket Bat,Sports,1,6944,20,5555.2,Ahmedabad,Gujarat,ST008,UPI
S000002635,2026-06-03,C12529,P0005,Women's Jeans,Fashion,2,1482,5,2815.8,Bengaluru,Karnataka,ST003,Net Banking
S000002636,2026-06-03,C08681,P0001,iPhone 16,Electronics,1,19463,15,16543.55,Hyderabad,Telangana,ST004,Credit Card
S000002637,2026-06-03,C08714,P0004,Men T-Shirt,Fashion,5,523,5,2484.25,Chennai,Tamil Nadu,ST005,UPI
S000002638,2026-06-03,C47005,P0002,Samsung TV,Electronics,1,54742,5,52004.9,Delhi,Delhi,ST001,Cash
S000002639,2026-06-03,C29300,P0003,Laptop,Electronics,3,52613,15,134163.15,Bengaluru,Karnataka,ST003,UPI
S000002640,2026-06-03,C24821,P0009,Office Chair,Home,2,2890,5,5491.0,Chennai,Tamil Nadu,ST005,Cash
S000002641,2026-06-03,C25508,P0006,Rice Bag,Grocery,4,270,10,972.0,Hyderabad,Telangana,ST004,Credit Card
S000002642,2026-06-03,C28669,P0001,iPhone 16,Electronics,4,70762,5,268895.6,Chennai,Tamil Nadu,ST005,UPI
S000002643,2026-06-03,C04025,P0001,iPhone 16,Electronics,3,36717,15,93628.35,Ahmedabad,Gujarat,ST008,Net Banking
S000002644,2026-06-03,C07237,P0005,Women's Jeans,Fashion,3,1950,15,4972.5,Bengaluru,Karnataka,ST003,Debit Card
S000002645,2026-06-03,C00903,P0008,Dining Table,Home,5,7945,10,35752.5,Jaipur,Rajasthan,ST009,UPI
S000002646,2026-06-03,C19871,P0004,Men T-Shirt,Fashion,3,4406,15,11235.3,Ahmedabad,Gujarat,ST008,Credit Card
S000002647,2026-06-03,C17672,P0003,Laptop,Electronics,4,27496,0,109984.0,Ahmedabad,Gujarat,ST008,Credit Card
S000002648,2026-06-03,C15364,P0008,Dining Table,Home,5,8850,5,42037.5,Kolkata,West Bengal,ST007,Credit Card
S000002649,2026-06-03,C07198,P0005,Women's Jeans,Fashion,3,1309,10,3534.3,Pune,Maharashtra,ST006,Net Banking
S000002650,2026-06-03,C43142,P0009,Office Chair,Home,1,1531,20,1224.8,Chennai,Tamil Nadu,ST005,Cash
S000002651,2026-06-03,C07021,P0004,Men T-Shirt,Fashion,2,4841,5,9197.9,Chennai,Tamil Nadu,ST005,Debit Card
S000002652,2026-06-03,C41126,P0008,Dining Table,Home,2,820,10,1476.0,Jaipur,Rajasthan,ST009,UPI
S000002653,2026-06-03,C45197,P0009,Office Chair,Home,3,523,15,1333.65,Kolkata,West Bengal,ST007,Net Banking
S000002654,2026-06-03,C12676,P0003,Laptop,Electronics,4,42921,10,154515.6,Mumbai,Maharashtra,ST002,Debit Card
S000002655,2026-06-03,C38417,P0004,Men T-Shirt,Fashion,5,3423,0,17115.0,Kolkata,West Bengal,ST007,Net Banking
S000002656,2026-06-03,C24899,P0008,Dining Table,Home,2,5820,0,11640.0,Lucknow,Uttar Pradesh,ST010,Credit Card
S000002657,2026-06-03,C22030,P0006,Rice Bag,Grocery,5,190,15,807.5,Ahmedabad,Gujarat,ST008,Credit Card
S000002658,2026-06-03,C14915,P0007,Milk,Grocery,1,72,20,57.6,Jaipur,Rajasthan,ST009,UPI
S000002659,2026-06-03,C08979,P0004,Men T-Shirt,Fashion,2,4326,15,7354.2,Kolkata,West Bengal,ST007,UPI
S000002660,2026-06-03,C35061,P0002,Samsung TV,Electronics,4,27789,5,105598.2,Mumbai,Maharashtra,ST002,Net Banking
S000002661,2026-06-03,C48368,P0004,Men T-Shirt,Fashion,1,799,10,719.1,Hyderabad,Telangana,ST004,Debit Card
S000002662,2026-06-03,C00767,P0010,Cricket Bat,Sports,3,10835,20,26004.0,Kolkata,West Bengal,ST007,UPI
S000002663,2026-06-03,C29481,P0004,Men T-Shirt,Fashion,2,1473,0,2946.0,Mumbai,Maharashtra,ST002,Debit Card
S000002664,2026-06-03,C16405,P0010,Cricket Bat,Sports,1,8098,10,7288.2,Jaipur,Rajasthan,ST009,Credit Card
S000002665,2026-06-03,C35460,P0003,Laptop,Electronics,2,63976,10,115156.8,Delhi,Delhi,ST001,Cash
S000002666,2026-06-03,C06560,P0002,Samsung TV,Electronics,2,85454,10,153817.2,Jaipur,Rajasthan,ST009,Net Banking
S000002667,2026-06-03,C00007,P0007,Milk,Grocery,4,304,5,1155.2,Pune,Maharashtra,ST006,Debit Card
S000002668,2026-06-03,C01763,P0002,Samsung TV,Electronics,3,35237,5,100425.45,Lucknow,Uttar Pradesh,ST010,UPI
S000002669,2026-06-03,C10287,P0004,Men T-Shirt,Fashion,2,2212,5,4202.8,Delhi,Delhi,ST001,Credit Card
S000002670,2026-06-03,C08692,P0005,Women's Jeans,Fashion,4,2348,20,7513.6,Ahmedabad,Gujarat,ST008,UPI
S000002671,2026-06-03,C08816,P0001,iPhone 16,Electronics,3,49268,15,125633.4,Mumbai,Maharashtra,ST002,Credit Card
S000002672,2026-06-03,C10088,P0002,Samsung TV,Electronics,4,10999,5,41796.2,Bengaluru,Karnataka,ST003,Cash
S000002673,2026-06-03,C24546,P0001,iPhone 16,Electronics,4,24224,0,96896.0,Jaipur,Rajasthan,ST009,Credit Card
S000002674,2026-06-03,C10325,P0004,Men T-Shirt,Fashion,4,1388,15,4719.2,Mumbai,Maharashtra,ST002,Credit Card
S000002675,2026-06-03,C15025,P0003,Laptop,Electronics,5,79581,20,318324.0,Chennai,Tamil Nadu,ST005,Net Banking
S000002676,2026-06-03,C38380,P0006,Rice Bag,Grocery,5,292,20,1168.0,Ahmedabad,Gujarat,ST008,Credit Card
S000002677,2026-06-03,C14129,P0008,Dining Table,Home,5,7792,10,35064.0,Kolkata,West Bengal,ST007,Credit Card
S000002678,2026-06-03,C20692,P0005,Women's Jeans,Fashion,1,2107,15,1790.95,Lucknow,Uttar Pradesh,ST010,Credit Card
S000002679,2026-06-03,C19369,P0007,Milk,Grocery,1,467,20,373.6,Jaipur,Rajasthan,ST009,Cash
S000002680,2026-06-03,C07560,P0003,Laptop,Electronics,5,24832,20,99328.0,Delhi,Delhi,ST001,Credit Card
S000002681,2026-06-03,C31413,P0007,Milk,Grocery,1,285,5,270.75,Lucknow,Uttar Pradesh,ST010,Credit Card
S000002682,2026-06-03,C35326,P0004,Men T-Shirt,Fashion,1,4664,20,3731.2,Bengaluru,Karnataka,ST003,Credit Card
S000002683,2026-06-03,C35630,P0002,Samsung TV,Electronics,5,20953,10,94288.5,Hyderabad,Telangana,ST004,Net Banking
S000002684,2026-06-03,C34412,P0009,Office Chair,Home,3,5940,20,14256.0,Mumbai,Maharashtra,ST002,Debit Card
S000002685,2026-06-03,C08925,P0003,Laptop,Electronics,4,36909,5,140254.2,Delhi,Delhi,ST001,Cash
S000002686,2026-06-03,C14452,P0002,Samsung TV,Electronics,5,67979,0,339895.0,Jaipur,Rajasthan,ST009,Credit Card
S000002687,2026-06-03,C27665,P0009,Office Chair,Home,4,3197,10,11509.2,Mumbai,Maharashtra,ST002,Debit Card
S000002688,2026-06-03,C22131,P0001,iPhone 16,Electronics,1,13172,0,13172.0,Delhi,Delhi,ST001,UPI
S000002689,2026-06-03,C05482,P0006,Rice Bag,Grocery,1,62,5,58.9,Bengaluru,Karnataka,ST003,Net Banking
S000002690,2026-06-03,C31509,P0002,Samsung TV,Electronics,3,17503,20,42007.2,Ahmedabad,Gujarat,ST008,Net Banking
S000002691,2026-06-03,C01694,P0003,Laptop,Electronics,4,25093,20,80297.6,Pune,Maharashtra,ST006,Debit Card
S000002692,2026-06-03,C42311,P0005,Women's Jeans,Fashion,2,1196,20,1913.6,Chennai,Tamil Nadu,ST005,Debit Card
S000002693,2026-06-03,C09696,P0010,Cricket Bat,Sports,4,5005,15,17017.0,Lucknow,Uttar Pradesh,ST010,Net Banking
S000002694,2026-06-03,C34225,P0002,Samsung TV,Electronics,3,75721,20,181730.4,Bengaluru,Karnataka,ST003,Credit Card
S000002695,2026-06-03,C02783,P0006,Rice Bag,Grocery,1,279,15,237.15,Kolkata,West Bengal,ST007,Cash
S000002696,2026-06-03,C30626,P0001,iPhone 16,Electronics,1,10366,10,9329.4,Delhi,Delhi,ST001,Net Banking
S000002697,2026-06-03,C16097,P0007,Milk,Grocery,1,205,20,164.0,Pune,Maharashtra,ST006,Debit Card
S000002698,2026-06-03,C18028,P0009,Office Chair,Home,4,9724,0,38896.0,Bengaluru,Karnataka,ST003,Cash
S000002699,2026-06-03,C15454,P0007,Milk,Grocery,5,136,10,612.0,Bengaluru,Karnataka,ST003,Debit Card
S000002700,2026-06-03,C24220,P0001,iPhone 16,Electronics,2,85605,15,145528.5,Pune,Maharashtra,ST006,Debit Card
S000002701,2026-06-03,C47816,P0001,iPhone 16,Electronics,4,16951,15,57633.4,Jaipur,Rajasthan,ST009,UPI
S000002702,2026-06-03,C13627,P0004,Men T-Shirt,Fashion,5,4268,20,17072.0,Kolkata,West Bengal,ST007,Net Banking
S000002703,2026-06-03,C23271,P0001,iPhone 16,Electronics,2,26484,0,52968.0,Lucknow,Uttar Pradesh,ST010,Net Banking
S000002704,2026-06-03,C03979,P0005,Women's Jeans,Fashion,4,2571,20,8227.2,Delhi,Delhi,ST001,UPI
S000002705,2026-06-03,C08144,P0009,Office Chair,Home,3,4737,5,13500.45,Jaipur,Rajasthan,ST009,UPI
S000002706,2026-06-03,C35880,P0008,Dining Table,Home,5,3676,15,15623.0,Ahmedabad,Gujarat,ST008,Credit Card
S000002707,2026-06-03,C47067,P0004,Men T-Shirt,Fashion,4,2693,5,10233.4,Jaipur,Rajasthan,ST009,UPI
S000002708,2026-06-03,C10149,P0002,Samsung TV,Electronics,5,48686,5,231258.5,Bengaluru,Karnataka,ST003,Cash
S000002709,2026-06-03,C34192,P0010,Cricket Bat,Sports,3,2898,0,8694.0,Chennai,Tamil Nadu,ST005,Cash
S000002710,2026-06-03,C15907,P0007,Milk,Grocery,5,240,5,1140.0,Bengaluru,Karnataka,ST003,Debit Card
S000002711,2026-06-03,C06822,P0005,Women's Jeans,Fashion,4,834,15,2835.6,Chennai,Tamil Nadu,ST005,UPI
S000002712,2026-06-03,C19112,P0007,Milk,Grocery,3,407,10,1098.9,Bengaluru,Karnataka,ST003,Debit Card
S000002713,2026-06-03,C02774,P0003,Laptop,Electronics,3,54555,20,130932.0,Kolkata,West Bengal,ST007,Credit Card
S000002714,2026-06-03,C44774,P0003,Laptop,Electronics,1,21089,15,17925.65,Chennai,Tamil Nadu,ST005,Credit Card
S000002715,2026-06-03,C24725,P0005,Women's Jeans,Fashion,3,4702,20,11284.8,Kolkata,West Bengal,ST007,Debit Card
S000002716,2026-06-03,C34758,P0009,Office Chair,Home,1,6535,5,6208.25,Delhi,Delhi,ST001,Credit Card
S000002717,2026-06-03,C36444,P0009,Office Chair,Home,3,5932,5,16906.2,Jaipur,Rajasthan,ST009,Credit Card
S000002718,2026-06-03,C30519,P0010,Cricket Bat,Sports,1,5046,0,5046.0,Delhi,Delhi,ST001,Debit Card
S000002719,2026-06-03,C19096,P0004,Men T-Shirt,Fashion,2,3408,5,6475.2,Hyderabad,Telangana,ST004,Credit Card
S000002720,2026-06-03,C34486,P0005,Women's Jeans,Fashion,1,3733,5,3546.35,Lucknow,Uttar Pradesh,ST010,Debit Card
S000002721,2026-06-03,C09268,P0002,Samsung TV,Electronics,5,69604,20,278416.0,Mumbai,Maharashtra,ST002,UPI
S000002722,2026-06-03,C30570,P0002,Samsung TV,Electronics,5,36033,5,171156.75,Jaipur,Rajasthan,ST009,UPI
S000002723,2026-06-03,C38884,P0002,Samsung TV,Electronics,2,27656,15,47015.2,Hyderabad,Telangana,ST004,Cash
S000002724,2026-06-03,C42208,P0006,Rice Bag,Grocery,4,457,0,1828.0,Hyderabad,Telangana,ST004,UPI
S000002725,2026-06-03,C47407,P0002,Samsung TV,Electronics,5,75099,10,337945.5,Mumbai,Maharashtra,ST002,Net Banking
S000002726,2026-06-03,C25516,P0002,Samsung TV,Electronics,4,82423,20,263753.6,Ahmedabad,Gujarat,ST008,Net Banking
S000002727,2026-06-03,C00550,P0001,iPhone 16,Electronics,1,13853,20,11082.4,Bengaluru,Karnataka,ST003,Credit Card
S000002728,2026-06-03,C06996,P0006,Rice Bag,Grocery,5,85,20,340.0,Kolkata,West Bengal,ST007,UPI
S000002729,2026-06-03,C34333,P0001,iPhone 16,Electronics,3,71901,15,183347.55,Hyderabad,Telangana,ST004,Cash
S000002730,2026-06-03,C17295,P0005,Women's Jeans,Fashion,4,525,20,1680.0,Lucknow,Uttar Pradesh,ST010,UPI
S000002731,2026-06-03,C44573,P0004,Men T-Shirt,Fashion,5,3332,5,15827.0,Kolkata,West Bengal,ST007,Debit Card
S000002732,2026-06-03,C03798,P0002,Samsung TV,Electronics,1,26144,20,20915.2,Chennai,Tamil Nadu,ST005,Net Banking
S000002733,2026-06-03,C41897,P0010,Cricket Bat,Sports,5,5088,5,24168.0,Chennai,Tamil Nadu,ST005,UPI
S000002734,2026-06-03,C15162,P0007,Milk,Grocery,3,449,0,1347.0,Jaipur,Rajasthan,ST009,Cash
S000002735,2026-06-03,C38441,P0003,Laptop,Electronics,2,30667,5,58267.3,Kolkata,West Bengal,ST007,Credit Card
S000002736,2026-06-03,C39753,P0010,Cricket Bat,Sports,1,4234,15,3598.9,Jaipur,Rajasthan,ST009,Credit Card
S000002737,2026-06-03,C18024,P0006,Rice Bag,Grocery,1,67,10,60.3,Pune,Maharashtra,ST006,Cash
S000002738,2026-06-03,C02391,P0005,Women's Jeans,Fashion,5,3836,0,19180.0,Bengaluru,Karnataka,ST003,Net Banking
S000002739,2026-06-03,C24041,P0001,iPhone 16,Electronics,4,61838,15,210249.2,Pune,Maharashtra,ST006,Credit Card
S000002740,2026-06-03,C28533,P0001,iPhone 16,Electronics,1,26880,15,22848.0,Jaipur,Rajasthan,ST009,UPI
S000002741,2026-06-03,C01178,P0001,iPhone 16,Electronics,5,36631,10,164839.5,Hyderabad,Telangana,ST004,UPI
S000002742,2026-06-03,C25598,P0007,Milk,Grocery,1,217,5,206.15,Lucknow,Uttar Pradesh,ST010,UPI
S000002743,2026-06-03,C44887,P0008,Dining Table,Home,2,2137,5,4060.3,Mumbai,Maharashtra,ST002,Debit Card
S000002744,2026-06-03,C14327,P0005,Women's Jeans,Fashion,1,4020,20,3216.0,Pune,Maharashtra,ST006,Debit Card
S000002745,2026-06-03,C36064,P0003,Laptop,Electronics,1,73620,15,62577.0,Kolkata,West Bengal,ST007,Net Banking
S000002746,2026-06-03,C27819,P0009,Office Chair,Home,2,9093,10,16367.4,Bengaluru,Karnataka,ST003,Net Banking
S000002747,2026-06-03,C19032,P0001,iPhone 16,Electronics,3,82683,0,248049.0,Mumbai,Maharashtra,ST002,Credit Card
S000002748,2026-06-03,C34591,P0008,Dining Table,Home,3,4389,15,11191.95,Hyderabad,Telangana,ST004,Debit Card
S000002749,2026-06-03,C43720,P0009,Office Chair,Home,4,1255,5,4769.0,Jaipur,Rajasthan,ST009,Credit Card
S000002750,2026-06-03,C15319,P0006,Rice Bag,Grocery,1,72,10,64.8,Lucknow,Uttar Pradesh,ST010,UPI
S000002751,2026-06-03,C29592,P0001,iPhone 16,Electronics,5,58266,20,233064.0,Lucknow,Uttar Pradesh,ST010,UPI
S000002752,2026-06-03,C38067,P0002,Samsung TV,Electronics,5,33826,0,169130.0,Chennai,Tamil Nadu,ST005,Debit Card
S000002753,2026-06-03,C46836,P0008,Dining Table,Home,2,7100,20,11360.0,Chennai,Tamil Nadu,ST005,Net Banking
S000002754,2026-06-03,C46280,P0010,Cricket Bat,Sports,5,9683,15,41152.75,Lucknow,Uttar Pradesh,ST010,Cash
S000002755,2026-06-03,C43043,P0005,Women's Jeans,Fashion,5,4237,0,21185.0,Jaipur,Rajasthan,ST009,Net Banking
S000002756,2026-06-03,C34224,P0005,Women's Jeans,Fashion,3,3646,20,8750.4,Bengaluru,Karnataka,ST003,Net Banking
S000002757,2026-06-03,C16267,P0003,Laptop,Electronics,1,48588,0,48588.0,Pune,Maharashtra,ST006,Net Banking
S000002758,2026-06-03,C32797,P0005,Women's Jeans,Fashion,2,1934,5,3674.6,Lucknow,Uttar Pradesh,ST010,Net Banking
S000002759,2026-06-03,C07102,P0003,Laptop,Electronics,2,66344,15,112784.8,Hyderabad,Telangana,ST004,Debit Card
S000002760,2026-06-03,C36957,P0009,Office Chair,Home,5,876,20,3504.0,Delhi,Delhi,ST001,Cash
S000002761,2026-06-03,C30998,P0003,Laptop,Electronics,4,64749,0,258996.0,Kolkata,West Bengal,ST007,UPI
S000002762,2026-06-03,C42070,P0008,Dining Table,Home,3,9702,5,27650.7,Bengaluru,Karnataka,ST003,Credit Card
S000002763,2026-06-03,C34079,P0010,Cricket Bat,Sports,5,6227,5,29578.25,Hyderabad,Telangana,ST004,Debit Card
S000002764,2026-06-03,C34093,P0003,Laptop,Electronics,3,10402,10,28085.4,Jaipur,Rajasthan,ST009,UPI
S000002765,2026-06-03,C26705,P0002,Samsung TV,Electronics,5,66904,10,301068.0,Bengaluru,Karnataka,ST003,Net Banking
S000002766,2026-06-03,C01963,P0009,Office Chair,Home,5,6377,20,25508.0,Bengaluru,Karnataka,ST003,Cash
S000002767,2026-06-03,C44339,P0003,Laptop,Electronics,1,82170,15,69844.5,Kolkata,West Bengal,ST007,Debit Card
S000002768,2026-06-03,C37547,P0007,Milk,Grocery,1,492,5,467.4,Pune,Maharashtra,ST006,Cash
S000002769,2026-06-03,C00979,P0009,Office Chair,Home,1,2887,5,2742.65,Ahmedabad,Gujarat,ST008,Cash
S000002770,2026-06-03,C34637,P0006,Rice Bag,Grocery,1,148,5,140.6,Lucknow,Uttar Pradesh,ST010,Debit Card
S000002771,2026-06-03,C17502,P0007,Milk,Grocery,2,320,10,576.0,Jaipur,Rajasthan,ST009,Credit Card
S000002772,2026-06-03,C33360,P0005,Women's Jeans,Fashion,2,4419,5,8396.1,Delhi,Delhi,ST001,UPI
S000002773,2026-06-03,C00065,P0001,iPhone 16,Electronics,5,61206,15,260125.5,Jaipur,Rajasthan,ST009,Cash
S000002774,2026-06-03,C04103,P0001,iPhone 16,Electronics,5,36484,0,182420.0,Mumbai,Maharashtra,ST002,Cash
S000002775,2026-06-03,C05323,P0004,Men T-Shirt,Fashion,1,892,0,892.0,Lucknow,Uttar Pradesh,ST010,Debit Card
S000002776,2026-06-03,C24589,P0009,Office Chair,Home,3,1812,10,4892.4,Delhi,Delhi,ST001,Net Banking
S000002777,2026-06-03,C41279,P0010,Cricket Bat,Sports,1,7724,15,6565.4,Mumbai,Maharashtra,ST002,Debit Card
S000002778,2026-06-03,C11613,P0009,Office Chair,Home,4,7236,5,27496.8,Hyderabad,Telangana,ST004,Net Banking
S000002779,2026-06-03,C03297,P0006,Rice Bag,Grocery,3,28,15,71.4,Hyderabad,Telangana,ST004,Debit Card
S000002780,2026-06-03,C28879,P0008,Dining Table,Home,4,3159,0,12636.0,Lucknow,Uttar Pradesh,ST010,Debit Card
S000002781,2026-06-03,C46814,P0008,Dining Table,Home,4,2630,20,8416.0,Bengaluru,Karnataka,ST003,Cash
S000002782,2026-06-03,C08992,P0006,Rice Bag,Grocery,1,401,15,340.85,Delhi,Delhi,ST001,Net Banking
S000002783,2026-06-03,C47513,P0008,Dining Table,Home,2,9763,20,15620.8,Kolkata,West Bengal,ST007,UPI
S000002784,2026-06-03,C04378,P0005,Women's Jeans,Fashion,5,4870,10,21915.0,Delhi,Delhi,ST001,Cash
S000002785,2026-06-03,C04402,P0004,Men T-Shirt,Fashion,4,2401,0,9604.0,Hyderabad,Telangana,ST004,Credit Card
S000002786,2026-06-03,C08695,P0006,Rice Bag,Grocery,2,196,15,333.2,Pune,Maharashtra,ST006,Credit Card
S000002787,2026-06-03,C07125,P0008,Dining Table,Home,4,674,5,2561.2,Jaipur,Rajasthan,ST009,UPI
S000002788,2026-06-03,C10766,P0002,Samsung TV,Electronics,2,10060,15,17102.0,Mumbai,Maharashtra,ST002,Net Banking
S000002789,2026-06-03,C07381,P0004,Men T-Shirt,Fashion,5,3103,5,14739.25,Kolkata,West Bengal,ST007,Credit Card
S000002790,2026-06-03,C30654,P0008,Dining Table,Home,3,6660,0,19980.0,Jaipur,Rajasthan,ST009,Net Banking
S000002791,2026-06-03,C12478,P0004,Men T-Shirt,Fashion,5,2930,10,13185.0,Ahmedabad,Gujarat,ST008,UPI
S000002792,2026-06-03,C17341,P0010,Cricket Bat,Sports,5,5592,0,27960.0,Delhi,Delhi,ST001,Credit Card
S000002793,2026-06-03,C09231,P0007,Milk,Grocery,1,438,0,438.0,Chennai,Tamil Nadu,ST005,Net Banking
S000002794,2026-06-03,C28257,P0005,Women's Jeans,Fashion,2,4200,5,7980.0,Chennai,Tamil Nadu,ST005,UPI
S000002795,2026-06-03,C44699,P0005,Women's Jeans,Fashion,4,4876,0,19504.0,Mumbai,Maharashtra,ST002,Cash
S000002796,2026-06-03,C09292,P0008,Dining Table,Home,2,3558,0,7116.0,Ahmedabad,Gujarat,ST008,Net Banking
S000002797,2026-06-03,C00919,P0003,Laptop,Electronics,5,80286,5,381358.5,Mumbai,Maharashtra,ST002,Cash
S000002798,2026-06-03,C06707,P0004,Men T-Shirt,Fashion,4,1905,20,6096.0,Chennai,Tamil Nadu,ST005,Net Banking
S000002799,2026-06-03,C35791,P0006,Rice Bag,Grocery,4,139,15,472.6,Ahmedabad,Gujarat,ST008,Net Banking
S000002800,2026-06-03,C15181,P0009,Office Chair,Home,5,3403,20,13612.0,Hyderabad,Telangana,ST004,UPI
S000002801,2026-06-03,C44665,P0006,Rice Bag,Grocery,3,137,20,328.8,Kolkata,West Bengal,ST007,UPI
S000002802,2026-06-03,C49170,P0008,Dining Table,Home,5,9422,15,40043.5,Delhi,Delhi,ST001,Cash
S000002803,2026-06-03,C26397,P0002,Samsung TV,Electronics,1,62777,15,53360.45,Ahmedabad,Gujarat,ST008,Cash
S000002804,2026-06-03,C15464,P0007,Milk,Grocery,1,206,0,206.0,Jaipur,Rajasthan,ST009,Credit Card
S000002805,2026-06-03,C24650,P0009,Office Chair,Home,2,3456,5,6566.4,Bengaluru,Karnataka,ST003,UPI
S000002806,2026-06-03,C41234,P0006,Rice Bag,Grocery,1,221,10,198.9,Pune,Maharashtra,ST006,Credit Card
S000002807,2026-06-03,C00973,P0006,Rice Bag,Grocery,1,371,10,333.9,Jaipur,Rajasthan,ST009,Cash
S000002808,2026-06-03,C26538,P0010,Cricket Bat,Sports,5,10970,5,52107.5,Bengaluru,Karnataka,ST003,UPI
S000002809,2026-06-03,C04768,P0010,Cricket Bat,Sports,5,6819,15,28980.75,Bengaluru,Karnataka,ST003,Debit Card
S000002810,2026-06-03,C49478,P0010,Cricket Bat,Sports,5,9053,10,40738.5,Delhi,Delhi,ST001,Net Banking
S000002811,2026-06-03,C15416,P0007,Milk,Grocery,5,167,20,668.0,Lucknow,Uttar Pradesh,ST010,Net Banking
S000002812,2026-06-03,C01060,P0003,Laptop,Electronics,3,14444,20,34665.6,Bengaluru,Karnataka,ST003,UPI
S000002813,2026-06-03,C45338,P0004,Men T-Shirt,Fashion,5,2554,20,10216.0,Jaipur,Rajasthan,ST009,Cash
S000002814,2026-06-03,C19128,P0003,Laptop,Electronics,3,89918,20,215803.2,Chennai,Tamil Nadu,ST005,Net Banking
S000002815,2026-06-03,C36277,P0002,Samsung TV,Electronics,3,69226,20,166142.4,Mumbai,Maharashtra,ST002,Debit Card
S000002816,2026-06-03,C33262,P0008,Dining Table,Home,1,6348,5,6030.6,Delhi,Delhi,ST001,Cash
S000002817,2026-06-03,C15420,P0009,Office Chair,Home,4,8325,5,31635.0,Kolkata,West Bengal,ST007,Cash
S000002818,2026-06-03,C35342,P0003,Laptop,Electronics,4,46031,15,156505.4,Delhi,Delhi,ST001,Net Banking
S000002819,2026-06-03,C05112,P0010,Cricket Bat,Sports,4,10301,20,32963.2,Mumbai,Maharashtra,ST002,Cash
S000002820,2026-06-03,C32275,P0007,Milk,Grocery,5,314,15,1334.5,Jaipur,Rajasthan,ST009,Credit Card
S000002821,2026-06-03,C33149,P0008,Dining Table,Home,3,8956,20,21494.4,Bengaluru,Karnataka,ST003,Credit Card
S000002822,2026-06-03,C12856,P0008,Dining Table,Home,3,9091,0,27273.0,Delhi,Delhi,ST001,Net Banking
S000002823,2026-06-03,C26123,P0003,Laptop,Electronics,1,45301,0,45301.0,Hyderabad,Telangana,ST004,Debit Card
S000002824,2026-06-03,C43488,P0006,Rice Bag,Grocery,5,189,15,803.25,Kolkata,West Bengal,ST007,Cash
S000002825,2026-06-03,C37303,P0001,iPhone 16,Electronics,2,46647,20,74635.2,Delhi,Delhi,ST001,UPI
S000002826,2026-06-03,C11529,P0006,Rice Bag,Grocery,3,113,20,271.2,Pune,Maharashtra,ST006,Debit Card
S000002827,2026-06-03,C25768,P0008,Dining Table,Home,2,2799,10,5038.2,Lucknow,Uttar Pradesh,ST010,Cash
S000002828,2026-06-03,C40068,P0005,Women's Jeans,Fashion,2,4863,20,7780.8,Bengaluru,Karnataka,ST003,Credit Card
S000002829,2026-06-03,C17646,P0007,Milk,Grocery,5,481,20,1924.0,Hyderabad,Telangana,ST004,Credit Card
S000002830,2026-06-03,C06757,P0006,Rice Bag,Grocery,3,60,10,162.0,Kolkata,West Bengal,ST007,Credit Card
S000002831,2026-06-03,C12230,P0009,Office Chair,Home,2,6125,15,10412.5,Pune,Maharashtra,ST006,Cash
S000002832,2026-06-03,C10990,P0010,Cricket Bat,Sports,5,3931,5,18672.25,Bengaluru,Karnataka,ST003,Cash
S000002833,2026-06-03,C22501,P0009,Office Chair,Home,1,4162,20,3329.6,Lucknow,Uttar Pradesh,ST010,Debit Card
S000002834,2026-06-03,C06961,P0009,Office Chair,Home,3,920,15,2346.0,Kolkata,West Bengal,ST007,Debit Card
S000002835,2026-06-03,C34009,P0005,Women's Jeans,Fashion,3,628,20,1507.2,Kolkata,West Bengal,ST007,Net Banking
S000002836,2026-06-03,C21001,P0008,Dining Table,Home,2,624,5,1185.6,Chennai,Tamil Nadu,ST005,Debit Card
S000002837,2026-06-03,C20095,P0010,Cricket Bat,Sports,5,1520,0,7600.0,Mumbai,Maharashtra,ST002,Net Banking
S000002838,2026-06-03,C31538,P0010,Cricket Bat,Sports,1,3562,20,2849.6,Ahmedabad,Gujarat,ST008,Credit Card
S000002839,2026-06-03,C46183,P0006,Rice Bag,Grocery,3,426,0,1278.0,Lucknow,Uttar Pradesh,ST010,Credit Card
S000002840,2026-06-03,C05637,P0006,Rice Bag,Grocery,3,65,10,175.5,Hyderabad,Telangana,ST004,Cash
S000002841,2026-06-03,C19245,P0008,Dining Table,Home,3,3814,0,11442.0,Mumbai,Maharashtra,ST002,Debit Card
S000002842,2026-06-03,C14195,P0003,Laptop,Electronics,2,64982,15,110469.4,Pune,Maharashtra,ST006,Net Banking
S000002843,2026-06-03,C47700,P0009,Office Chair,Home,4,7829,10,28184.4,Mumbai,Maharashtra,ST002,Credit Card
S000002844,2026-06-03,C03002,P0001,iPhone 16,Electronics,2,24300,10,43740.0,Lucknow,Uttar Pradesh,ST010,Debit Card
S000002845,2026-06-03,C05711,P0001,iPhone 16,Electronics,4,60191,20,192611.2,Pune,Maharashtra,ST006,Credit Card
S000002846,2026-06-03,C34683,P0002,Samsung TV,Electronics,4,83595,0,334380.0,Lucknow,Uttar Pradesh,ST010,Net Banking
S000002847,2026-06-03,C39654,P0003,Laptop,Electronics,3,57315,5,163347.75,Ahmedabad,Gujarat,ST008,UPI
S000002848,2026-06-03,C15402,P0009,Office Chair,Home,3,7089,5,20203.65,Jaipur,Rajasthan,ST009,Net Banking
S000002849,2026-06-03,C08969,P0006,Rice Bag,Grocery,4,49,10,176.4,Jaipur,Rajasthan,ST009,Cash
S000002850,2026-06-03,C38245,P0009,Office Chair,Home,5,7745,10,34852.5,Kolkata,West Bengal,ST007,Cash
S000002851,2026-06-03,C19573,P0003,Laptop,Electronics,3,76874,10,207559.8,Bengaluru,Karnataka,ST003,Cash
S000002852,2026-06-03,C48550,P0005,Women's Jeans,Fashion,5,3956,10,17802.0,Jaipur,Rajasthan,ST009,Debit Card
S000002853,2026-06-03,C20797,P0010,Cricket Bat,Sports,5,2411,10,10849.5,Chennai,Tamil Nadu,ST005,Credit Card
S000002854,2026-06-03,C40265,P0002,Samsung TV,Electronics,3,13328,5,37984.8,Mumbai,Maharashtra,ST002,Cash
S000002855,2026-06-03,C00411,P0001,iPhone 16,Electronics,3,58824,5,167648.4,Delhi,Delhi,ST001,Credit Card
S000002856,2026-06-03,C38426,P0004,Men T-Shirt,Fashion,2,1448,10,2606.4,Mumbai,Maharashtra,ST002,Credit Card
S000002857,2026-06-03,C20800,P0002,Samsung TV,Electronics,3,54555,15,139115.25,Hyderabad,Telangana,ST004,UPI
S000002858,2026-06-03,C02215,P0009,Office Chair,Home,5,3484,0,17420.0,Hyderabad,Telangana,ST004,Cash
S000002859,2026-06-03,C18607,P0005,Women's Jeans,Fashion,5,3638,15,15461.5,Chennai,Tamil Nadu,ST005,Net Banking
S000002860,2026-06-03,C38433,P0010,Cricket Bat,Sports,4,14232,5,54081.6,Ahmedabad,Gujarat,ST008,Credit Card
S000002861,2026-06-03,C27727,P0008,Dining Table,Home,4,2952,0,11808.0,Ahmedabad,Gujarat,ST008,Debit Card
S000002862,2026-06-03,C08503,P0006,Rice Bag,Grocery,3,167,5,475.95,Jaipur,Rajasthan,ST009,Credit Card
S000002863,2026-06-03,C04561,P0009,Office Chair,Home,5,2234,5,10611.5,Hyderabad,Telangana,ST004,Credit Card
S000002864,2026-06-03,C12480,P0002,Samsung TV,Electronics,5,28771,0,143855.0,Bengaluru,Karnataka,ST003,Credit Card
S000002865,2026-06-03,C41086,P0005,Women's Jeans,Fashion,1,3589,0,3589.0,Lucknow,Uttar Pradesh,ST010,UPI
S000002866,2026-06-03,C05889,P0009,Office Chair,Home,3,8520,5,24282.0,Hyderabad,Telangana,ST004,Cash
S000002867,2026-06-03,C13367,P0009,Office Chair,Home,1,9224,5,8762.8,Ahmedabad,Gujarat,ST008,Debit Card
S000002868,2026-06-03,C30911,P0007,Milk,Grocery,4,110,5,418.0,Jaipur,Rajasthan,ST009,UPI
S000002869,2026-06-03,C22944,P0008,Dining Table,Home,3,6450,20,15480.0,Ahmedabad,Gujarat,ST008,Debit Card
S000002870,2026-06-03,C41140,P0005,Women's Jeans,Fashion,4,1767,20,5654.4,Ahmedabad,Gujarat,ST008,Credit Card
S000002871,2026-06-03,C02143,P0006,Rice Bag,Grocery,1,281,15,238.85,Bengaluru,Karnataka,ST003,Net Banking
S000002872,2026-06-03,C25062,P0009,Office Chair,Home,4,1369,20,4380.8,Hyderabad,Telangana,ST004,UPI
S000002873,2026-06-03,C11905,P0008,Dining Table,Home,2,1537,15,2612.9,Mumbai,Maharashtra,ST002,Cash
S000002874,2026-06-03,C45055,P0004,Men T-Shirt,Fashion,2,2024,0,4048.0,Hyderabad,Telangana,ST004,Cash
S000002875,2026-06-03,C21354,P0003,Laptop,Electronics,5,84301,20,337204.0,Bengaluru,Karnataka,ST003,Credit Card
S000002876,2026-06-03,C14032,P0007,Milk,Grocery,4,429,10,1544.4,Bengaluru,Karnataka,ST003,UPI
S000002877,2026-06-03,C43074,P0010,Cricket Bat,Sports,2,9362,20,14979.2,Mumbai,Maharashtra,ST002,Debit Card
S000002878,2026-06-03,C09429,P0004,Men T-Shirt,Fashion,3,2503,20,6007.2,Bengaluru,Karnataka,ST003,Debit Card
S000002879,2026-06-03,C35401,P0004,Men T-Shirt,Fashion,3,2685,15,6846.75,Pune,Maharashtra,ST006,Net Banking
S000002880,2026-06-03,C08006,P0008,Dining Table,Home,2,3147,15,5349.9,Ahmedabad,Gujarat,ST008,Cash
S000002881,2026-06-03,C18996,P0004,Men T-Shirt,Fashion,3,2638,10,7122.6,Delhi,Delhi,ST001,Net Banking
S000002882,2026-06-03,C37855,P0008,Dining Table,Home,2,7820,20,12512.0,Lucknow,Uttar Pradesh,ST010,UPI
S000002883,2026-06-03,C38160,P0008,Dining Table,Home,5,3356,15,14263.0,Delhi,Delhi,ST001,Credit Card
S000002884,2026-06-03,C04580,P0003,Laptop,Electronics,2,88105,15,149778.5,Delhi,Delhi,ST001,Debit Card
S000002885,2026-06-03,C49791,P0009,Office Chair,Home,2,8533,10,15359.4,Ahmedabad,Gujarat,ST008,UPI
S000002886,2026-06-03,C09063,P0010,Cricket Bat,Sports,2,2440,5,4636.0,Jaipur,Rajasthan,ST009,Net Banking
S000002887,2026-06-03,C01841,P0002,Samsung TV,Electronics,4,17115,20,54768.0,Bengaluru,Karnataka,ST003,Debit Card
S000002888,2026-06-03,C12350,P0003,Laptop,Electronics,3,82641,15,210734.55,Delhi,Delhi,ST001,UPI
S000002889,2026-06-03,C39753,P0008,Dining Table,Home,5,9821,15,41739.25,Jaipur,Rajasthan,ST009,Net Banking
S000002890,2026-06-03,C22893,P0004,Men T-Shirt,Fashion,3,2012,5,5734.2,Pune,Maharashtra,ST006,Net Banking
S000002891,2026-06-03,C41775,P0009,Office Chair,Home,1,3809,0,3809.0,Kolkata,West Bengal,ST007,UPI
S000002892,2026-06-03,C18228,P0005,Women's Jeans,Fashion,1,3127,0,3127.0,Hyderabad,Telangana,ST004,Cash
S000002893,2026-06-03,C30161,P0002,Samsung TV,Electronics,2,84778,0,169556.0,Pune,Maharashtra,ST006,Credit Card
S000002894,2026-06-03,C01497,P0003,Laptop,Electronics,5,55645,0,278225.0,Lucknow,Uttar Pradesh,ST010,Credit Card
S000002895,2026-06-03,C06061,P0005,Women's Jeans,Fashion,3,4689,5,13363.65,Hyderabad,Telangana,ST004,Cash
S000002896,2026-06-03,C03716,P0010,Cricket Bat,Sports,5,7108,15,30209.0,Hyderabad,Telangana,ST004,UPI
S000002897,2026-06-03,C05417,P0004,Men T-Shirt,Fashion,1,1443,5,1370.85,Lucknow,Uttar Pradesh,ST010,Cash
S000002898,2026-06-03,C26072,P0001,iPhone 16,Electronics,1,37164,5,35305.8,Bengaluru,Karnataka,ST003,Credit Card
S000002899,2026-06-03,C07739,P0008,Dining Table,Home,2,1376,0,2752.0,Kolkata,West Bengal,ST007,Cash
S000002900,2026-06-03,C39705,P0002,Samsung TV,Electronics,4,62782,0,251128.0,Mumbai,Maharashtra,ST002,UPI
S000002901,2026-06-03,C08488,P0003,Laptop,Electronics,5,14183,15,60277.75,Delhi,Delhi,ST001,UPI
S000002902,2026-06-03,C08913,P0006,Rice Bag,Grocery,2,121,20,193.6,Jaipur,Rajasthan,ST009,Cash
S000002903,2026-06-03,C48941,P0004,Men T-Shirt,Fashion,5,2076,15,8823.0,Delhi,Delhi,ST001,Debit Card
S000002904,2026-06-03,C24923,P0006,Rice Bag,Grocery,1,358,5,340.1,Hyderabad,Telangana,ST004,Net Banking
S000002905,2026-06-03,C29842,P0005,Women's Jeans,Fashion,2,2810,5,5339.0,Jaipur,Rajasthan,ST009,UPI
S000002906,2026-06-03,C06584,P0002,Samsung TV,Electronics,5,61745,20,246980.0,Chennai,Tamil Nadu,ST005,UPI
S000002907,2026-06-03,C09216,P0006,Rice Bag,Grocery,3,88,5,250.8,Delhi,Delhi,ST001,Net Banking
S000002908,2026-06-03,C39081,P0005,Women's Jeans,Fashion,1,2086,10,1877.4,Kolkata,West Bengal,ST007,Credit Card
S000002909,2026-06-03,C22936,P0007,Milk,Grocery,2,386,20,617.6,Mumbai,Maharashtra,ST002,UPI
S000002910,2026-06-03,C39073,P0006,Rice Bag,Grocery,4,441,0,1764.0,Bengaluru,Karnataka,ST003,Net Banking
S000002911,2026-06-03,C06369,P0004,Men T-Shirt,Fashion,2,2756,5,5236.4,Ahmedabad,Gujarat,ST008,UPI
S000002912,2026-06-03,C27779,P0006,Rice Bag,Grocery,5,207,15,879.75,Jaipur,Rajasthan,ST009,Debit Card
S000002913,2026-06-03,C20116,P0003,Laptop,Electronics,3,19823,5,56495.55,Hyderabad,Telangana,ST004,UPI
S000002914,2026-06-03,C01681,P0003,Laptop,Electronics,4,26136,10,94089.6,Ahmedabad,Gujarat,ST008,UPI
S000002915,2026-06-03,C40256,P0003,Laptop,Electronics,5,74861,10,336874.5,Ahmedabad,Gujarat,ST008,Credit Card
S000002916,2026-06-03,C03953,P0003,Laptop,Electronics,1,68079,0,68079.0,Lucknow,Uttar Pradesh,ST010,Net Banking
S000002917,2026-06-03,C28261,P0007,Milk,Grocery,4,136,5,516.8,Lucknow,Uttar Pradesh,ST010,UPI
S000002918,2026-06-03,C08290,P0005,Women's Jeans,Fashion,3,3116,10,8413.2,Jaipur,Rajasthan,ST009,UPI
S000002919,2026-06-03,C10394,P0001,iPhone 16,Electronics,1,42728,0,42728.0,Hyderabad,Telangana,ST004,Debit Card
S000002920,2026-06-03,C08172,P0001,iPhone 16,Electronics,4,75062,20,240198.4,Lucknow,Uttar Pradesh,ST010,Debit Card
S000002921,2026-06-03,C41933,P0008,Dining Table,Home,3,1563,10,4220.1,Pune,Maharashtra,ST006,Cash
S000002922,2026-06-03,C29021,P0010,Cricket Bat,Sports,3,7265,5,20705.25,Pune,Maharashtra,ST006,Debit Card
S000002923,2026-06-03,C16129,P0005,Women's Jeans,Fashion,2,2557,15,4346.9,Ahmedabad,Gujarat,ST008,UPI
S000002924,2026-06-03,C28455,P0001,iPhone 16,Electronics,5,17785,0,88925.0,Mumbai,Maharashtra,ST002,UPI
S000002925,2026-06-03,C33698,P0002,Samsung TV,Electronics,1,64076,20,51260.8,Delhi,Delhi,ST001,Credit Card
S000002926,2026-06-03,C15064,P0002,Samsung TV,Electronics,3,21793,15,55572.15,Ahmedabad,Gujarat,ST008,Cash
S000002927,2026-06-03,C10609,P0007,Milk,Grocery,5,26,20,104.0,Jaipur,Rajasthan,ST009,UPI
S000002928,2026-06-03,C06386,P0006,Rice Bag,Grocery,2,323,0,646.0,Ahmedabad,Gujarat,ST008,UPI
S000002929,2026-06-03,C47173,P0002,Samsung TV,Electronics,4,21067,5,80054.6,Pune,Maharashtra,ST006,UPI
S000002930,2026-06-03,C33317,P0001,iPhone 16,Electronics,1,42309,0,42309.0,Kolkata,West Bengal,ST007,Cash
S000002931,2026-06-03,C30275,P0004,Men T-Shirt,Fashion,1,2857,10,2571.3,Pune,Maharashtra,ST006,UPI
S000002932,2026-06-03,C34780,P0005,Women's Jeans,Fashion,2,3781,5,7183.9,Ahmedabad,Gujarat,ST008,Debit Card
S000002933,2026-06-03,C07485,P0004,Men T-Shirt,Fashion,5,4064,5,19304.0,Delhi,Delhi,ST001,UPI
S000002934,2026-06-03,C22868,P0009,Office Chair,Home,4,7478,15,25425.2,Jaipur,Rajasthan,ST009,Debit Card
S000002935,2026-06-03,C39070,P0005,Women's Jeans,Fashion,2,1487,20,2379.2,Ahmedabad,Gujarat,ST008,UPI
S000002936,2026-06-03,C00359,P0006,Rice Bag,Grocery,5,226,5,1073.5,Hyderabad,Telangana,ST004,Credit Card
S000002937,2026-06-03,C28802,P0005,Women's Jeans,Fashion,4,1719,0,6876.0,Kolkata,West Bengal,ST007,Cash
S000002938,2026-06-03,C23150,P0010,Cricket Bat,Sports,2,13910,5,26429.0,Mumbai,Maharashtra,ST002,Net Banking
S000002939,2026-06-03,C45841,P0008,Dining Table,Home,1,4858,15,4129.3,Delhi,Delhi,ST001,UPI
S000002940,2026-06-03,C27185,P0007,Milk,Grocery,3,340,20,816.0,Mumbai,Maharashtra,ST002,Debit Card
S000002941,2026-06-03,C01635,P0002,Samsung TV,Electronics,4,87137,15,296265.8,Mumbai,Maharashtra,ST002,UPI
S000002942,2026-06-03,C43683,P0008,Dining Table,Home,1,821,10,738.9,Mumbai,Maharashtra,ST002,Debit Card
S000002943,2026-06-03,C38376,P0004,Men T-Shirt,Fashion,1,2708,20,2166.4,Jaipur,Rajasthan,ST009,Net Banking
S000002944,2026-06-03,C00199,P0006,Rice Bag,Grocery,3,421,5,1199.85,Hyderabad,Telangana,ST004,UPI
S000002945,2026-06-03,C02772,P0005,Women's Jeans,Fashion,5,810,20,3240.0,Lucknow,Uttar Pradesh,ST010,Net Banking
S000002946,2026-06-03,C19506,P0010,Cricket Bat,Sports,5,8970,15,38122.5,Ahmedabad,Gujarat,ST008,Cash
S000002947,2026-06-03,C41870,P0004,Men T-Shirt,Fashion,4,4096,0,16384.0,Mumbai,Maharashtra,ST002,Credit Card
S000002948,2026-06-03,C27170,P0007,Milk,Grocery,3,72,15,183.6,Lucknow,Uttar Pradesh,ST010,Net Banking
S000002949,2026-06-03,C25036,P0002,Samsung TV,Electronics,4,47572,0,190288.0,Bengaluru,Karnataka,ST003,Credit Card
S000002950,2026-06-03,C31787,P0008,Dining Table,Home,2,4322,5,8211.8,Lucknow,Uttar Pradesh,ST010,Debit Card
S000002951,2026-06-03,C49952,P0006,Rice Bag,Grocery,2,397,20,635.2,Kolkata,West Bengal,ST007,Credit Card
S000002952,2026-06-03,C43892,P0010,Cricket Bat,Sports,5,9613,0,48065.0,Lucknow,Uttar Pradesh,ST010,Debit Card
S000002953,2026-06-03,C40013,P0008,Dining Table,Home,3,3205,15,8172.75,Delhi,Delhi,ST001,UPI
S000002954,2026-06-03,C43275,P0003,Laptop,Electronics,4,16682,20,53382.4,Delhi,Delhi,ST001,Credit Card
S000002955,2026-06-03,C30196,P0009,Office Chair,Home,1,7229,0,7229.0,Bengaluru,Karnataka,ST003,UPI
S000002956,2026-06-03,C10379,P0001,iPhone 16,Electronics,5,20969,5,99602.75,Chennai,Tamil Nadu,ST005,UPI
S000002957,2026-06-03,C24208,P0010,Cricket Bat,Sports,5,8565,20,34260.0,Lucknow,Uttar Pradesh,ST010,Net Banking
S000002958,2026-06-03,C29399,P0003,Laptop,Electronics,4,12937,20,41398.4,Mumbai,Maharashtra,ST002,UPI
S000002959,2026-06-03,C33008,P0010,Cricket Bat,Sports,1,13658,0,13658.0,Chennai,Tamil Nadu,ST005,Net Banking
S000002960,2026-06-03,C35824,P0007,Milk,Grocery,5,90,5,427.5,Chennai,Tamil Nadu,ST005,Debit Card
S000002961,2026-06-03,C49666,P0002,Samsung TV,Electronics,5,77258,5,366975.5,Ahmedabad,Gujarat,ST008,Debit Card
S000002962,2026-06-03,C37427,P0008,Dining Table,Home,4,688,20,2201.6,Jaipur,Rajasthan,ST009,Debit Card
S000002963,2026-06-03,C11310,P0001,iPhone 16,Electronics,5,16137,15,68582.25,Delhi,Delhi,ST001,Debit Card
S000002964,2026-06-03,C31085,P0006,Rice Bag,Grocery,2,451,5,856.9,Ahmedabad,Gujarat,ST008,UPI
S000002965,2026-06-03,C24921,P0010,Cricket Bat,Sports,5,6906,0,34530.0,Mumbai,Maharashtra,ST002,Debit Card
S000002966,2026-06-03,C42465,P0002,Samsung TV,Electronics,4,87388,10,314596.8,Bengaluru,Karnataka,ST003,Net Banking
S000002967,2026-06-03,C10837,P0010,Cricket Bat,Sports,5,2764,15,11747.0,Kolkata,West Bengal,ST007,Net Banking
S000002968,2026-06-03,C47593,P0007,Milk,Grocery,1,156,0,156.0,Lucknow,Uttar Pradesh,ST010,Cash
S000002969,2026-06-03,C38591,P0006,Rice Bag,Grocery,3,483,0,1449.0,Hyderabad,Telangana,ST004,UPI
S000002970,2026-06-03,C38075,P0007,Milk,Grocery,4,42,15,142.8,Mumbai,Maharashtra,ST002,Debit Card
S000002971,2026-06-03,C36166,P0004,Men T-Shirt,Fashion,3,2336,10,6307.2,Bengaluru,Karnataka,ST003,Cash
S000002972,2026-06-03,C47374,P0007,Milk,Grocery,4,317,15,1077.8,Pune,Maharashtra,ST006,UPI
S000002973,2026-06-03,C11910,P0005,Women's Jeans,Fashion,4,2818,20,9017.6,Delhi,Delhi,ST001,Net Banking
S000002974,2026-06-03,C24663,P0007,Milk,Grocery,3,499,20,1197.6,Jaipur,Rajasthan,ST009,Credit Card
S000002975,2026-06-03,C28136,P0001,iPhone 16,Electronics,5,50946,5,241993.5,Chennai,Tamil Nadu,ST005,Cash
S000002976,2026-06-03,C04245,P0008,Dining Table,Home,5,6038,0,30190.0,Delhi,Delhi,ST001,Credit Card
S000002977,2026-06-03,C25293,P0003,Laptop,Electronics,5,41871,15,177951.75,Bengaluru,Karnataka,ST003,Debit Card
S000002978,2026-06-03,C18037,P0009,Office Chair,Home,1,8733,20,6986.4,Jaipur,Rajasthan,ST009,Credit Card
S000002979,2026-06-03,C14550,P0005,Women's Jeans,Fashion,5,4610,5,21897.5,Jaipur,Rajasthan,ST009,Cash
S000002980,2026-06-03,C40245,P0001,iPhone 16,Electronics,3,61798,15,157584.9,Kolkata,West Bengal,ST007,Credit Card
S000002981,2026-06-03,C09919,P0009,Office Chair,Home,5,1616,15,6868.0,Ahmedabad,Gujarat,ST008,Net Banking
S000002982,2026-06-03,C01446,P0010,Cricket Bat,Sports,3,1510,5,4303.5,Mumbai,Maharashtra,ST002,UPI
S000002983,2026-06-03,C07403,P0010,Cricket Bat,Sports,5,10787,5,51238.25,Hyderabad,Telangana,ST004,Debit Card
S000002984,2026-06-03,C13407,P0007,Milk,Grocery,2,263,15,447.1,Mumbai,Maharashtra,ST002,Credit Card
S000002985,2026-06-03,C00028,P0006,Rice Bag,Grocery,1,490,10,441.0,Bengaluru,Karnataka,ST003,Credit Card
S000002986,2026-06-03,C21052,P0009,Office Chair,Home,4,5946,0,23784.0,Jaipur,Rajasthan,ST009,UPI
S000002987,2026-06-03,C10852,P0006,Rice Bag,Grocery,4,94,10,338.4,Chennai,Tamil Nadu,ST005,Debit Card
S000002988,2026-06-03,C08164,P0010,Cricket Bat,Sports,3,10954,0,32862.0,Mumbai,Maharashtra,ST002,Cash
S000002989,2026-06-03,C12665,P0005,Women's Jeans,Fashion,5,3911,15,16621.75,Chennai,Tamil Nadu,ST005,UPI
S000002990,2026-06-03,C04141,P0008,Dining Table,Home,5,2577,10,11596.5,Ahmedabad,Gujarat,ST008,UPI
S000002991,2026-06-03,C38965,P0009,Office Chair,Home,1,9457,20,7565.6,Lucknow,Uttar Pradesh,ST010,Net Banking
S000002992,2026-06-03,C47808,P0001,iPhone 16,Electronics,5,29065,0,145325.0,Kolkata,West Bengal,ST007,Cash
S000002993,2026-06-03,C17793,P0002,Samsung TV,Electronics,4,77760,0,311040.0,Ahmedabad,Gujarat,ST008,Debit Card
S000002994,2026-06-03,C14843,P0006,Rice Bag,Grocery,4,340,15,1156.0,Lucknow,Uttar Pradesh,ST010,Credit Card
S000002995,2026-06-03,C17369,P0009,Office Chair,Home,5,4579,20,18316.0,Kolkata,West Bengal,ST007,Net Banking
S000002996,2026-06-03,C25941,P0010,Cricket Bat,Sports,3,8602,15,21935.1,Jaipur,Rajasthan,ST009,Cash
S000002997,2026-06-03,C37174,P0005,Women's Jeans,Fashion,3,2639,10,7125.3,Mumbai,Maharashtra,ST002,Debit Card
S000002998,2026-06-03,C43248,P0001,iPhone 16,Electronics,5,27664,20,110656.0,Mumbai,Maharashtra,ST002,UPI
S000002999,2026-06-03,C44534,P0003,Laptop,Electronics,3,42295,15,107852.25,Delhi,Delhi,ST001,Cash
S000003000,2026-06-03,C45533,P0001,iPhone 16,Electronics,1,72191,0,72191.0,Pune,Maharashtra,ST006,UPI
