sale_id,sale_date,customer_id,product_id,product_name,category,quantity,unit_price,discount_pct,total_amount,city,state,store_id,payment_mode
S000003001,2026-06-04,C27688,P0001,iPhone 16,Electronics,5,82776,15,351798.0,Hyderabad,Telangana,ST004,Net Banking
S000003002,2026-06-04,C13576,P0007,Milk,Grocery,4,383,5,1455.4,Pune,Maharashtra,ST006,Credit Card
S000003003,2026-06-04,C06555,P0009,Office Chair,Home,3,6601,20,15842.4,Lucknow,Uttar Pradesh,ST010,Debit Card
S000003004,2026-06-04,C03658,P0007,Milk,Grocery,1,32,20,25.6,Ahmedabad,Gujarat,ST008,UPI
S000003005,2026-06-04,C42996,P0010,Cricket Bat,Sports,3,8989,20,21573.6,Chennai,Tamil Nadu,ST005,Credit Card
S000003006,2026-06-04,C16399,P0003,Laptop,Electronics,4,59157,10,212965.2,Delhi,Delhi,ST001,Debit Card
S000003007,2026-06-04,C48534,P0009,Office Chair,Home,4,8651,15,29413.4,Lucknow,Uttar Pradesh,ST010,Cash
S000003008,2026-06-04,C03277,P0006,Rice Bag,Grocery,2,27,10,48.6,Kolkata,West Bengal,ST007,Debit Card
S000003009,2026-06-04,C20628,P0007,Milk,Grocery,4,194,20,620.8,Pune,Maharashtra,ST006,Cash
S000003010,2026-06-04,C01913,P0010,Cricket Bat,Sports,3,3916,5,11160.6,Ahmedabad,Gujarat,ST008,Debit Card
S000003011,2026-06-04,C33189,P0010,Cricket Bat,Sports,2,4273,10,7691.4,Delhi,Delhi,ST001,Cash
S000003012,2026-06-04,C16915,P0007,Milk,Grocery,2,414,15,703.8,Kolkata,West Bengal,ST007,Credit Card
S000003013,2026-06-04,C22054,P0005,Women's Jeans,Fashion,4,3236,20,10355.2,Delhi,Delhi,ST001,UPI
S000003014,2026-06-04,C39862,P0006,Rice Bag,Grocery,1,375,15,318.75,Hyderabad,Telangana,ST004,UPI
S000003015,2026-06-04,C10504,P0003,Laptop,Electronics,2,48549,5,92243.1,Mumbai,Maharashtra,ST002,Credit Card
S000003016,2026-06-04,C49941,P0008,Dining Table,Home,4,5589,15,19002.6,Kolkata,West Bengal,ST007,Cash
S000003017,2026-06-04,C08804,P0006,Rice Bag,Grocery,4,34,0,136.0,Lucknow,Uttar Pradesh,ST010,UPI
S000003018,2026-06-04,C05182,P0003,Laptop,Electronics,1,58825,20,47060.0,Chennai,Tamil Nadu,ST005,UPI
S000003019,2026-06-04,C16463,P0009,Office Chair,Home,1,600,20,480.0,Jaipur,Rajasthan,ST009,Cash
S000003020,2026-06-04,C00984,P0002,Samsung TV,Electronics,5,61915,15,263138.75,Ahmedabad,Gujarat,ST008,Net Banking
S000003021,2026-06-04,C46594,P0008,Dining Table,Home,2,1796,5,3412.4,Jaipur,Rajasthan,ST009,Credit Card
S000003022,2026-06-04,C37870,P0010,Cricket Bat,Sports,1,13438,10,12094.2,Pune,Maharashtra,ST006,Cash
S000003023,2026-06-04,C29237,P0003,Laptop,Electronics,2,65704,0,131408.0,Kolkata,West Bengal,ST007,Debit Card
S000003024,2026-06-04,C09652,P0002,Samsung TV,Electronics,2,79305,10,142749.0,Bengaluru,Karnataka,ST003,UPI
S000003025,2026-06-04,C14996,P0008,Dining Table,Home,4,6164,20,19724.8,Pune,Maharashtra,ST006,Credit Card
S000003026,2026-06-04,C47809,P0007,Milk,Grocery,4,303,10,1090.8,Jaipur,Rajasthan,ST009,UPI
S000003027,2026-06-04,C41652,P0003,Laptop,Electronics,5,32915,10,148117.5,Pune,Maharashtra,ST006,Debit Card
S000003028,2026-06-04,C08384,P0002,Samsung TV,Electronics,5,52506,10,236277.0,Jaipur,Rajasthan,ST009,Credit Card
S000003029,2026-06-04,C23726,P0005,Women's Jeans,Fashion,4,2584,10,9302.4,Delhi,Delhi,ST001,UPI
S000003030,2026-06-04,C42784,P0006,Rice Bag,Grocery,3,398,5,1134.3,Chennai,Tamil Nadu,ST005,Cash
S000003031,2026-06-04,C12899,P0002,Samsung TV,Electronics,2,30206,15,51350.2,Mumbai,Maharashtra,ST002,Credit Card
S000003032,2026-06-04,C18709,P0009,Office Chair,Home,5,1890,15,8032.5,Lucknow,Uttar Pradesh,ST010,Cash
S000003033,2026-06-04,C28731,P0007,Milk,Grocery,3,350,5,997.5,Hyderabad,Telangana,ST004,Credit Card
S000003034,2026-06-04,C32066,P0003,Laptop,Electronics,5,80634,15,342694.5,Delhi,Delhi,ST001,Credit Card
S000003035,2026-06-04,C44898,P0003,Laptop,Electronics,3,11653,20,27967.2,Mumbai,Maharashtra,ST002,Cash
S000003036,2026-06-04,C03984,P0002,Samsung TV,Electronics,2,15466,10,27838.8,Lucknow,Uttar Pradesh,ST010,Cash
S000003037,2026-06-04,C21559,P0004,Men T-Shirt,Fashion,5,2380,10,10710.0,Delhi,Delhi,ST001,Cash
S000003038,2026-06-04,C47133,P0009,Office Chair,Home,3,4259,10,11499.3,Jaipur,Rajasthan,ST009,Credit Card
S000003039,2026-06-04,C15042,P0005,Women's Jeans,Fashion,1,4716,0,4716.0,Delhi,Delhi,ST001,UPI
S000003040,2026-06-04,C46869,P0007,Milk,Grocery,5,166,20,664.0,Ahmedabad,Gujarat,ST008,Cash
S000003041,2026-06-04,C04389,P0007,Milk,Grocery,3,150,10,405.0,Pune,Maharashtra,ST006,Credit Card
S000003042,2026-06-04,C43911,P0006,Rice Bag,Grocery,4,47,20,150.4,Chennai,Tamil Nadu,ST005,Debit Card
S000003043,2026-06-04,C13780,P0009,Office Chair,Home,4,4062,15,13810.8,Pune,Maharashtra,ST006,UPI
S000003044,2026-06-04,C46176,P0009,Office Chair,Home,3,4447,20,10672.8,Mumbai,Maharashtra,ST002,UPI
S000003045,2026-06-04,C08083,P0003,Laptop,Electronics,5,77173,10,347278.5,Jaipur,Rajasthan,ST009,Cash
S000003046,2026-06-04,C35316,P0007,Milk,Grocery,5,237,20,948.0,Lucknow,Uttar Pradesh,ST010,Net Banking
S000003047,2026-06-04,C34583,P0009,Office Chair,Home,1,5514,10,4962.6,Bengaluru,Karnataka,ST003,Net Banking
S000003048,2026-06-04,C31539,P0010,Cricket Bat,Sports,1,4793,15,4074.05,Bengaluru,Karnataka,ST003,Cash
S000003049,2026-06-04,C44632,P0003,Laptop,Electronics,2,14774,0,29548.0,Chennai,Tamil Nadu,ST005,Cash
S000003050,2026-06-04,C47770,P0010,Cricket Bat,Sports,3,3167,10,8550.9,Jaipur,Rajasthan,ST009,Cash
S000003051,2026-06-04,C08664,P0004,Men T-Shirt,Fashion,5,4182,5,19864.5,Jaipur,Rajasthan,ST009,Credit Card
S000003052,2026-06-04,C34175,P0004,Men T-Shirt,Fashion,1,1736,0,1736.0,Hyderabad,Telangana,ST004,Net Banking
S000003053,2026-06-04,C42341,P0009,Office Chair,Home,4,3074,20,9836.8,Ahmedabad,Gujarat,ST008,UPI
S000003054,2026-06-04,C13769,P0003,Laptop,Electronics,1,85769,20,68615.2,Jaipur,Rajasthan,ST009,Net Banking
S000003055,2026-06-04,C13900,P0003,Laptop,Electronics,1,25331,0,25331.0,Bengaluru,Karnataka,ST003,UPI
S000003056,2026-06-04,C12132,P0004,Men T-Shirt,Fashion,1,1016,20,812.8,Bengaluru,Karnataka,ST003,UPI
S000003057,2026-06-04,C25293,P0008,Dining Table,Home,1,1242,0,1242.0,Kolkata,West Bengal,ST007,Cash
S000003058,2026-06-04,C33288,P0010,Cricket Bat,Sports,4,2293,0,9172.0,Jaipur,Rajasthan,ST009,Cash
S000003059,2026-06-04,C35897,P0002,Samsung TV,Electronics,3,60294,0,180882.0,Chennai,Tamil Nadu,ST005,Credit Card
S000003060,2026-06-04,C18925,P0001,iPhone 16,Electronics,3,51854,5,147783.9,Hyderabad,Telangana,ST004,Net Banking
S000003061,2026-06-04,C42019,P0002,Samsung TV,Electronics,1,73253,10,65927.7,Lucknow,Uttar Pradesh,ST010,Net Banking
S000003062,2026-06-04,C27600,P0009,Office Chair,Home,3,5568,15,14198.4,Bengaluru,Karnataka,ST003,Credit Card
S000003063,2026-06-04,C38582,P0006,Rice Bag,Grocery,1,121,0,121.0,Mumbai,Maharashtra,ST002,UPI
S000003064,2026-06-04,C29953,P0007,Milk,Grocery,3,438,10,1182.6,Bengaluru,Karnataka,ST003,UPI
S000003065,2026-06-04,C21590,P0010,Cricket Bat,Sports,1,5729,0,5729.0,Kolkata,West Bengal,ST007,Cash
S000003066,2026-06-04,C45157,P0001,iPhone 16,Electronics,4,65323,10,235162.8,Kolkata,West Bengal,ST007,Cash
S000003067,2026-06-04,C06032,P0002,Samsung TV,Electronics,3,49202,0,147606.0,Delhi,Delhi,ST001,Cash
S000003068,2026-06-04,C46463,P0002,Samsung TV,Electronics,1,68591,20,54872.8,Hyderabad,Telangana,ST004,Debit Card
S000003069,2026-06-04,C21230,P0002,Samsung TV,Electronics,5,45240,20,180960.0,Kolkata,West Bengal,ST007,Net Banking
S000003070,2026-06-04,C30765,P0001,iPhone 16,Electronics,1,58140,20,46512.0,Jaipur,Rajasthan,ST009,Net Banking
S000003071,2026-06-04,C49822,P0004,Men T-Shirt,Fashion,5,2157,10,9706.5,Kolkata,West Bengal,ST007,Cash
S000003072,2026-06-04,C36305,P0003,Laptop,Electronics,5,84003,20,336012.0,Kolkata,West Bengal,ST007,Net Banking
S000003073,2026-06-04,C26559,P0003,Laptop,Electronics,4,12021,20,38467.2,Kolkata,West Bengal,ST007,Net Banking
S000003074,2026-06-04,C15341,P0009,Office Chair,Home,5,9020,20,36080.0,Kolkata,West Bengal,ST007,Net Banking
S000003075,2026-06-04,C07754,P0008,Dining Table,Home,5,1690,10,7605.0,Jaipur,Rajasthan,ST009,Cash
S000003076,2026-06-04,C02008,P0006,Rice Bag,Grocery,2,205,15,348.5,Lucknow,Uttar Pradesh,ST010,Cash
S000003077,2026-06-04,C05082,P0010,Cricket Bat,Sports,1,11657,20,9325.6,Ahmedabad,Gujarat,ST008,Cash
S000003078,2026-06-04,C15516,P0003,Laptop,Electronics,2,66572,10,119829.6,Delhi,Delhi,ST001,UPI
S000003079,2026-06-04,C29790,P0009,Office Chair,Home,2,6728,0,13456.0,Lucknow,Uttar Pradesh,ST010,Net Banking
S000003080,2026-06-04,C19840,P0002,Samsung TV,Electronics,5,58305,5,276948.75,Jaipur,Rajasthan,ST009,UPI
S000003081,2026-06-04,C04774,P0008,Dining Table,Home,5,5650,0,28250.0,Pune,Maharashtra,ST006,Debit Card
S000003082,2026-06-04,C30184,P0008,Dining Table,Home,1,2760,15,2346.0,Ahmedabad,Gujarat,ST008,Debit Card
S000003083,2026-06-04,C19451,P0007,Milk,Grocery,1,69,20,55.2,Lucknow,Uttar Pradesh,ST010,Credit Card
S000003084,2026-06-04,C44105,P0009,Office Chair,Home,1,7099,5,6744.05,Bengaluru,Karnataka,ST003,Debit Card
S000003085,2026-06-04,C28557,P0005,Women's Jeans,Fashion,2,4411,10,7939.8,Bengaluru,Karnataka,ST003,Credit Card
S000003086,2026-06-04,C33570,P0010,Cricket Bat,Sports,1,13590,10,12231.0,Mumbai,Maharashtra,ST002,Cash
S000003087,2026-06-04,C47252,P0006,Rice Bag,Grocery,1,441,20,352.8,Chennai,Tamil Nadu,ST005,Credit Card
S000003088,2026-06-04,C22716,P0005,Women's Jeans,Fashion,1,3112,15,2645.2,Pune,Maharashtra,ST006,Cash
S000003089,2026-06-04,C33148,P0003,Laptop,Electronics,2,26558,10,47804.4,Delhi,Delhi,ST001,Net Banking
S000003090,2026-06-04,C32568,P0001,iPhone 16,Electronics,1,18305,15,15559.25,Lucknow,Uttar Pradesh,ST010,UPI
S000003091,2026-06-04,C14389,P0006,Rice Bag,Grocery,1,255,5,242.25,Kolkata,West Bengal,ST007,Debit Card
S000003092,2026-06-04,C13846,P0003,Laptop,Electronics,2,75942,5,144289.8,Chennai,Tamil Nadu,ST005,Cash
S000003093,2026-06-04,C36700,P0010,Cricket Bat,Sports,1,1257,0,1257.0,Pune,Maharashtra,ST006,Debit Card
S000003094,2026-06-04,C31817,P0009,Office Chair,Home,2,4789,15,8141.3,Jaipur,Rajasthan,ST009,Credit Card
S000003095,2026-06-04,C15753,P0002,Samsung TV,Electronics,1,61050,20,48840.0,Bengaluru,Karnataka,ST003,Cash
S000003096,2026-06-04,C24455,P0001,iPhone 16,Electronics,1,56062,20,44849.6,Ahmedabad,Gujarat,ST008,UPI
S000003097,2026-06-04,C42041,P0001,iPhone 16,Electronics,5,58732,0,293660.0,Mumbai,Maharashtra,ST002,UPI
S000003098,2026-06-04,C40005,P0003,Laptop,Electronics,1,51285,5,48720.75,Ahmedabad,Gujarat,ST008,UPI
S000003099,2026-06-04,C28011,P0002,Samsung TV,Electronics,2,67748,0,135496.0,Delhi,Delhi,ST001,Debit Card
S000003100,2026-06-04,C37324,P0003,Laptop,Electronics,1,70604,0,70604.0,Hyderabad,Telangana,ST004,UPI
S000003101,2026-06-04,C28193,P0010,Cricket Bat,Sports,1,8227,10,7404.3,Pune,Maharashtra,ST006,UPI
S000003102,2026-06-04,C45919,P0002,Samsung TV,Electronics,3,83632,10,225806.4,Jaipur,Rajasthan,ST009,Net Banking
S000003103,2026-06-04,C45818,P0005,Women's Jeans,Fashion,5,4775,15,20293.75,Hyderabad,Telangana,ST004,Credit Card
S000003104,2026-06-04,C27080,P0010,Cricket Bat,Sports,2,14475,15,24607.5,Jaipur,Rajasthan,ST009,Net Banking
S000003105,2026-06-04,C22585,P0003,Laptop,Electronics,3,71894,0,215682.0,Lucknow,Uttar Pradesh,ST010,Debit Card
S000003106,2026-06-04,C27094,P0002,Samsung TV,Electronics,2,72145,5,137075.5,Lucknow,Uttar Pradesh,ST010,Net Banking
S000003107,2026-06-04,C20373,P0009,Office Chair,Home,1,1081,10,972.9,Mumbai,Maharashtra,ST002,Credit Card
S000003108,2026-06-04,C21777,P0001,iPhone 16,Electronics,5,62858,5,298575.5,Bengaluru,Karnataka,ST003,Debit Card
S000003109,2026-06-04,C44867,P0003,Laptop,Electronics,3,37962,10,102497.4,Mumbai,Maharashtra,ST002,Cash
S000003110,2026-06-04,C28695,P0005,Women's Jeans,Fashion,3,1740,15,4437.0,Jaipur,Rajasthan,ST009,Credit Card
S000003111,2026-06-04,C34731,P0001,iPhone 16,Electronics,5,67071,0,335355.0,Kolkata,West Bengal,ST007,Debit Card
S000003112,2026-06-04,C48847,P0007,Milk,Grocery,5,300,5,1425.0,Ahmedabad,Gujarat,ST008,Credit Card
S000003113,2026-06-04,C47039,P0005,Women's Jeans,Fashion,5,2099,20,8396.0,Chennai,Tamil Nadu,ST005,Net Banking
S000003114,2026-06-04,C19900,P0003,Laptop,Electronics,4,49048,15,166763.2,Pune,Maharashtra,ST006,Credit Card
S000003115,2026-06-04,C09038,P0009,Office Chair,Home,3,1369,15,3490.95,Delhi,Delhi,ST001,Debit Card
S000003116,2026-06-04,C29120,P0005,Women's Jeans,Fashion,3,4178,20,10027.2,Delhi,Delhi,ST001,Cash
S000003117,2026-06-04,C21992,P0006,Rice Bag,Grocery,4,101,5,383.8,Mumbai,Maharashtra,ST002,Debit Card
S000003118,2026-06-04,C37000,P0003,Laptop,Electronics,1,80889,10,72800.1,Delhi,Delhi,ST001,Net Banking
S000003119,2026-06-04,C21270,P0002,Samsung TV,Electronics,3,13611,20,32666.4,Delhi,Delhi,ST001,Cash
S000003120,2026-06-04,C06667,P0004,Men T-Shirt,Fashion,1,4290,20,3432.0,Mumbai,Maharashtra,ST002,UPI
S000003121,2026-06-04,C25422,P0002,Samsung TV,Electronics,2,53061,10,95509.8,Lucknow,Uttar Pradesh,ST010,UPI
S000003122,2026-06-04,C46148,P0008,Dining Table,Home,2,3255,0,6510.0,Kolkata,West Bengal,ST007,UPI
S000003123,2026-06-04,C26616,P0010,Cricket Bat,Sports,3,13695,10,36976.5,Pune,Maharashtra,ST006,Credit Card
S000003124,2026-06-04,C45786,P0002,Samsung TV,Electronics,1,27725,5,26338.75,Bengaluru,Karnataka,ST003,UPI
S000003125,2026-06-04,C28688,P0006,Rice Bag,Grocery,1,25,5,23.75,Lucknow,Uttar Pradesh,ST010,Debit Card
S000003126,2026-06-04,C27374,P0001,iPhone 16,Electronics,1,54205,5,51494.75,Mumbai,Maharashtra,ST002,Debit Card
S000003127,2026-06-04,C47152,P0003,Laptop,Electronics,3,67691,20,162458.4,Pune,Maharashtra,ST006,Net Banking
S000003128,2026-06-04,C22269,P0001,iPhone 16,Electronics,1,74528,0,74528.0,Ahmedabad,Gujarat,ST008,Debit Card
S000003129,2026-06-04,C29029,P0004,Men T-Shirt,Fashion,5,905,10,4072.5,Bengaluru,Karnataka,ST003,Cash
S000003130,2026-06-04,C46419,P0010,Cricket Bat,Sports,2,11218,0,22436.0,Pune,Maharashtra,ST006,UPI
S000003131,2026-06-04,C03156,P0001,iPhone 16,Electronics,5,38341,10,172534.5,Kolkata,West Bengal,ST007,Debit Card
S000003132,2026-06-04,C47276,P0001,iPhone 16,Electronics,1,10393,10,9353.7,Hyderabad,Telangana,ST004,Net Banking
S000003133,2026-06-04,C22821,P0003,Laptop,Electronics,4,15977,20,51126.4,Delhi,Delhi,ST001,Credit Card
S000003134,2026-06-04,C40081,P0005,Women's Jeans,Fashion,5,2956,20,11824.0,Mumbai,Maharashtra,ST002,UPI
S000003135,2026-06-04,C06147,P0004,Men T-Shirt,Fashion,5,1927,20,7708.0,Pune,Maharashtra,ST006,Net Banking
S000003136,2026-06-04,C23539,P0006,Rice Bag,Grocery,5,194,5,921.5,Hyderabad,Telangana,ST004,Debit Card
S000003137,2026-06-04,C02996,P0006,Rice Bag,Grocery,1,50,15,42.5,Kolkata,West Bengal,ST007,UPI
S000003138,2026-06-04,C31910,P0010,Cricket Bat,Sports,1,6817,20,5453.6,Lucknow,Uttar Pradesh,ST010,UPI
S000003139,2026-06-04,C28081,P0009,Office Chair,Home,5,6838,15,29061.5,Delhi,Delhi,ST001,UPI
S000003140,2026-06-04,C31294,P0005,Women's Jeans,Fashion,4,4603,10,16570.8,Delhi,Delhi,ST001,Credit Card
S000003141,2026-06-04,C45508,P0003,Laptop,Electronics,5,47876,10,215442.0,Hyderabad,Telangana,ST004,Credit Card
S000003142,2026-06-04,C38080,P0006,Rice Bag,Grocery,1,221,15,187.85,Hyderabad,Telangana,ST004,UPI
S000003143,2026-06-04,C30047,P0007,Milk,Grocery,3,24,5,68.4,Bengaluru,Karnataka,ST003,Debit Card
S000003144,2026-06-04,C10531,P0006,Rice Bag,Grocery,4,128,15,435.2,Delhi,Delhi,ST001,UPI
S000003145,2026-06-04,C20520,P0005,Women's Jeans,Fashion,2,2841,0,5682.0,Bengaluru,Karnataka,ST003,Cash
S000003146,2026-06-04,C30106,P0009,Office Chair,Home,5,1501,5,7129.75,Chennai,Tamil Nadu,ST005,Credit Card
S000003147,2026-06-04,C43352,P0010,Cricket Bat,Sports,2,5341,10,9613.8,Bengaluru,Karnataka,ST003,Credit Card
S000003148,2026-06-04,C06243,P0002,Samsung TV,Electronics,5,15221,15,64689.25,Delhi,Delhi,ST001,UPI
S000003149,2026-06-04,C44353,P0001,iPhone 16,Electronics,1,80911,20,64728.8,Pune,Maharashtra,ST006,Credit Card
S000003150,2026-06-04,C27133,P0009,Office Chair,Home,1,2981,0,2981.0,Chennai,Tamil Nadu,ST005,Credit Card
S000003151,2026-06-04,C05793,P0007,Milk,Grocery,2,426,5,809.4,Kolkata,West Bengal,ST007,Cash
S000003152,2026-06-04,C40388,P0001,iPhone 16,Electronics,4,53788,20,172121.6,Chennai,Tamil Nadu,ST005,Debit Card
S000003153,2026-06-04,C36470,P0009,Office Chair,Home,5,3548,0,17740.0,Ahmedabad,Gujarat,ST008,Debit Card
S000003154,2026-06-04,C11207,P0010,Cricket Bat,Sports,3,3044,15,7762.2,Lucknow,Uttar Pradesh,ST010,Cash
S000003155,2026-06-04,C03043,P0004,Men T-Shirt,Fashion,2,569,5,1081.1,Hyderabad,Telangana,ST004,Cash
S000003156,2026-06-04,C29988,P0006,Rice Bag,Grocery,2,59,10,106.2,Pune,Maharashtra,ST006,Net Banking
S000003157,2026-06-04,C30274,P0008,Dining Table,Home,2,517,15,878.9,Delhi,Delhi,ST001,Net Banking
S000003158,2026-06-04,C07507,P0002,Samsung TV,Electronics,2,82185,0,164370.0,Pune,Maharashtra,ST006,Credit Card
S000003159,2026-06-04,C11858,P0004,Men T-Shirt,Fashion,1,1900,0,1900.0,Kolkata,West Bengal,ST007,Credit Card
S000003160,2026-06-04,C23107,P0009,Office Chair,Home,5,8509,0,42545.0,Mumbai,Maharashtra,ST002,Net Banking
S000003161,2026-06-04,C44984,P0006,Rice Bag,Grocery,4,74,0,296.0,Lucknow,Uttar Pradesh,ST010,UPI
S000003162,2026-06-04,C32974,P0007,Milk,Grocery,3,190,20,456.0,Hyderabad,Telangana,ST004,Net Banking
S000003163,2026-06-04,C36085,P0002,Samsung TV,Electronics,5,70784,15,300832.0,Lucknow,Uttar Pradesh,ST010,Debit Card
S000003164,2026-06-04,C10976,P0002,Samsung TV,Electronics,5,15827,0,79135.0,Kolkata,West Bengal,ST007,Net Banking
S000003165,2026-06-04,C49180,P0006,Rice Bag,Grocery,5,411,20,1644.0,Hyderabad,Telangana,ST004,Cash
S000003166,2026-06-04,C14153,P0002,Samsung TV,Electronics,5,30260,20,121040.0,Jaipur,Rajasthan,ST009,Cash
S000003167,2026-06-04,C38135,P0008,Dining Table,Home,3,5934,10,16021.8,Bengaluru,Karnataka,ST003,Net Banking
S000003168,2026-06-04,C03501,P0002,Samsung TV,Electronics,2,72491,5,137732.9,Jaipur,Rajasthan,ST009,Credit Card
S000003169,2026-06-04,C00080,P0001,iPhone 16,Electronics,2,48606,20,77769.6,Bengaluru,Karnataka,ST003,Net Banking
S000003170,2026-06-04,C08354,P0004,Men T-Shirt,Fashion,1,2564,0,2564.0,Bengaluru,Karnataka,ST003,Credit Card
S000003171,2026-06-04,C18182,P0005,Women's Jeans,Fashion,2,1578,20,2524.8,Ahmedabad,Gujarat,ST008,Debit Card
S000003172,2026-06-04,C49007,P0002,Samsung TV,Electronics,3,85664,20,205593.6,Mumbai,Maharashtra,ST002,Cash
S000003173,2026-06-04,C46566,P0004,Men T-Shirt,Fashion,1,1545,0,1545.0,Delhi,Delhi,ST001,Credit Card
S000003174,2026-06-04,C41553,P0004,Men T-Shirt,Fashion,2,2294,5,4358.6,Delhi,Delhi,ST001,Debit Card
S000003175,2026-06-04,C08558,P0008,Dining Table,Home,2,2191,5,4162.9,Ahmedabad,Gujarat,ST008,Debit Card
S000003176,2026-06-04,C24441,P0004,Men T-Shirt,Fashion,5,1266,15,5380.5,Delhi,Delhi,ST001,Credit Card
S000003177,2026-06-04,C21986,P0001,iPhone 16,Electronics,4,35826,0,143304.0,Kolkata,West Bengal,ST007,Debit Card
S000003178,2026-06-04,C44708,P0001,iPhone 16,Electronics,2,67667,15,115033.9,Pune,Maharashtra,ST006,Net Banking
S000003179,2026-06-04,C30121,P0006,Rice Bag,Grocery,1,332,20,265.6,Kolkata,West Bengal,ST007,Net Banking
S000003180,2026-06-04,C14697,P0003,Laptop,Electronics,2,88409,0,176818.0,Mumbai,Maharashtra,ST002,UPI
S000003181,2026-06-04,C27245,P0002,Samsung TV,Electronics,4,89707,0,358828.0,Ahmedabad,Gujarat,ST008,Debit Card
S000003182,2026-06-04,C10429,P0010,Cricket Bat,Sports,1,13164,0,13164.0,Jaipur,Rajasthan,ST009,Credit Card
S000003183,2026-06-04,C17280,P0004,Men T-Shirt,Fashion,1,3671,15,3120.35,Jaipur,Rajasthan,ST009,Debit Card
S000003184,2026-06-04,C10631,P0003,Laptop,Electronics,2,25534,15,43407.8,Lucknow,Uttar Pradesh,ST010,UPI
S000003185,2026-06-04,C31907,P0001,iPhone 16,Electronics,3,63197,20,151672.8,Jaipur,Rajasthan,ST009,UPI
S000003186,2026-06-04,C24155,P0007,Milk,Grocery,1,216,5,205.2,Kolkata,West Bengal,ST007,Cash
S000003187,2026-06-04,C45904,P0007,Milk,Grocery,5,282,15,1198.5,Bengaluru,Karnataka,ST003,UPI
S000003188,2026-06-04,C23728,P0006,Rice Bag,Grocery,5,166,10,747.0,Delhi,Delhi,ST001,Debit Card
S000003189,2026-06-04,C19694,P0001,iPhone 16,Electronics,4,35735,10,128646.0,Ahmedabad,Gujarat,ST008,Cash
S000003190,2026-06-04,C39627,P0004,Men T-Shirt,Fashion,4,3316,0,13264.0,Hyderabad,Telangana,ST004,Net Banking
S000003191,2026-06-04,C19812,P0010,Cricket Bat,Sports,4,3409,5,12954.2,Kolkata,West Bengal,ST007,Credit Card
S000003192,2026-06-04,C11072,P0007,Milk,Grocery,1,65,10,58.5,Bengaluru,Karnataka,ST003,Cash
S000003193,2026-06-04,C09625,P0005,Women's Jeans,Fashion,2,3314,20,5302.4,Hyderabad,Telangana,ST004,Cash
S000003194,2026-06-04,C45576,P0006,Rice Bag,Grocery,1,367,20,293.6,Chennai,Tamil Nadu,ST005,Credit Card
S000003195,2026-06-04,C33636,P0001,iPhone 16,Electronics,5,22856,20,91424.0,Jaipur,Rajasthan,ST009,Cash
S000003196,2026-06-04,C26711,P0003,Laptop,Electronics,1,88746,20,70996.8,Hyderabad,Telangana,ST004,Debit Card
S000003197,2026-06-04,C44742,P0007,Milk,Grocery,2,306,10,550.8,Chennai,Tamil Nadu,ST005,Credit Card
S000003198,2026-06-04,C15691,P0003,Laptop,Electronics,2,57924,0,115848.0,Chennai,Tamil Nadu,ST005,Cash
S000003199,2026-06-04,C23900,P0009,Office Chair,Home,2,4771,5,9064.9,Hyderabad,Telangana,ST004,Credit Card
S000003200,2026-06-04,C02277,P0004,Men T-Shirt,Fashion,3,4833,15,12324.15,Mumbai,Maharashtra,ST002,UPI
S000003201,2026-06-04,C26586,P0001,iPhone 16,Electronics,3,71198,15,181554.9,Pune,Maharashtra,ST006,Debit Card
S000003202,2026-06-04,C45209,P0010,Cricket Bat,Sports,3,13342,15,34022.1,Chennai,Tamil Nadu,ST005,Cash
S000003203,2026-06-04,C26305,P0010,Cricket Bat,Sports,2,6206,5,11791.4,Chennai,Tamil Nadu,ST005,Debit Card
S000003204,2026-06-04,C28613,P0006,Rice Bag,Grocery,3,221,15,563.55,Lucknow,Uttar Pradesh,ST010,Cash
S000003205,2026-06-04,C47719,P0010,Cricket Bat,Sports,1,7359,5,6991.05,Jaipur,Rajasthan,ST009,Cash
S000003206,2026-06-04,C18374,P0003,Laptop,Electronics,3,47427,10,128052.9,Mumbai,Maharashtra,ST002,Credit Card
S000003207,2026-06-04,C01451,P0009,Office Chair,Home,3,5519,20,13245.6,Delhi,Delhi,ST001,Net Banking
S000003208,2026-06-04,C05737,P0006,Rice Bag,Grocery,5,93,10,418.5,Bengaluru,Karnataka,ST003,Cash
S000003209,2026-06-04,C24328,P0010,Cricket Bat,Sports,3,14132,15,36036.6,Kolkata,West Bengal,ST007,Cash
S000003210,2026-06-04,C11910,P0002,Samsung TV,Electronics,4,46199,5,175556.2,Hyderabad,Telangana,ST004,UPI
S000003211,2026-06-04,C15703,P0006,Rice Bag,Grocery,3,112,15,285.6,Lucknow,Uttar Pradesh,ST010,UPI
S000003212,2026-06-04,C08031,P0005,Women's Jeans,Fashion,5,2100,5,9975.0,Delhi,Delhi,ST001,Debit Card
S000003213,2026-06-04,C10317,P0007,Milk,Grocery,3,473,10,1277.1,Mumbai,Maharashtra,ST002,Debit Card
S000003214,2026-06-04,C13992,P0001,iPhone 16,Electronics,4,38837,15,132045.8,Ahmedabad,Gujarat,ST008,Net Banking
S000003215,2026-06-04,C14812,P0002,Samsung TV,Electronics,5,25988,15,110449.0,Delhi,Delhi,ST001,UPI
S000003216,2026-06-04,C34789,P0006,Rice Bag,Grocery,1,60,10,54.0,Bengaluru,Karnataka,ST003,Credit Card
S000003217,2026-06-04,C47835,P0009,Office Chair,Home,5,5101,10,22954.5,Ahmedabad,Gujarat,ST008,UPI
S000003218,2026-06-04,C10252,P0004,Men T-Shirt,Fashion,2,4046,20,6473.6,Pune,Maharashtra,ST006,Debit Card
S000003219,2026-06-04,C30190,P0005,Women's Jeans,Fashion,1,1421,15,1207.85,Chennai,Tamil Nadu,ST005,Cash
S000003220,2026-06-04,C12714,P0003,Laptop,Electronics,4,54752,5,208057.6,Delhi,Delhi,ST001,Net Banking
S000003221,2026-06-04,C14586,P0008,Dining Table,Home,2,9958,15,16928.6,Ahmedabad,Gujarat,ST008,Cash
S000003222,2026-06-04,C26235,P0006,Rice Bag,Grocery,2,259,0,518.0,Kolkata,West Bengal,ST007,Credit Card
S000003223,2026-06-04,C07306,P0005,Women's Jeans,Fashion,3,1749,15,4459.95,Delhi,Delhi,ST001,UPI
S000003224,2026-06-04,C35194,P0002,Samsung TV,Electronics,3,78045,0,234135.0,Delhi,Delhi,ST001,Debit Card
S000003225,2026-06-04,C02384,P0001,iPhone 16,Electronics,2,26780,0,53560.0,Bengaluru,Karnataka,ST003,Cash
S000003226,2026-06-04,C20263,P0003,Laptop,Electronics,2,25717,15,43718.9,Pune,Maharashtra,ST006,Cash
S000003227,2026-06-04,C01735,P0010,Cricket Bat,Sports,5,11642,0,58210.0,Chennai,Tamil Nadu,ST005,Credit Card
S000003228,2026-06-04,C14262,P0007,Milk,Grocery,4,104,0,416.0,Jaipur,Rajasthan,ST009,UPI
S000003229,2026-06-04,C13007,P0002,Samsung TV,Electronics,5,55332,10,248994.0,Hyderabad,Telangana,ST004,Cash
S000003230,2026-06-04,C46478,P0003,Laptop,Electronics,2,13511,20,21617.6,Jaipur,Rajasthan,ST009,Cash
S000003231,2026-06-04,C42263,P0003,Laptop,Electronics,2,55084,5,104659.6,Lucknow,Uttar Pradesh,ST010,Cash
S000003232,2026-06-04,C47130,P0006,Rice Bag,Grocery,2,485,5,921.5,Lucknow,Uttar Pradesh,ST010,Debit Card
S000003233,2026-06-04,C09723,P0003,Laptop,Electronics,2,34917,20,55867.2,Bengaluru,Karnataka,ST003,Cash
S000003234,2026-06-04,C39544,P0010,Cricket Bat,Sports,3,6257,15,15955.35,Bengaluru,Karnataka,ST003,UPI
S000003235,2026-06-04,C45298,P0004,Men T-Shirt,Fashion,2,2356,15,4005.2,Pune,Maharashtra,ST006,Credit Card
S000003236,2026-06-04,C27973,P0002,Samsung TV,Electronics,1,71543,15,60811.55,Jaipur,Rajasthan,ST009,Debit Card
S000003237,2026-06-04,C06006,P0001,iPhone 16,Electronics,1,77036,5,73184.2,Jaipur,Rajasthan,ST009,Cash
S000003238,2026-06-04,C25500,P0010,Cricket Bat,Sports,5,13520,5,64220.0,Ahmedabad,Gujarat,ST008,UPI
S000003239,2026-06-04,C13101,P0007,Milk,Grocery,1,271,0,271.0,Delhi,Delhi,ST001,UPI
S000003240,2026-06-04,C10222,P0007,Milk,Grocery,5,133,20,532.0,Mumbai,Maharashtra,ST002,Debit Card
S000003241,2026-06-04,C44419,P0009,Office Chair,Home,4,7622,10,27439.2,Bengaluru,Karnataka,ST003,UPI
S000003242,2026-06-04,C35005,P0005,Women's Jeans,Fashion,2,3156,15,5365.2,Kolkata,West Bengal,ST007,Cash
S000003243,2026-06-04,C49398,P0005,Women's Jeans,Fashion,2,2275,5,4322.5,Bengaluru,Karnataka,ST003,Credit Card
S000003244,2026-06-04,C09283,P0003,Laptop,Electronics,1,89616,10,80654.4,Jaipur,Rajasthan,ST009,UPI
S000003245,2026-06-04,C16631,P0003,Laptop,Electronics,5,30222,5,143554.5,Pune,Maharashtra,ST006,Net Banking
S000003246,2026-06-04,C11708,P0006,Rice Bag,Grocery,4,113,20,361.6,Kolkata,West Bengal,ST007,UPI
S000003247,2026-06-04,C22121,P0004,Men T-Shirt,Fashion,4,2484,15,8445.6,Pune,Maharashtra,ST006,UPI
S000003248,2026-06-04,C16033,P0002,Samsung TV,Electronics,1,45593,15,38754.05,Mumbai,Maharashtra,ST002,Net Banking
S000003249,2026-06-04,C44806,P0008,Dining Table,Home,2,603,15,1025.1,Chennai,Tamil Nadu,ST005,UPI
S000003250,2026-06-04,C43844,P0006,Rice Bag,Grocery,3,415,0,1245.0,Hyderabad,Telangana,ST004,Net Banking
S000003251,2026-06-04,C42809,P0009,Office Chair,Home,1,1675,5,1591.25,Pune,Maharashtra,ST006,Credit Card
S000003252,2026-06-04,C25256,P0003,Laptop,Electronics,5,47594,15,202274.5,Kolkata,West Bengal,ST007,UPI
S000003253,2026-06-04,C15024,P0010,Cricket Bat,Sports,4,1336,10,4809.6,Ahmedabad,Gujarat,ST008,Debit Card
S000003254,2026-06-04,C47874,P0005,Women's Jeans,Fashion,3,3108,10,8391.6,Ahmedabad,Gujarat,ST008,UPI
S000003255,2026-06-04,C37269,P0002,Samsung TV,Electronics,3,21334,15,54401.7,Bengaluru,Karnataka,ST003,UPI
S000003256,2026-06-04,C47211,P0005,Women's Jeans,Fashion,5,3303,10,14863.5,Mumbai,Maharashtra,ST002,UPI
S000003257,2026-06-04,C28067,P0005,Women's Jeans,Fashion,1,3579,20,2863.2,Delhi,Delhi,ST001,Net Banking
S000003258,2026-06-04,C13863,P0010,Cricket Bat,Sports,5,8437,10,37966.5,Pune,Maharashtra,ST006,Cash
S000003259,2026-06-04,C12116,P0001,iPhone 16,Electronics,2,12380,10,22284.0,Ahmedabad,Gujarat,ST008,UPI
S000003260,2026-06-04,C11058,P0007,Milk,Grocery,1,338,15,287.3,Bengaluru,Karnataka,ST003,UPI
S000003261,2026-06-04,C06298,P0003,Laptop,Electronics,3,19606,5,55877.1,Mumbai,Maharashtra,ST002,Credit Card
S000003262,2026-06-04,C37459,P0004,Men T-Shirt,Fashion,4,4290,20,13728.0,Kolkata,West Bengal,ST007,Net Banking
S000003263,2026-06-04,C37129,P0008,Dining Table,Home,5,9072,15,38556.0,Kolkata,West Bengal,ST007,UPI
S000003264,2026-06-04,C14131,P0002,Samsung TV,Electronics,4,73422,5,279003.6,Bengaluru,Karnataka,ST003,Cash
S000003265,2026-06-04,C05237,P0010,Cricket Bat,Sports,4,10982,15,37338.8,Bengaluru,Karnataka,ST003,Credit Card
S000003266,2026-06-04,C44234,P0001,iPhone 16,Electronics,5,79522,20,318088.0,Ahmedabad,Gujarat,ST008,Debit Card
S000003267,2026-06-04,C40740,P0008,Dining Table,Home,3,4386,5,12500.1,Jaipur,Rajasthan,ST009,Cash
S000003268,2026-06-04,C41351,P0010,Cricket Bat,Sports,1,10173,0,10173.0,Chennai,Tamil Nadu,ST005,Credit Card
S000003269,2026-06-04,C41286,P0007,Milk,Grocery,2,35,20,56.0,Pune,Maharashtra,ST006,Debit Card
S000003270,2026-06-04,C44048,P0010,Cricket Bat,Sports,2,2342,5,4449.8,Pune,Maharashtra,ST006,Credit Card
S000003271,2026-06-04,C02994,P0003,Laptop,Electronics,1,56133,0,56133.0,Mumbai,Maharashtra,ST002,Net Banking
S000003272,2026-06-04,C22879,P0008,Dining Table,Home,3,9724,15,24796.2,Kolkata,West Bengal,ST007,Debit Card
S000003273,2026-06-04,C18619,P0008,Dining Table,Home,1,2798,15,2378.3,Delhi,Delhi,ST001,UPI
S000003274,2026-06-04,C36783,P0008,Dining Table,Home,3,9425,15,24033.75,Kolkata,West Bengal,ST007,Debit Card
S000003275,2026-06-04,C32533,P0007,Milk,Grocery,4,323,15,1098.2,Chennai,Tamil Nadu,ST005,Net Banking
S000003276,2026-06-04,C20285,P0002,Samsung TV,Electronics,4,55555,15,188887.0,Kolkata,West Bengal,ST007,Credit Card
S000003277,2026-06-04,C45261,P0001,iPhone 16,Electronics,1,13021,15,11067.85,Chennai,Tamil Nadu,ST005,Debit Card
S000003278,2026-06-04,C16009,P0006,Rice Bag,Grocery,4,121,0,484.0,Pune,Maharashtra,ST006,Credit Card
S000003279,2026-06-04,C38592,P0007,Milk,Grocery,4,335,5,1273.0,Chennai,Tamil Nadu,ST005,Net Banking
S000003280,2026-06-04,C30436,P0008,Dining Table,Home,5,6367,5,30243.25,Mumbai,Maharashtra,ST002,UPI
S000003281,2026-06-04,C37311,P0007,Milk,Grocery,2,45,10,81.0,Hyderabad,Telangana,ST004,Debit Card
S000003282,2026-06-04,C38900,P0008,Dining Table,Home,3,6230,0,18690.0,Delhi,Delhi,ST001,Credit Card
S000003283,2026-06-04,C10585,P0009,Office Chair,Home,4,3881,15,13195.4,Bengaluru,Karnataka,ST003,Cash
S000003284,2026-06-04,C19642,P0004,Men T-Shirt,Fashion,5,2875,20,11500.0,Mumbai,Maharashtra,ST002,Debit Card
S000003285,2026-06-04,C40683,P0009,Office Chair,Home,5,6946,10,31257.0,Lucknow,Uttar Pradesh,ST010,Debit Card
S000003286,2026-06-04,C18462,P0007,Milk,Grocery,3,189,10,510.3,Kolkata,West Bengal,ST007,Credit Card
S000003287,2026-06-04,C19147,P0004,Men T-Shirt,Fashion,1,3001,20,2400.8,Chennai,Tamil Nadu,ST005,Debit Card
S000003288,2026-06-04,C07951,P0007,Milk,Grocery,5,145,20,580.0,Lucknow,Uttar Pradesh,ST010,Net Banking
S000003289,2026-06-04,C15890,P0005,Women's Jeans,Fashion,4,2835,5,10773.0,Chennai,Tamil Nadu,ST005,Net Banking
S000003290,2026-06-04,C37678,P0005,Women's Jeans,Fashion,1,4807,20,3845.6,Kolkata,West Bengal,ST007,Debit Card
S000003291,2026-06-04,C11229,P0003,Laptop,Electronics,5,53016,20,212064.0,Hyderabad,Telangana,ST004,UPI
S000003292,2026-06-04,C27534,P0003,Laptop,Electronics,2,85447,20,136715.2,Lucknow,Uttar Pradesh,ST010,Cash
S000003293,2026-06-04,C42110,P0009,Office Chair,Home,1,4582,5,4352.9,Lucknow,Uttar Pradesh,ST010,Debit Card
S000003294,2026-06-04,C06791,P0001,iPhone 16,Electronics,2,18022,5,34241.8,Lucknow,Uttar Pradesh,ST010,Cash
S000003295,2026-06-04,C07547,P0008,Dining Table,Home,3,5437,20,13048.8,Delhi,Delhi,ST001,Cash
S000003296,2026-06-04,C22790,P0004,Men T-Shirt,Fashion,3,3258,15,8307.9,Chennai,Tamil Nadu,ST005,Cash
S000003297,2026-06-04,C38379,P0003,Laptop,Electronics,2,11331,0,22662.0,Bengaluru,Karnataka,ST003,UPI
S000003298,2026-06-04,C19777,P0005,Women's Jeans,Fashion,3,3625,0,10875.0,Lucknow,Uttar Pradesh,ST010,Cash
S000003299,2026-06-04,C09725,P0010,Cricket Bat,Sports,1,13783,0,13783.0,Hyderabad,Telangana,ST004,Net Banking
S000003300,2026-06-04,C09270,P0006,Rice Bag,Grocery,1,124,15,105.4,Mumbai,Maharashtra,ST002,Credit Card
S000003301,2026-06-04,C21845,P0007,Milk,Grocery,5,220,5,1045.0,Pune,Maharashtra,ST006,Net Banking
S000003302,2026-06-04,C21678,P0010,Cricket Bat,Sports,1,9399,15,7989.15,Pune,Maharashtra,ST006,Cash
S000003303,2026-06-04,C05170,P0010,Cricket Bat,Sports,1,4577,10,4119.3,Lucknow,Uttar Pradesh,ST010,Credit Card
S000003304,2026-06-04,C36212,P0005,Women's Jeans,Fashion,3,3748,15,9557.4,Hyderabad,Telangana,ST004,Debit Card
S000003305,2026-06-04,C14503,P0002,Samsung TV,Electronics,5,82185,10,369832.5,Mumbai,Maharashtra,ST002,Credit Card
S000003306,2026-06-04,C03150,P0004,Men T-Shirt,Fashion,2,3837,5,7290.3,Chennai,Tamil Nadu,ST005,Credit Card
S000003307,2026-06-04,C43959,P0003,Laptop,Electronics,2,50635,15,86079.5,Delhi,Delhi,ST001,Credit Card
S000003308,2026-06-04,C19186,P0003,Laptop,Electronics,2,24127,0,48254.0,Chennai,Tamil Nadu,ST005,Cash
S000003309,2026-06-04,C19744,P0004,Men T-Shirt,Fashion,4,4632,15,15748.8,Ahmedabad,Gujarat,ST008,Net Banking
S000003310,2026-06-04,C35408,P0001,iPhone 16,Electronics,3,28463,20,68311.2,Delhi,Delhi,ST001,Net Banking
S000003311,2026-06-04,C18389,P0007,Milk,Grocery,2,473,0,946.0,Lucknow,Uttar Pradesh,ST010,UPI
S000003312,2026-06-04,C42378,P0008,Dining Table,Home,1,8131,10,7317.9,Ahmedabad,Gujarat,ST008,Debit Card
S000003313,2026-06-04,C12342,P0001,iPhone 16,Electronics,3,17660,5,50331.0,Chennai,Tamil Nadu,ST005,Credit Card
S000003314,2026-06-04,C14968,P0009,Office Chair,Home,2,3153,20,5044.8,Pune,Maharashtra,ST006,UPI
S000003315,2026-06-04,C39945,P0005,Women's Jeans,Fashion,3,1984,15,5059.2,Kolkata,West Bengal,ST007,Cash
S000003316,2026-06-04,C49258,P0006,Rice Bag,Grocery,2,88,20,140.8,Bengaluru,Karnataka,ST003,Credit Card
S000003317,2026-06-04,C10048,P0010,Cricket Bat,Sports,2,566,5,1075.4,Hyderabad,Telangana,ST004,UPI
S000003318,2026-06-04,C21640,P0007,Milk,Grocery,2,124,0,248.0,Lucknow,Uttar Pradesh,ST010,UPI
S000003319,2026-06-04,C15056,P0001,iPhone 16,Electronics,3,63515,15,161963.25,Hyderabad,Telangana,ST004,Credit Card
S000003320,2026-06-04,C28900,P0002,Samsung TV,Electronics,4,57867,0,231468.0,Mumbai,Maharashtra,ST002,Cash
S000003321,2026-06-04,C28675,P0007,Milk,Grocery,5,332,10,1494.0,Bengaluru,Karnataka,ST003,Cash
S000003322,2026-06-04,C49212,P0006,Rice Bag,Grocery,2,162,10,291.6,Hyderabad,Telangana,ST004,UPI
S000003323,2026-06-04,C13803,P0001,iPhone 16,Electronics,2,86247,20,137995.2,Mumbai,Maharashtra,ST002,Credit Card
S000003324,2026-06-04,C16929,P0008,Dining Table,Home,1,4051,10,3645.9,Bengaluru,Karnataka,ST003,Credit Card
S000003325,2026-06-04,C46973,P0003,Laptop,Electronics,5,48797,15,207387.25,Delhi,Delhi,ST001,Credit Card
S000003326,2026-06-04,C04464,P0010,Cricket Bat,Sports,4,12058,5,45820.4,Delhi,Delhi,ST001,UPI
S000003327,2026-06-04,C10710,P0003,Laptop,Electronics,3,17666,15,45048.3,Chennai,Tamil Nadu,ST005,UPI
S000003328,2026-06-04,C47331,P0007,Milk,Grocery,4,393,0,1572.0,Chennai,Tamil Nadu,ST005,Net Banking
S000003329,2026-06-04,C31214,P0008,Dining Table,Home,4,2234,20,7148.8,Pune,Maharashtra,ST006,Debit Card
S000003330,2026-06-04,C39369,P0003,Laptop,Electronics,4,57154,20,182892.8,Chennai,Tamil Nadu,ST005,UPI
S000003331,2026-06-04,C14903,P0009,Office Chair,Home,4,2930,10,10548.0,Ahmedabad,Gujarat,ST008,Credit Card
S000003332,2026-06-04,C33148,P0002,Samsung TV,Electronics,3,88485,0,265455.0,Bengaluru,Karnataka,ST003,Credit Card
S000003333,2026-06-04,C38335,P0006,Rice Bag,Grocery,5,164,10,738.0,Kolkata,West Bengal,ST007,Cash
S000003334,2026-06-04,C33236,P0003,Laptop,Electronics,2,34592,15,58806.4,Hyderabad,Telangana,ST004,Cash
S000003335,2026-06-04,C37579,P0002,Samsung TV,Electronics,2,21080,0,42160.0,Bengaluru,Karnataka,ST003,UPI
S000003336,2026-06-04,C03090,P0002,Samsung TV,Electronics,5,15500,5,73625.0,Jaipur,Rajasthan,ST009,Cash
S000003337,2026-06-04,C45672,P0006,Rice Bag,Grocery,5,45,0,225.0,Jaipur,Rajasthan,ST009,Cash
S000003338,2026-06-04,C29781,P0001,iPhone 16,Electronics,1,39561,20,31648.8,Ahmedabad,Gujarat,ST008,Debit Card
S000003339,2026-06-04,C09900,P0006,Rice Bag,Grocery,5,336,10,1512.0,Mumbai,Maharashtra,ST002,Net Banking
S000003340,2026-06-04,C45512,P0006,Rice Bag,Grocery,3,396,0,1188.0,Bengaluru,Karnataka,ST003,Net Banking
S000003341,2026-06-04,C32375,P0002,Samsung TV,Electronics,2,74517,15,126678.9,Bengaluru,Karnataka,ST003,Credit Card
S000003342,2026-06-04,C49050,P0005,Women's Jeans,Fashion,5,4222,5,20054.5,Hyderabad,Telangana,ST004,Credit Card
S000003343,2026-06-04,C10719,P0001,iPhone 16,Electronics,2,28919,0,57838.0,Pune,Maharashtra,ST006,Debit Card
S000003344,2026-06-04,C24621,P0003,Laptop,Electronics,3,87477,15,223066.35,Kolkata,West Bengal,ST007,Debit Card
S000003345,2026-06-04,C12607,P0004,Men T-Shirt,Fashion,2,2157,10,3882.6,Delhi,Delhi,ST001,Net Banking
S000003346,2026-06-04,C19296,P0005,Women's Jeans,Fashion,3,4614,20,11073.6,Ahmedabad,Gujarat,ST008,UPI
S000003347,2026-06-04,C32709,P0009,Office Chair,Home,3,692,10,1868.4,Lucknow,Uttar Pradesh,ST010,Net Banking
S000003348,2026-06-04,C30450,P0001,iPhone 16,Electronics,3,59482,20,142756.8,Bengaluru,Karnataka,ST003,UPI
S000003349,2026-06-04,C44850,P0006,Rice Bag,Grocery,3,117,15,298.35,Mumbai,Maharashtra,ST002,Net Banking
S000003350,2026-06-04,C32561,P0005,Women's Jeans,Fashion,4,3999,5,15196.2,Lucknow,Uttar Pradesh,ST010,Credit Card
S000003351,2026-06-04,C10484,P0010,Cricket Bat,Sports,2,4691,5,8912.9,Pune,Maharashtra,ST006,Cash
S000003352,2026-06-04,C29646,P0008,Dining Table,Home,2,3121,10,5617.8,Ahmedabad,Gujarat,ST008,Debit Card
S000003353,2026-06-04,C37175,P0003,Laptop,Electronics,1,62345,10,56110.5,Delhi,Delhi,ST001,Cash
S000003354,2026-06-04,C35569,P0002,Samsung TV,Electronics,2,13640,10,24552.0,Bengaluru,Karnataka,ST003,Net Banking
S000003355,2026-06-04,C37533,P0003,Laptop,Electronics,3,25338,0,76014.0,Bengaluru,Karnataka,ST003,Net Banking
S000003356,2026-06-04,C21141,P0007,Milk,Grocery,2,322,10,579.6,Hyderabad,Telangana,ST004,UPI
S000003357,2026-06-04,C20697,P0010,Cricket Bat,Sports,4,4303,15,14630.2,Kolkata,West Bengal,ST007,Credit Card
S000003358,2026-06-04,C43803,P0003,Laptop,Electronics,5,48883,5,232194.25,Kolkata,West Bengal,ST007,Credit Card
S000003359,2026-06-04,C02802,P0007,Milk,Grocery,3,359,10,969.3,Kolkata,West Bengal,ST007,UPI
S000003360,2026-06-04,C40862,P0009,Office Chair,Home,3,2090,5,5956.5,Delhi,Delhi,ST001,Net Banking
S000003361,2026-06-04,C13420,P0002,Samsung TV,Electronics,1,15715,10,14143.5,Hyderabad,Telangana,ST004,Net Banking
S000003362,2026-06-04,C37611,P0009,Office Chair,Home,1,1871,5,1777.45,Hyderabad,Telangana,ST004,Credit Card
S000003363,2026-06-04,C09951,P0002,Samsung TV,Electronics,3,48806,20,117134.4,Bengaluru,Karnataka,ST003,UPI
S000003364,2026-06-04,C43434,P0002,Samsung TV,Electronics,2,67074,20,107318.4,Pune,Maharashtra,ST006,Net Banking
S000003365,2026-06-04,C27339,P0009,Office Chair,Home,3,638,0,1914.0,Ahmedabad,Gujarat,ST008,Cash
S000003366,2026-06-04,C38198,P0002,Samsung TV,Electronics,3,82911,20,198986.4,Jaipur,Rajasthan,ST009,Debit Card
S000003367,2026-06-04,C03834,P0007,Milk,Grocery,2,448,0,896.0,Chennai,Tamil Nadu,ST005,Debit Card
S000003368,2026-06-04,C02791,P0007,Milk,Grocery,5,488,15,2074.0,Bengaluru,Karnataka,ST003,Net Banking
S000003369,2026-06-04,C28983,P0009,Office Chair,Home,3,9032,10,24386.4,Ahmedabad,Gujarat,ST008,Credit Card
S000003370,2026-06-04,C48284,P0007,Milk,Grocery,4,403,10,1450.8,Kolkata,West Bengal,ST007,Debit Card
S000003371,2026-06-04,C48848,P0002,Samsung TV,Electronics,2,38535,10,69363.0,Lucknow,Uttar Pradesh,ST010,Cash
S000003372,2026-06-04,C43156,P0003,Laptop,Electronics,2,67162,5,127607.8,Mumbai,Maharashtra,ST002,Net Banking
S000003373,2026-06-04,C11734,P0002,Samsung TV,Electronics,1,50060,0,50060.0,Hyderabad,Telangana,ST004,Credit Card
S000003374,2026-06-04,C02981,P0005,Women's Jeans,Fashion,3,4857,5,13842.45,Bengaluru,Karnataka,ST003,Net Banking
S000003375,2026-06-04,C07391,P0005,Women's Jeans,Fashion,5,1416,0,7080.0,Ahmedabad,Gujarat,ST008,Net Banking
S000003376,2026-06-04,C30872,P0010,Cricket Bat,Sports,4,9935,20,31792.0,Ahmedabad,Gujarat,ST008,Credit Card
S000003377,2026-06-04,C38933,P0010,Cricket Bat,Sports,5,1881,5,8934.75,Chennai,Tamil Nadu,ST005,Net Banking
S000003378,2026-06-04,C33666,P0004,Men T-Shirt,Fashion,1,967,5,918.65,Mumbai,Maharashtra,ST002,Net Banking
S000003379,2026-06-04,C28311,P0007,Milk,Grocery,2,381,0,762.0,Kolkata,West Bengal,ST007,UPI
S000003380,2026-06-04,C04089,P0001,iPhone 16,Electronics,2,80679,10,145222.2,Pune,Maharashtra,ST006,Credit Card
S000003381,2026-06-04,C12675,P0009,Office Chair,Home,1,563,10,506.7,Kolkata,West Bengal,ST007,Credit Card
S000003382,2026-06-04,C41407,P0001,iPhone 16,Electronics,3,42017,20,100840.8,Pune,Maharashtra,ST006,Credit Card
S000003383,2026-06-04,C15398,P0009,Office Chair,Home,5,3151,15,13391.75,Delhi,Delhi,ST001,Debit Card
S000003384,2026-06-04,C40367,P0003,Laptop,Electronics,1,17817,15,15144.45,Lucknow,Uttar Pradesh,ST010,Net Banking
S000003385,2026-06-04,C26091,P0009,Office Chair,Home,4,7645,5,29051.0,Kolkata,West Bengal,ST007,Credit Card
S000003386,2026-06-04,C14886,P0003,Laptop,Electronics,5,89877,15,381977.25,Jaipur,Rajasthan,ST009,Credit Card
S000003387,2026-06-04,C44118,P0004,Men T-Shirt,Fashion,4,1182,20,3782.4,Hyderabad,Telangana,ST004,Cash
S000003388,2026-06-04,C22035,P0002,Samsung TV,Electronics,2,62120,15,105604.0,Jaipur,Rajasthan,ST009,Cash
S000003389,2026-06-04,C06866,P0004,Men T-Shirt,Fashion,3,1390,0,4170.0,Kolkata,West Bengal,ST007,Net Banking
S000003390,2026-06-04,C04875,P0004,Men T-Shirt,Fashion,2,2147,5,4079.3,Bengaluru,Karnataka,ST003,Net Banking
S000003391,2026-06-04,C46983,P0010,Cricket Bat,Sports,5,14212,20,56848.0,Bengaluru,Karnataka,ST003,UPI
S000003392,2026-06-04,C47913,P0004,Men T-Shirt,Fashion,4,1018,20,3257.6,Pune,Maharashtra,ST006,Credit Card
S000003393,2026-06-04,C31253,P0006,Rice Bag,Grocery,4,272,15,924.8,Delhi,Delhi,ST001,Cash
S000003394,2026-06-04,C06225,P0001,iPhone 16,Electronics,5,31895,0,159475.0,Kolkata,West Bengal,ST007,Debit Card
S000003395,2026-06-04,C41603,P0009,Office Chair,Home,3,4552,0,13656.0,Jaipur,Rajasthan,ST009,UPI
S000003396,2026-06-04,C40709,P0003,Laptop,Electronics,4,63706,0,254824.0,Ahmedabad,Gujarat,ST008,Net Banking
S000003397,2026-06-04,C30189,P0009,Office Chair,Home,5,7364,20,29456.0,Mumbai,Maharashtra,ST002,Debit Card
S000003398,2026-06-04,C34947,P0004,Men T-Shirt,Fashion,3,4575,5,13038.75,Jaipur,Rajasthan,ST009,Debit Card
S000003399,2026-06-04,C48132,P0001,iPhone 16,Electronics,4,58318,15,198281.2,Bengaluru,Karnataka,ST003,Cash
S000003400,2026-06-04,C34988,P0007,Milk,Grocery,3,314,0,942.0,Bengaluru,Karnataka,ST003,Net Banking
S000003401,2026-06-04,C09068,P0006,Rice Bag,Grocery,3,335,20,804.0,Ahmedabad,Gujarat,ST008,Credit Card
S000003402,2026-06-04,C38875,P0010,Cricket Bat,Sports,3,3962,20,9508.8,Bengaluru,Karnataka,ST003,Debit Card
S000003403,2026-06-04,C17881,P0007,Milk,Grocery,3,473,5,1348.05,Delhi,Delhi,ST001,Cash
S000003404,2026-06-04,C37968,P0010,Cricket Bat,Sports,3,10579,15,26976.45,Delhi,Delhi,ST001,Cash
S000003405,2026-06-04,C09354,P0010,Cricket Bat,Sports,5,5289,0,26445.0,Kolkata,West Bengal,ST007,Cash
S000003406,2026-06-04,C28697,P0010,Cricket Bat,Sports,4,653,20,2089.6,Lucknow,Uttar Pradesh,ST010,Cash
S000003407,2026-06-04,C00253,P0009,Office Chair,Home,3,8659,10,23379.3,Lucknow,Uttar Pradesh,ST010,Cash
S000003408,2026-06-04,C36645,P0006,Rice Bag,Grocery,3,227,10,612.9,Lucknow,Uttar Pradesh,ST010,Net Banking
S000003409,2026-06-04,C04933,P0009,Office Chair,Home,5,5452,0,27260.0,Hyderabad,Telangana,ST004,Net Banking
S000003410,2026-06-04,C26933,P0008,Dining Table,Home,4,9003,10,32410.8,Hyderabad,Telangana,ST004,Debit Card
S000003411,2026-06-04,C13518,P0007,Milk,Grocery,5,74,15,314.5,Lucknow,Uttar Pradesh,ST010,Net Banking
S000003412,2026-06-04,C19200,P0010,Cricket Bat,Sports,3,5051,10,13637.7,Jaipur,Rajasthan,ST009,UPI
S000003413,2026-06-04,C00648,P0010,Cricket Bat,Sports,4,14649,0,58596.0,Bengaluru,Karnataka,ST003,Net Banking
S000003414,2026-06-04,C21409,P0003,Laptop,Electronics,2,62228,5,118233.2,Mumbai,Maharashtra,ST002,UPI
S000003415,2026-06-04,C30061,P0001,iPhone 16,Electronics,3,82466,20,197918.4,Kolkata,West Bengal,ST007,Cash
S000003416,2026-06-04,C04012,P0001,iPhone 16,Electronics,3,80076,10,216205.2,Jaipur,Rajasthan,ST009,Credit Card
S000003417,2026-06-04,C23500,P0009,Office Chair,Home,1,9614,20,7691.2,Mumbai,Maharashtra,ST002,Credit Card
S000003418,2026-06-04,C37561,P0009,Office Chair,Home,3,8404,10,22690.8,Hyderabad,Telangana,ST004,UPI
S000003419,2026-06-04,C43697,P0009,Office Chair,Home,5,8261,10,37174.5,Jaipur,Rajasthan,ST009,Credit Card
S000003420,2026-06-04,C48727,P0002,Samsung TV,Electronics,4,41006,0,164024.0,Jaipur,Rajasthan,ST009,Debit Card
S000003421,2026-06-04,C09790,P0008,Dining Table,Home,1,510,5,484.5,Pune,Maharashtra,ST006,UPI
S000003422,2026-06-04,C03010,P0006,Rice Bag,Grocery,1,323,20,258.4,Kolkata,West Bengal,ST007,Cash
S000003423,2026-06-04,C23324,P0004,Men T-Shirt,Fashion,4,2898,0,11592.0,Delhi,Delhi,ST001,Debit Card
S000003424,2026-06-04,C36567,P0005,Women's Jeans,Fashion,4,4934,10,17762.4,Lucknow,Uttar Pradesh,ST010,Credit Card
S000003425,2026-06-04,C28312,P0008,Dining Table,Home,5,8361,0,41805.0,Lucknow,Uttar Pradesh,ST010,UPI
S000003426,2026-06-04,C42837,P0002,Samsung TV,Electronics,2,64322,0,128644.0,Jaipur,Rajasthan,ST009,Cash
S000003427,2026-06-04,C02047,P0002,Samsung TV,Electronics,3,26105,0,78315.0,Hyderabad,Telangana,ST004,Cash
S000003428,2026-06-04,C15134,P0005,Women's Jeans,Fashion,3,1577,20,3784.8,Chennai,Tamil Nadu,ST005,Debit Card
S000003429,2026-06-04,C39014,P0001,iPhone 16,Electronics,3,54950,15,140122.5,Kolkata,West Bengal,ST007,Cash
S000003430,2026-06-04,C36611,P0007,Milk,Grocery,3,39,15,99.45,Pune,Maharashtra,ST006,Credit Card
S000003431,2026-06-04,C09291,P0003,Laptop,Electronics,3,88296,15,225154.8,Mumbai,Maharashtra,ST002,Debit Card
S000003432,2026-06-04,C31306,P0003,Laptop,Electronics,2,34148,5,64881.2,Pune,Maharashtra,ST006,Cash
S000003433,2026-06-04,C08185,P0010,Cricket Bat,Sports,2,3830,10,6894.0,Delhi,Delhi,ST001,Debit Card
S000003434,2026-06-04,C28809,P0001,iPhone 16,Electronics,3,72967,15,186065.85,Chennai,Tamil Nadu,ST005,Cash
S000003435,2026-06-04,C19896,P0009,Office Chair,Home,3,4150,20,9960.0,Chennai,Tamil Nadu,ST005,Debit Card
S000003436,2026-06-04,C28645,P0006,Rice Bag,Grocery,2,293,5,556.7,Bengaluru,Karnataka,ST003,UPI
S000003437,2026-06-04,C20483,P0001,iPhone 16,Electronics,2,47679,10,85822.2,Ahmedabad,Gujarat,ST008,UPI
S000003438,2026-06-04,C47754,P0006,Rice Bag,Grocery,2,379,20,606.4,Hyderabad,Telangana,ST004,UPI
S000003439,2026-06-04,C03694,P0001,iPhone 16,Electronics,2,34226,0,68452.0,Hyderabad,Telangana,ST004,Cash
S000003440,2026-06-04,C04456,P0008,Dining Table,Home,4,8604,5,32695.2,Hyderabad,Telangana,ST004,Credit Card
S000003441,2026-06-04,C27893,P0005,Women's Jeans,Fashion,2,3338,20,5340.8,Jaipur,Rajasthan,ST009,Net Banking
S000003442,2026-06-04,C21037,P0006,Rice Bag,Grocery,2,112,20,179.2,Jaipur,Rajasthan,ST009,Debit Card
S000003443,2026-06-04,C43817,P0005,Women's Jeans,Fashion,2,3061,0,6122.0,Bengaluru,Karnataka,ST003,Debit Card
S000003444,2026-06-04,C26613,P0002,Samsung TV,Electronics,4,58266,20,186451.2,Jaipur,Rajasthan,ST009,Debit Card
S000003445,2026-06-04,C05508,P0008,Dining Table,Home,3,1355,20,3252.0,Mumbai,Maharashtra,ST002,UPI
S000003446,2026-06-04,C41729,P0001,iPhone 16,Electronics,5,22156,10,99702.0,Pune,Maharashtra,ST006,Debit Card
S000003447,2026-06-04,C29376,P0008,Dining Table,Home,4,4273,10,15382.8,Chennai,Tamil Nadu,ST005,Debit Card
S000003448,2026-06-04,C41854,P0004,Men T-Shirt,Fashion,3,4091,20,9818.4,Pune,Maharashtra,ST006,Credit Card
S000003449,2026-06-04,C47960,P0005,Women's Jeans,Fashion,1,3419,20,2735.2,Mumbai,Maharashtra,ST002,Cash
S000003450,2026-06-04,C19680,P0010,Cricket Bat,Sports,3,5041,20,12098.4,Ahmedabad,Gujarat,ST008,Credit Card
S000003451,2026-06-04,C13316,P0001,iPhone 16,Electronics,4,76918,20,246137.6,Pune,Maharashtra,ST006,Credit Card
S000003452,2026-06-04,C01985,P0004,Men T-Shirt,Fashion,5,2283,15,9702.75,Hyderabad,Telangana,ST004,UPI
S000003453,2026-06-04,C05450,P0002,Samsung TV,Electronics,5,88757,5,421595.75,Hyderabad,Telangana,ST004,Credit Card
S000003454,2026-06-04,C27992,P0001,iPhone 16,Electronics,5,80116,5,380551.0,Jaipur,Rajasthan,ST009,Cash
S000003455,2026-06-04,C36492,P0002,Samsung TV,Electronics,4,81212,15,276120.8,Pune,Maharashtra,ST006,Credit Card
S000003456,2026-06-04,C12865,P0001,iPhone 16,Electronics,4,34111,10,122799.6,Chennai,Tamil Nadu,ST005,Net Banking
S000003457,2026-06-04,C44845,P0002,Samsung TV,Electronics,1,68349,10,61514.1,Pune,Maharashtra,ST006,Credit Card
S000003458,2026-06-04,C26778,P0006,Rice Bag,Grocery,2,267,20,427.2,Hyderabad,Telangana,ST004,Debit Card
S000003459,2026-06-04,C03277,P0002,Samsung TV,Electronics,1,56693,15,48189.05,Jaipur,Rajasthan,ST009,Net Banking
S000003460,2026-06-04,C44929,P0008,Dining Table,Home,3,6750,15,17212.5,Hyderabad,Telangana,ST004,Debit Card
S000003461,2026-06-04,C05743,P0008,Dining Table,Home,2,7012,20,11219.2,Ahmedabad,Gujarat,ST008,Cash
S000003462,2026-06-04,C04280,P0005,Women's Jeans,Fashion,4,1618,20,5177.6,Hyderabad,Telangana,ST004,Credit Card
S000003463,2026-06-04,C39624,P0010,Cricket Bat,Sports,4,4592,10,16531.2,Chennai,Tamil Nadu,ST005,Cash
S000003464,2026-06-04,C03452,P0010,Cricket Bat,Sports,5,13248,0,66240.0,Lucknow,Uttar Pradesh,ST010,Net Banking
S000003465,2026-06-04,C45187,P0001,iPhone 16,Electronics,5,88063,20,352252.0,Mumbai,Maharashtra,ST002,UPI
S000003466,2026-06-04,C22301,P0008,Dining Table,Home,1,9204,5,8743.8,Hyderabad,Telangana,ST004,Net Banking
S000003467,2026-06-04,C44811,P0006,Rice Bag,Grocery,1,296,20,236.8,Bengaluru,Karnataka,ST003,UPI
S000003468,2026-06-04,C26844,P0009,Office Chair,Home,2,5330,15,9061.0,Chennai,Tamil Nadu,ST005,Debit Card
S000003469,2026-06-04,C18150,P0009,Office Chair,Home,5,8000,20,32000.0,Jaipur,Rajasthan,ST009,Debit Card
S000003470,2026-06-04,C24295,P0008,Dining Table,Home,3,8532,10,23036.4,Bengaluru,Karnataka,ST003,Net Banking
S000003471,2026-06-04,C41623,P0010,Cricket Bat,Sports,2,8792,0,17584.0,Pune,Maharashtra,ST006,Net Banking
S000003472,2026-06-04,C38820,P0001,iPhone 16,Electronics,1,67816,20,54252.8,Bengaluru,Karnataka,ST003,Credit Card
S000003473,2026-06-04,C30328,P0009,Office Chair,Home,2,5402,20,8643.2,Lucknow,Uttar Pradesh,ST010,UPI
S000003474,2026-06-04,C35419,P0004,Men T-Shirt,Fashion,1,4285,0,4285.0,Lucknow,Uttar Pradesh,ST010,Cash
S000003475,2026-06-04,C21507,P0010,Cricket Bat,Sports,3,5685,0,17055.0,Jaipur,Rajasthan,ST009,Debit Card
S000003476,2026-06-04,C17425,P0004,Men T-Shirt,Fashion,2,4785,15,8134.5,Kolkata,West Bengal,ST007,Cash
S000003477,2026-06-04,C34300,P0002,Samsung TV,Electronics,2,13890,5,26391.0,Mumbai,Maharashtra,ST002,Credit Card
S000003478,2026-06-04,C34614,P0009,Office Chair,Home,5,2369,0,11845.0,Pune,Maharashtra,ST006,Cash
S000003479,2026-06-04,C37888,P0004,Men T-Shirt,Fashion,5,1153,10,5188.5,Lucknow,Uttar Pradesh,ST010,Cash
S000003480,2026-06-04,C22057,P0010,Cricket Bat,Sports,5,11059,20,44236.0,Delhi,Delhi,ST001,UPI
S000003481,2026-06-04,C41306,P0003,Laptop,Electronics,4,85640,0,342560.0,Mumbai,Maharashtra,ST002,Cash
S000003482,2026-06-04,C24275,P0006,Rice Bag,Grocery,4,493,15,1676.2,Bengaluru,Karnataka,ST003,Net Banking
S000003483,2026-06-04,C38352,P0004,Men T-Shirt,Fashion,1,3064,20,2451.2,Hyderabad,Telangana,ST004,Debit Card
S000003484,2026-06-04,C35289,P0001,iPhone 16,Electronics,3,35579,5,101400.15,Ahmedabad,Gujarat,ST008,UPI
S000003485,2026-06-04,C44128,P0007,Milk,Grocery,1,314,5,298.3,Delhi,Delhi,ST001,UPI
S000003486,2026-06-04,C38306,P0002,Samsung TV,Electronics,5,26469,20,105876.0,Delhi,Delhi,ST001,Credit Card
S000003487,2026-06-04,C31085,P0005,Women's Jeans,Fashion,3,1493,5,4255.05,Bengaluru,Karnataka,ST003,Debit Card
S000003488,2026-06-04,C47416,P0007,Milk,Grocery,1,373,20,298.4,Delhi,Delhi,ST001,Net Banking
S000003489,2026-06-04,C21502,P0009,Office Chair,Home,1,1199,10,1079.1,Mumbai,Maharashtra,ST002,Net Banking
S000003490,2026-06-04,C21479,P0001,iPhone 16,Electronics,2,70429,5,133815.1,Bengaluru,Karnataka,ST003,Debit Card
S000003491,2026-06-04,C26245,P0002,Samsung TV,Electronics,4,36953,15,125640.2,Pune,Maharashtra,ST006,Net Banking
S000003492,2026-06-04,C49646,P0007,Milk,Grocery,1,131,10,117.9,Bengaluru,Karnataka,ST003,Cash
S000003493,2026-06-04,C33401,P0010,Cricket Bat,Sports,2,3724,10,6703.2,Kolkata,West Bengal,ST007,Net Banking
S000003494,2026-06-04,C15860,P0010,Cricket Bat,Sports,3,9221,10,24896.7,Delhi,Delhi,ST001,UPI
S000003495,2026-06-04,C49236,P0007,Milk,Grocery,3,250,5,712.5,Mumbai,Maharashtra,ST002,Debit Card
S000003496,2026-06-04,C05633,P0006,Rice Bag,Grocery,2,319,15,542.3,Kolkata,West Bengal,ST007,Cash
S000003497,2026-06-04,C37231,P0003,Laptop,Electronics,1,23272,15,19781.2,Pune,Maharashtra,ST006,Debit Card
S000003498,2026-06-04,C19018,P0004,Men T-Shirt,Fashion,1,1597,20,1277.6,Kolkata,West Bengal,ST007,Net Banking
S000003499,2026-06-04,C15728,P0008,Dining Table,Home,4,961,5,3651.8,Ahmedabad,Gujarat,ST008,Credit Card
S000003500,2026-06-04,C35698,P0010,Cricket Bat,Sports,4,376,10,1353.6,Kolkata,West Bengal,ST007,Cash
S000003501,2026-06-04,C16343,P0005,Women's Jeans,Fashion,1,3594,10,3234.6,Bengaluru,Karnataka,ST003,Net Banking
S000003502,2026-06-04,C16806,P0002,Samsung TV,Electronics,1,23741,20,18992.8,Kolkata,West Bengal,ST007,UPI
S000003503,2026-06-04,C45651,P0008,Dining Table,Home,3,9272,10,25034.4,Pune,Maharashtra,ST006,Credit Card
S000003504,2026-06-04,C26844,P0005,Women's Jeans,Fashion,1,806,5,765.7,Delhi,Delhi,ST001,Debit Card
S000003505,2026-06-04,C43862,P0009,Office Chair,Home,2,8534,5,16214.6,Jaipur,Rajasthan,ST009,UPI
S000003506,2026-06-04,C00543,P0005,Women's Jeans,Fashion,4,2208,15,7507.2,Bengaluru,Karnataka,ST003,Cash
S000003507,2026-06-04,C08803,P0009,Office Chair,Home,3,4933,15,12579.15,Mumbai,Maharashtra,ST002,Debit Card
S000003508,2026-06-04,C07607,P0009,Office Chair,Home,5,5693,5,27041.75,Lucknow,Uttar Pradesh,ST010,Credit Card
S000003509,2026-06-04,C01417,P0010,Cricket Bat,Sports,1,7154,15,6080.9,Kolkata,West Bengal,ST007,Net Banking
S000003510,2026-06-04,C26355,P0005,Women's Jeans,Fashion,5,1922,5,9129.5,Lucknow,Uttar Pradesh,ST010,UPI
S000003511,2026-06-04,C33139,P0009,Office Chair,Home,5,7943,10,35743.5,Chennai,Tamil Nadu,ST005,Net Banking
S000003512,2026-06-04,C20966,P0006,Rice Bag,Grocery,3,295,15,752.25,Mumbai,Maharashtra,ST002,Credit Card
S000003513,2026-06-04,C08899,P0008,Dining Table,Home,3,3720,0,11160.0,Mumbai,Maharashtra,ST002,Cash
S000003514,2026-06-04,C42062,P0007,Milk,Grocery,1,423,0,423.0,Jaipur,Rajasthan,ST009,Net Banking
S000003515,2026-06-04,C49648,P0007,Milk,Grocery,2,176,5,334.4,Chennai,Tamil Nadu,ST005,UPI
S000003516,2026-06-04,C38709,P0009,Office Chair,Home,5,8584,5,40774.0,Jaipur,Rajasthan,ST009,UPI
S000003517,2026-06-04,C35939,P0008,Dining Table,Home,5,4144,5,19684.0,Ahmedabad,Gujarat,ST008,Debit Card
S000003518,2026-06-04,C14055,P0007,Milk,Grocery,4,27,10,97.2,Chennai,Tamil Nadu,ST005,Cash
S000003519,2026-06-04,C06180,P0004,Men T-Shirt,Fashion,1,1423,10,1280.7,Delhi,Delhi,ST001,Net Banking
S000003520,2026-06-04,C12649,P0009,Office Chair,Home,2,9428,5,17913.2,Kolkata,West Bengal,ST007,UPI
S000003521,2026-06-04,C25946,P0003,Laptop,Electronics,2,15179,10,27322.2,Pune,Maharashtra,ST006,Debit Card
S000003522,2026-06-04,C04445,P0003,Laptop,Electronics,5,14567,10,65551.5,Hyderabad,Telangana,ST004,UPI
S000003523,2026-06-04,C29505,P0008,Dining Table,Home,3,5079,0,15237.0,Bengaluru,Karnataka,ST003,UPI
S000003524,2026-06-04,C01290,P0001,iPhone 16,Electronics,3,23068,20,55363.2,Ahmedabad,Gujarat,ST008,Net Banking
S000003525,2026-06-04,C14097,P0003,Laptop,Electronics,2,82199,0,164398.0,Chennai,Tamil Nadu,ST005,Debit Card
S000003526,2026-06-04,C03900,P0010,Cricket Bat,Sports,3,1918,5,5466.3,Ahmedabad,Gujarat,ST008,Net Banking
S000003527,2026-06-04,C09451,P0005,Women's Jeans,Fashion,1,4388,5,4168.6,Jaipur,Rajasthan,ST009,Cash
S000003528,2026-06-04,C48786,P0007,Milk,Grocery,4,124,5,471.2,Chennai,Tamil Nadu,ST005,Net Banking
S000003529,2026-06-04,C11630,P0006,Rice Bag,Grocery,3,426,5,1214.1,Mumbai,Maharashtra,ST002,Cash
S000003530,2026-06-04,C12159,P0005,Women's Jeans,Fashion,2,1912,15,3250.4,Delhi,Delhi,ST001,Debit Card
S000003531,2026-06-04,C06533,P0002,Samsung TV,Electronics,1,14645,5,13912.75,Jaipur,Rajasthan,ST009,Net Banking
S000003532,2026-06-04,C20020,P0007,Milk,Grocery,1,372,15,316.2,Jaipur,Rajasthan,ST009,Cash
S000003533,2026-06-04,C14098,P0001,iPhone 16,Electronics,2,81585,15,138694.5,Ahmedabad,Gujarat,ST008,UPI
S000003534,2026-06-04,C29403,P0003,Laptop,Electronics,1,14167,20,11333.6,Delhi,Delhi,ST001,Credit Card
S000003535,2026-06-04,C21970,P0004,Men T-Shirt,Fashion,2,1074,20,1718.4,Kolkata,West Bengal,ST007,Cash
S000003536,2026-06-04,C23619,P0004,Men T-Shirt,Fashion,5,755,0,3775.0,Kolkata,West Bengal,ST007,Net Banking
S000003537,2026-06-04,C22215,P0008,Dining Table,Home,3,991,0,2973.0,Ahmedabad,Gujarat,ST008,Net Banking
S000003538,2026-06-04,C06278,P0008,Dining Table,Home,3,9725,0,29175.0,Hyderabad,Telangana,ST004,Credit Card
S000003539,2026-06-04,C01704,P0008,Dining Table,Home,4,1965,5,7467.0,Hyderabad,Telangana,ST004,Net Banking
S000003540,2026-06-04,C49325,P0001,iPhone 16,Electronics,2,22258,0,44516.0,Ahmedabad,Gujarat,ST008,Credit Card
S000003541,2026-06-04,C13383,P0009,Office Chair,Home,1,8844,15,7517.4,Kolkata,West Bengal,ST007,Net Banking
S000003542,2026-06-04,C04953,P0007,Milk,Grocery,2,81,0,162.0,Ahmedabad,Gujarat,ST008,Credit Card
S000003543,2026-06-04,C16639,P0006,Rice Bag,Grocery,1,273,0,273.0,Chennai,Tamil Nadu,ST005,Cash
S000003544,2026-06-04,C37322,P0003,Laptop,Electronics,4,10824,15,36801.6,Jaipur,Rajasthan,ST009,UPI
S000003545,2026-06-04,C16832,P0005,Women's Jeans,Fashion,1,1685,5,1600.75,Hyderabad,Telangana,ST004,Cash
S000003546,2026-06-04,C49780,P0005,Women's Jeans,Fashion,2,3453,5,6560.7,Chennai,Tamil Nadu,ST005,Credit Card
S000003547,2026-06-04,C06085,P0007,Milk,Grocery,3,112,5,319.2,Delhi,Delhi,ST001,Credit Card
S000003548,2026-06-04,C38517,P0005,Women's Jeans,Fashion,1,2724,10,2451.6,Mumbai,Maharashtra,ST002,Credit Card
S000003549,2026-06-04,C48622,P0008,Dining Table,Home,4,870,5,3306.0,Ahmedabad,Gujarat,ST008,Credit Card
S000003550,2026-06-04,C44198,P0003,Laptop,Electronics,3,22369,5,63751.65,Kolkata,West Bengal,ST007,Debit Card
S000003551,2026-06-04,C08556,P0008,Dining Table,Home,4,5416,20,17331.2,Kolkata,West Bengal,ST007,UPI
S000003552,2026-06-04,C01580,P0003,Laptop,Electronics,3,86591,20,207818.4,Chennai,Tamil Nadu,ST005,Debit Card
S000003553,2026-06-04,C22988,P0002,Samsung TV,Electronics,2,23863,0,47726.0,Kolkata,West Bengal,ST007,UPI
S000003554,2026-06-04,C37682,P0002,Samsung TV,Electronics,5,21916,5,104101.0,Pune,Maharashtra,ST006,Net Banking
S000003555,2026-06-04,C28172,P0009,Office Chair,Home,5,9279,15,39435.75,Kolkata,West Bengal,ST007,Debit Card
S000003556,2026-06-04,C16732,P0008,Dining Table,Home,5,7402,5,35159.5,Jaipur,Rajasthan,ST009,Cash
S000003557,2026-06-04,C14018,P0008,Dining Table,Home,1,8695,20,6956.0,Kolkata,West Bengal,ST007,UPI
S000003558,2026-06-04,C17645,P0005,Women's Jeans,Fashion,1,4687,5,4452.65,Ahmedabad,Gujarat,ST008,Debit Card
S000003559,2026-06-04,C28726,P0009,Office Chair,Home,1,9869,0,9869.0,Mumbai,Maharashtra,ST002,Net Banking
S000003560,2026-06-04,C32159,P0005,Women's Jeans,Fashion,2,1202,15,2043.4,Lucknow,Uttar Pradesh,ST010,Net Banking
S000003561,2026-06-04,C19712,P0001,iPhone 16,Electronics,5,79348,5,376903.0,Delhi,Delhi,ST001,Cash
S000003562,2026-06-04,C25759,P0010,Cricket Bat,Sports,3,4075,10,11002.5,Bengaluru,Karnataka,ST003,Credit Card
S000003563,2026-06-04,C35412,P0005,Women's Jeans,Fashion,3,4178,0,12534.0,Jaipur,Rajasthan,ST009,Cash
S000003564,2026-06-04,C33042,P0003,Laptop,Electronics,5,79177,15,336502.25,Mumbai,Maharashtra,ST002,Credit Card
S000003565,2026-06-04,C20878,P0005,Women's Jeans,Fashion,2,579,5,1100.1,Kolkata,West Bengal,ST007,Credit Card
S000003566,2026-06-04,C04321,P0003,Laptop,Electronics,2,11906,10,21430.8,Hyderabad,Telangana,ST004,Cash
S000003567,2026-06-04,C21552,P0001,iPhone 16,Electronics,1,17990,0,17990.0,Hyderabad,Telangana,ST004,Credit Card
S000003568,2026-06-04,C01192,P0009,Office Chair,Home,2,5279,15,8974.3,Jaipur,Rajasthan,ST009,Cash
S000003569,2026-06-04,C29717,P0004,Men T-Shirt,Fashion,5,539,0,2695.0,Lucknow,Uttar Pradesh,ST010,UPI
S000003570,2026-06-04,C33827,P0009,Office Chair,Home,1,2487,10,2238.3,Lucknow,Uttar Pradesh,ST010,Net Banking
S000003571,2026-06-04,C07807,P0007,Milk,Grocery,5,458,0,2290.0,Delhi,Delhi,ST001,UPI
S000003572,2026-06-04,C25198,P0010,Cricket Bat,Sports,2,11531,15,19602.7,Bengaluru,Karnataka,ST003,Credit Card
S000003573,2026-06-04,C13209,P0008,Dining Table,Home,5,8033,20,32132.0,Lucknow,Uttar Pradesh,ST010,Net Banking
S000003574,2026-06-04,C02932,P0007,Milk,Grocery,3,173,20,415.2,Delhi,Delhi,ST001,Net Banking
S000003575,2026-06-04,C05388,P0009,Office Chair,Home,3,6865,5,19565.25,Kolkata,West Bengal,ST007,Cash
S000003576,2026-06-04,C02663,P0001,iPhone 16,Electronics,5,77508,10,348786.0,Delhi,Delhi,ST001,Net Banking
S000003577,2026-06-04,C44847,P0004,Men T-Shirt,Fashion,1,1292,5,1227.4,Hyderabad,Telangana,ST004,Cash
S000003578,2026-06-04,C29208,P0002,Samsung TV,Electronics,1,51725,0,51725.0,Mumbai,Maharashtra,ST002,Net Banking
S000003579,2026-06-04,C43395,P0010,Cricket Bat,Sports,3,5702,20,13684.8,Jaipur,Rajasthan,ST009,Debit Card
S000003580,2026-06-04,C09275,P0010,Cricket Bat,Sports,1,3398,10,3058.2,Chennai,Tamil Nadu,ST005,Credit Card
S000003581,2026-06-04,C43564,P0001,iPhone 16,Electronics,2,52459,5,99672.1,Mumbai,Maharashtra,ST002,Debit Card
S000003582,2026-06-04,C18202,P0007,Milk,Grocery,4,184,15,625.6,Kolkata,West Bengal,ST007,UPI
S000003583,2026-06-04,C37668,P0010,Cricket Bat,Sports,3,9835,10,26554.5,Lucknow,Uttar Pradesh,ST010,Debit Card
S000003584,2026-06-04,C26505,P0007,Milk,Grocery,1,68,0,68.0,Ahmedabad,Gujarat,ST008,Credit Card
S000003585,2026-06-04,C36080,P0003,Laptop,Electronics,2,80657,0,161314.0,Chennai,Tamil Nadu,ST005,UPI
S000003586,2026-06-04,C45136,P0009,Office Chair,Home,2,8910,15,15147.0,Bengaluru,Karnataka,ST003,Credit Card
S000003587,2026-06-04,C39090,P0005,Women's Jeans,Fashion,4,1652,0,6608.0,Delhi,Delhi,ST001,Credit Card
S000003588,2026-06-04,C34792,P0006,Rice Bag,Grocery,4,154,10,554.4,Jaipur,Rajasthan,ST009,UPI
S000003589,2026-06-04,C08910,P0008,Dining Table,Home,2,7243,10,13037.4,Hyderabad,Telangana,ST004,Debit Card
S000003590,2026-06-04,C10471,P0004,Men T-Shirt,Fashion,1,568,10,511.2,Pune,Maharashtra,ST006,Cash
S000003591,2026-06-04,C05715,P0003,Laptop,Electronics,5,28283,20,113132.0,Lucknow,Uttar Pradesh,ST010,UPI
S000003592,2026-06-04,C45956,P0006,Rice Bag,Grocery,1,371,15,315.35,Mumbai,Maharashtra,ST002,Net Banking
S000003593,2026-06-04,C04552,P0003,Laptop,Electronics,5,12346,10,55557.0,Pune,Maharashtra,ST006,Debit Card
S000003594,2026-06-04,C43619,P0007,Milk,Grocery,1,257,20,205.6,Mumbai,Maharashtra,ST002,UPI
S000003595,2026-06-04,C11331,P0004,Men T-Shirt,Fashion,4,3845,0,15380.0,Delhi,Delhi,ST001,Debit Card
S000003596,2026-06-04,C03525,P0002,Samsung TV,Electronics,2,78468,5,149089.2,Bengaluru,Karnataka,ST003,Net Banking
S000003597,2026-06-04,C30034,P0002,Samsung TV,Electronics,2,36280,5,68932.0,Delhi,Delhi,ST001,UPI
S000003598,2026-06-04,C37212,P0007,Milk,Grocery,1,84,0,84.0,Mumbai,Maharashtra,ST002,Debit Card
S000003599,2026-06-04,C42918,P0005,Women's Jeans,Fashion,1,4577,15,3890.45,Jaipur,Rajasthan,ST009,Debit Card
S000003600,2026-06-04,C28523,P0006,Rice Bag,Grocery,3,215,0,645.0,Hyderabad,Telangana,ST004,Debit Card
S000003601,2026-06-04,C20019,P0003,Laptop,Electronics,4,38673,10,139222.8,Bengaluru,Karnataka,ST003,Cash
S000003602,2026-06-04,C25089,P0001,iPhone 16,Electronics,1,53633,5,50951.35,Mumbai,Maharashtra,ST002,Net Banking
S000003603,2026-06-04,C00449,P0006,Rice Bag,Grocery,3,271,5,772.35,Ahmedabad,Gujarat,ST008,Credit Card
S000003604,2026-06-04,C17005,P0004,Men T-Shirt,Fashion,4,1180,15,4012.0,Pune,Maharashtra,ST006,Net Banking
S000003605,2026-06-04,C26859,P0009,Office Chair,Home,3,2163,5,6164.55,Bengaluru,Karnataka,ST003,Credit Card
S000003606,2026-06-04,C30072,P0003,Laptop,Electronics,1,76766,15,65251.1,Kolkata,West Bengal,ST007,Cash
S000003607,2026-06-04,C27415,P0007,Milk,Grocery,2,458,5,870.2,Pune,Maharashtra,ST006,Cash
S000003608,2026-06-04,C18092,P0002,Samsung TV,Electronics,4,81536,15,277222.4,Lucknow,Uttar Pradesh,ST010,Cash
S000003609,2026-06-04,C33466,P0005,Women's Jeans,Fashion,4,4326,0,17304.0,Lucknow,Uttar Pradesh,ST010,Debit Card
S000003610,2026-06-04,C43411,P0003,Laptop,Electronics,2,57396,0,114792.0,Lucknow,Uttar Pradesh,ST010,UPI
S000003611,2026-06-04,C02393,P0007,Milk,Grocery,3,276,20,662.4,Mumbai,Maharashtra,ST002,Net Banking
S000003612,2026-06-04,C31679,P0005,Women's Jeans,Fashion,2,3065,10,5517.0,Bengaluru,Karnataka,ST003,Credit Card
S000003613,2026-06-04,C13729,P0005,Women's Jeans,Fashion,4,3599,20,11516.8,Delhi,Delhi,ST001,Debit Card
S000003614,2026-06-04,C09986,P0002,Samsung TV,Electronics,3,66731,10,180173.7,Bengaluru,Karnataka,ST003,UPI
S000003615,2026-06-04,C39624,P0006,Rice Bag,Grocery,3,314,5,894.9,Bengaluru,Karnataka,ST003,Debit Card
S000003616,2026-06-04,C01127,P0007,Milk,Grocery,1,412,0,412.0,Chennai,Tamil Nadu,ST005,Debit Card
S000003617,2026-06-04,C06625,P0010,Cricket Bat,Sports,5,9318,0,46590.0,Ahmedabad,Gujarat,ST008,Credit Card
S000003618,2026-06-04,C34813,P0003,Laptop,Electronics,1,66234,5,62922.3,Ahmedabad,Gujarat,ST008,Credit Card
S000003619,2026-06-04,C20102,P0004,Men T-Shirt,Fashion,3,4599,20,11037.6,Pune,Maharashtra,ST006,Net Banking
S000003620,2026-06-04,C11716,P0002,Samsung TV,Electronics,3,86898,15,221589.9,Jaipur,Rajasthan,ST009,Net Banking
S000003621,2026-06-04,C35183,P0001,iPhone 16,Electronics,3,12396,10,33469.2,Kolkata,West Bengal,ST007,Cash
S000003622,2026-06-04,C06445,P0002,Samsung TV,Electronics,1,31102,10,27991.8,Delhi,Delhi,ST001,Credit Card
S000003623,2026-06-04,C20382,P0004,Men T-Shirt,Fashion,2,2524,0,5048.0,Chennai,Tamil Nadu,ST005,UPI
S000003624,2026-06-04,C07764,P0007,Milk,Grocery,5,400,20,1600.0,Delhi,Delhi,ST001,Debit Card
S000003625,2026-06-04,C27780,P0001,iPhone 16,Electronics,2,23170,20,37072.0,Hyderabad,Telangana,ST004,Cash
S000003626,2026-06-04,C25235,P0001,iPhone 16,Electronics,2,18189,5,34559.1,Delhi,Delhi,ST001,Credit Card
S000003627,2026-06-04,C06884,P0010,Cricket Bat,Sports,5,10505,20,42020.0,Ahmedabad,Gujarat,ST008,Net Banking
S000003628,2026-06-04,C03244,P0002,Samsung TV,Electronics,1,11730,5,11143.5,Mumbai,Maharashtra,ST002,Debit Card
S000003629,2026-06-04,C19518,P0008,Dining Table,Home,1,8632,0,8632.0,Mumbai,Maharashtra,ST002,Credit Card
S000003630,2026-06-04,C38647,P0008,Dining Table,Home,1,2219,15,1886.15,Jaipur,Rajasthan,ST009,Cash
S000003631,2026-06-04,C10197,P0006,Rice Bag,Grocery,5,152,0,760.0,Lucknow,Uttar Pradesh,ST010,UPI
S000003632,2026-06-04,C38132,P0005,Women's Jeans,Fashion,3,3487,0,10461.0,Ahmedabad,Gujarat,ST008,Net Banking
S000003633,2026-06-04,C41202,P0002,Samsung TV,Electronics,4,54659,5,207704.2,Mumbai,Maharashtra,ST002,Credit Card
S000003634,2026-06-04,C22132,P0009,Office Chair,Home,1,8242,5,7829.9,Bengaluru,Karnataka,ST003,UPI
S000003635,2026-06-04,C36577,P0009,Office Chair,Home,1,8227,5,7815.65,Ahmedabad,Gujarat,ST008,Net Banking
S000003636,2026-06-04,C30670,P0010,Cricket Bat,Sports,4,2134,15,7255.6,Delhi,Delhi,ST001,Credit Card
S000003637,2026-06-04,C06933,P0007,Milk,Grocery,5,76,20,304.0,Delhi,Delhi,ST001,Net Banking
S000003638,2026-06-04,C30801,P0003,Laptop,Electronics,5,87080,15,370090.0,Bengaluru,Karnataka,ST003,Credit Card
S000003639,2026-06-04,C16471,P0008,Dining Table,Home,5,3743,15,15907.75,Ahmedabad,Gujarat,ST008,UPI
S000003640,2026-06-04,C22207,P0004,Men T-Shirt,Fashion,4,1368,0,5472.0,Delhi,Delhi,ST001,Cash
S000003641,2026-06-04,C11932,P0005,Women's Jeans,Fashion,5,3501,10,15754.5,Jaipur,Rajasthan,ST009,UPI
S000003642,2026-06-04,C30509,P0009,Office Chair,Home,2,4708,10,8474.4,Delhi,Delhi,ST001,UPI
S000003643,2026-06-04,C12725,P0003,Laptop,Electronics,2,31268,0,62536.0,Hyderabad,Telangana,ST004,Cash
S000003644,2026-06-04,C25606,P0010,Cricket Bat,Sports,5,11259,15,47850.75,Delhi,Delhi,ST001,Cash
S000003645,2026-06-04,C36143,P0006,Rice Bag,Grocery,4,361,15,1227.4,Ahmedabad,Gujarat,ST008,Debit Card
S000003646,2026-06-04,C01306,P0007,Milk,Grocery,1,243,20,194.4,Ahmedabad,Gujarat,ST008,Debit Card
S000003647,2026-06-04,C45226,P0002,Samsung TV,Electronics,3,28617,0,85851.0,Hyderabad,Telangana,ST004,Net Banking
S000003648,2026-06-04,C21094,P0001,iPhone 16,Electronics,3,29030,15,74026.5,Mumbai,Maharashtra,ST002,Cash
S000003649,2026-06-04,C04765,P0001,iPhone 16,Electronics,2,35903,10,64625.4,Ahmedabad,Gujarat,ST008,UPI
S000003650,2026-06-04,C03043,P0009,Office Chair,Home,3,3971,0,11913.0,Chennai,Tamil Nadu,ST005,Credit Card
S000003651,2026-06-04,C40633,P0009,Office Chair,Home,2,5227,20,8363.2,Hyderabad,Telangana,ST004,Net Banking
S000003652,2026-06-04,C19192,P0009,Office Chair,Home,1,667,10,600.3,Mumbai,Maharashtra,ST002,Credit Card
S000003653,2026-06-04,C07022,P0007,Milk,Grocery,1,181,5,171.95,Lucknow,Uttar Pradesh,ST010,UPI
S000003654,2026-06-04,C03071,P0003,Laptop,Electronics,1,59421,15,50507.85,Mumbai,Maharashtra,ST002,Debit Card
S000003655,2026-06-04,C47166,P0006,Rice Bag,Grocery,3,226,5,644.1,Jaipur,Rajasthan,ST009,Cash
S000003656,2026-06-04,C15145,P0010,Cricket Bat,Sports,3,9310,0,27930.0,Pune,Maharashtra,ST006,Credit Card
S000003657,2026-06-04,C06126,P0001,iPhone 16,Electronics,1,46193,15,39264.05,Pune,Maharashtra,ST006,UPI
S000003658,2026-06-04,C27566,P0005,Women's Jeans,Fashion,5,3977,0,19885.0,Bengaluru,Karnataka,ST003,Cash
S000003659,2026-06-04,C20976,P0008,Dining Table,Home,3,5758,0,17274.0,Hyderabad,Telangana,ST004,Net Banking
S000003660,2026-06-04,C08967,P0009,Office Chair,Home,4,5898,0,23592.0,Mumbai,Maharashtra,ST002,Cash
S000003661,2026-06-04,C08781,P0004,Men T-Shirt,Fashion,5,4577,20,18308.0,Lucknow,Uttar Pradesh,ST010,Debit Card
S000003662,2026-06-04,C06453,P0006,Rice Bag,Grocery,2,212,0,424.0,Pune,Maharashtra,ST006,Debit Card
S000003663,2026-06-04,C49967,P0010,Cricket Bat,Sports,2,12331,15,20962.7,Ahmedabad,Gujarat,ST008,Credit Card
S000003664,2026-06-04,C01237,P0003,Laptop,Electronics,4,58471,10,210495.6,Chennai,Tamil Nadu,ST005,Debit Card
S000003665,2026-06-04,C27712,P0008,Dining Table,Home,1,6367,0,6367.0,Ahmedabad,Gujarat,ST008,Credit Card
S000003666,2026-06-04,C28937,P0002,Samsung TV,Electronics,2,18014,20,28822.4,Delhi,Delhi,ST001,Cash
S000003667,2026-06-04,C30399,P0002,Samsung TV,Electronics,3,73004,20,175209.6,Pune,Maharashtra,ST006,Cash
S000003668,2026-06-04,C42023,P0004,Men T-Shirt,Fashion,2,1300,15,2210.0,Ahmedabad,Gujarat,ST008,UPI
S000003669,2026-06-04,C20844,P0005,Women's Jeans,Fashion,1,2021,15,1717.85,Hyderabad,Telangana,ST004,Net Banking
S000003670,2026-06-04,C19432,P0002,Samsung TV,Electronics,3,70164,5,199967.4,Chennai,Tamil Nadu,ST005,Net Banking
S000003671,2026-06-04,C25122,P0001,iPhone 16,Electronics,2,53559,10,96406.2,Bengaluru,Karnataka,ST003,Net Banking
S000003672,2026-06-04,C49267,P0007,Milk,Grocery,2,477,15,810.9,Jaipur,Rajasthan,ST009,Cash
S000003673,2026-06-04,C12186,P0009,Office Chair,Home,1,7851,15,6673.35,Jaipur,Rajasthan,ST009,Debit Card
S000003674,2026-06-04,C28090,P0005,Women's Jeans,Fashion,4,3590,5,13642.0,Bengaluru,Karnataka,ST003,UPI
S000003675,2026-06-04,C09426,P0008,Dining Table,Home,3,3911,20,9386.4,Mumbai,Maharashtra,ST002,Credit Card
S000003676,2026-06-04,C26273,P0008,Dining Table,Home,3,2554,5,7278.9,Kolkata,West Bengal,ST007,Credit Card
S000003677,2026-06-04,C34670,P0007,Milk,Grocery,5,46,15,195.5,Jaipur,Rajasthan,ST009,Cash
S000003678,2026-06-04,C44029,P0001,iPhone 16,Electronics,5,61561,20,246244.0,Chennai,Tamil Nadu,ST005,Net Banking
S000003679,2026-06-04,C44527,P0004,Men T-Shirt,Fashion,3,3535,5,10074.75,Bengaluru,Karnataka,ST003,UPI
S000003680,2026-06-04,C17021,P0001,iPhone 16,Electronics,5,89165,5,423533.75,Pune,Maharashtra,ST006,UPI
S000003681,2026-06-04,C31082,P0004,Men T-Shirt,Fashion,1,3181,20,2544.8,Lucknow,Uttar Pradesh,ST010,Cash
S000003682,2026-06-04,C29451,P0007,Milk,Grocery,3,118,10,318.6,Chennai,Tamil Nadu,ST005,UPI
S000003683,2026-06-04,C26968,P0008,Dining Table,Home,5,8091,15,34386.75,Delhi,Delhi,ST001,Cash
S000003684,2026-06-04,C46576,P0006,Rice Bag,Grocery,2,243,0,486.0,Pune,Maharashtra,ST006,Debit Card
S000003685,2026-06-04,C38450,P0001,iPhone 16,Electronics,3,29288,5,83470.8,Hyderabad,Telangana,ST004,Net Banking
S000003686,2026-06-04,C31252,P0004,Men T-Shirt,Fashion,4,2189,5,8318.2,Kolkata,West Bengal,ST007,Credit Card
S000003687,2026-06-04,C03909,P0003,Laptop,Electronics,4,23538,0,94152.0,Bengaluru,Karnataka,ST003,Credit Card
S000003688,2026-06-04,C49911,P0002,Samsung TV,Electronics,4,65827,20,210646.4,Ahmedabad,Gujarat,ST008,Debit Card
S000003689,2026-06-04,C07910,P0008,Dining Table,Home,2,1437,10,2586.6,Mumbai,Maharashtra,ST002,Cash
S000003690,2026-06-04,C10330,P0010,Cricket Bat,Sports,1,5034,10,4530.6,Jaipur,Rajasthan,ST009,Debit Card
S000003691,2026-06-04,C36208,P0007,Milk,Grocery,2,36,10,64.8,Lucknow,Uttar Pradesh,ST010,Net Banking
S000003692,2026-06-04,C11517,P0002,Samsung TV,Electronics,1,37175,20,29740.0,Kolkata,West Bengal,ST007,Net Banking
S000003693,2026-06-04,C11743,P0003,Laptop,Electronics,4,84532,20,270502.4,Delhi,Delhi,ST001,Credit Card
S000003694,2026-06-04,C00912,P0002,Samsung TV,Electronics,4,45210,15,153714.0,Chennai,Tamil Nadu,ST005,Credit Card
S000003695,2026-06-04,C05075,P0001,iPhone 16,Electronics,1,19365,15,16460.25,Kolkata,West Bengal,ST007,Net Banking
S000003696,2026-06-04,C30445,P0001,iPhone 16,Electronics,4,35430,15,120462.0,Hyderabad,Telangana,ST004,UPI
S000003697,2026-06-04,C02579,P0006,Rice Bag,Grocery,3,318,5,906.3,Delhi,Delhi,ST001,UPI
S000003698,2026-06-04,C13676,P0003,Laptop,Electronics,2,43266,10,77878.8,Kolkata,West Bengal,ST007,Cash
S000003699,2026-06-04,C24690,P0010,Cricket Bat,Sports,4,2919,20,9340.8,Hyderabad,Telangana,ST004,UPI
S000003700,2026-06-04,C18261,P0008,Dining Table,Home,5,587,20,2348.0,Kolkata,West Bengal,ST007,Credit Card
S000003701,2026-06-04,C14569,P0010,Cricket Bat,Sports,3,4561,0,13683.0,Delhi,Delhi,ST001,Cash
S000003702,2026-06-04,C10242,P0006,Rice Bag,Grocery,5,186,0,930.0,Lucknow,Uttar Pradesh,ST010,Net Banking
S000003703,2026-06-04,C45802,P0010,Cricket Bat,Sports,2,2384,15,4052.8,Hyderabad,Telangana,ST004,Net Banking
S000003704,2026-06-04,C45923,P0003,Laptop,Electronics,5,21404,5,101669.0,Ahmedabad,Gujarat,ST008,Credit Card
S000003705,2026-06-04,C37526,P0002,Samsung TV,Electronics,3,16259,10,43899.3,Kolkata,West Bengal,ST007,Credit Card
S000003706,2026-06-04,C36911,P0007,Milk,Grocery,4,387,15,1315.8,Delhi,Delhi,ST001,Credit Card
S000003707,2026-06-04,C29660,P0007,Milk,Grocery,4,461,5,1751.8,Pune,Maharashtra,ST006,Credit Card
S000003708,2026-06-04,C36240,P0005,Women's Jeans,Fashion,5,4507,10,20281.5,Pune,Maharashtra,ST006,Credit Card
S000003709,2026-06-04,C40858,P0010,Cricket Bat,Sports,4,12142,0,48568.0,Pune,Maharashtra,ST006,UPI
S000003710,2026-06-04,C33140,P0009,Office Chair,Home,1,7359,15,6255.15,Kolkata,West Bengal,ST007,Debit Card
S000003711,2026-06-04,C23815,P0007,Milk,Grocery,1,299,0,299.0,Delhi,Delhi,ST001,Credit Card
S000003712,2026-06-04,C43589,P0002,Samsung TV,Electronics,5,16089,5,76422.75,Lucknow,Uttar Pradesh,ST010,Credit Card
S000003713,2026-06-04,C12201,P0002,Samsung TV,Electronics,2,14269,10,25684.2,Pune,Maharashtra,ST006,Debit Card
S000003714,2026-06-04,C16977,P0009,Office Chair,Home,5,4189,5,19897.75,Lucknow,Uttar Pradesh,ST010,UPI
S000003715,2026-06-04,C10282,P0006,Rice Bag,Grocery,2,108,0,216.0,Hyderabad,Telangana,ST004,Credit Card
S000003716,2026-06-04,C10996,P0004,Men T-Shirt,Fashion,1,1761,10,1584.9,Pune,Maharashtra,ST006,UPI
S000003717,2026-06-04,C42728,P0006,Rice Bag,Grocery,1,336,5,319.2,Pune,Maharashtra,ST006,UPI
S000003718,2026-06-04,C22128,P0005,Women's Jeans,Fashion,2,3816,20,6105.6,Pune,Maharashtra,ST006,UPI
S000003719,2026-06-04,C33050,P0009,Office Chair,Home,2,3672,5,6976.8,Jaipur,Rajasthan,ST009,Debit Card
S000003720,2026-06-04,C12632,P0003,Laptop,Electronics,4,31392,20,100454.4,Chennai,Tamil Nadu,ST005,Credit Card
S000003721,2026-06-04,C27968,P0003,Laptop,Electronics,1,55458,20,44366.4,Delhi,Delhi,ST001,Net Banking
S000003722,2026-06-04,C48931,P0009,Office Chair,Home,2,4914,10,8845.2,Hyderabad,Telangana,ST004,UPI
S000003723,2026-06-04,C05929,P0003,Laptop,Electronics,4,53691,20,171811.2,Lucknow,Uttar Pradesh,ST010,UPI
S000003724,2026-06-04,C25744,P0006,Rice Bag,Grocery,5,88,0,440.0,Lucknow,Uttar Pradesh,ST010,Net Banking
S000003725,2026-06-04,C07727,P0003,Laptop,Electronics,4,35963,0,143852.0,Hyderabad,Telangana,ST004,Cash
S000003726,2026-06-04,C31531,P0008,Dining Table,Home,3,5052,5,14398.2,Chennai,Tamil Nadu,ST005,Net Banking
S000003727,2026-06-04,C04297,P0001,iPhone 16,Electronics,5,45153,0,225765.0,Kolkata,West Bengal,ST007,Credit Card
S000003728,2026-06-04,C37117,P0004,Men T-Shirt,Fashion,5,1301,20,5204.0,Ahmedabad,Gujarat,ST008,Debit Card
S000003729,2026-06-04,C08680,P0003,Laptop,Electronics,1,40025,0,40025.0,Kolkata,West Bengal,ST007,Cash
S000003730,2026-06-04,C31564,P0006,Rice Bag,Grocery,2,236,10,424.8,Hyderabad,Telangana,ST004,Cash
S000003731,2026-06-04,C31029,P0006,Rice Bag,Grocery,4,148,15,503.2,Bengaluru,Karnataka,ST003,Net Banking
S000003732,2026-06-04,C06743,P0003,Laptop,Electronics,4,25789,15,87682.6,Delhi,Delhi,ST001,Net Banking
S000003733,2026-06-04,C14980,P0001,iPhone 16,Electronics,5,30753,20,123012.0,Delhi,Delhi,ST001,Net Banking
S000003734,2026-06-04,C17602,P0006,Rice Bag,Grocery,1,117,5,111.15,Bengaluru,Karnataka,ST003,Debit Card
S000003735,2026-06-04,C46213,P0002,Samsung TV,Electronics,2,53498,10,96296.4,Mumbai,Maharashtra,ST002,Debit Card
S000003736,2026-06-04,C00651,P0006,Rice Bag,Grocery,2,388,5,737.2,Mumbai,Maharashtra,ST002,Debit Card
S000003737,2026-06-04,C06578,P0010,Cricket Bat,Sports,2,11214,0,22428.0,Mumbai,Maharashtra,ST002,Debit Card
S000003738,2026-06-04,C33910,P0008,Dining Table,Home,4,2788,10,10036.8,Ahmedabad,Gujarat,ST008,Net Banking
S000003739,2026-06-04,C30549,P0010,Cricket Bat,Sports,3,14389,5,41008.65,Bengaluru,Karnataka,ST003,Debit Card
S000003740,2026-06-04,C10049,P0002,Samsung TV,Electronics,2,43341,10,78013.8,Jaipur,Rajasthan,ST009,Net Banking
S000003741,2026-06-04,C45903,P0009,Office Chair,Home,2,621,10,1117.8,Mumbai,Maharashtra,ST002,Net Banking
S000003742,2026-06-04,C35569,P0008,Dining Table,Home,4,8572,15,29144.8,Ahmedabad,Gujarat,ST008,UPI
S000003743,2026-06-04,C37656,P0004,Men T-Shirt,Fashion,2,4022,10,7239.6,Hyderabad,Telangana,ST004,Credit Card
S000003744,2026-06-04,C06244,P0006,Rice Bag,Grocery,2,194,15,329.8,Lucknow,Uttar Pradesh,ST010,UPI
S000003745,2026-06-04,C46951,P0009,Office Chair,Home,3,1439,20,3453.6,Chennai,Tamil Nadu,ST005,Cash
S000003746,2026-06-04,C21860,P0009,Office Chair,Home,5,3647,20,14588.0,Pune,Maharashtra,ST006,Net Banking
S000003747,2026-06-04,C11259,P0006,Rice Bag,Grocery,2,227,5,431.3,Kolkata,West Bengal,ST007,Cash
S000003748,2026-06-04,C01179,P0009,Office Chair,Home,4,2553,20,8169.6,Chennai,Tamil Nadu,ST005,Cash
S000003749,2026-06-04,C11029,P0006,Rice Bag,Grocery,3,397,10,1071.9,Chennai,Tamil Nadu,ST005,Credit Card
S000003750,2026-06-04,C05253,P0010,Cricket Bat,Sports,5,2905,5,13798.75,Kolkata,West Bengal,ST007,Credit Card
S000003751,2026-06-04,C12031,P0006,Rice Bag,Grocery,5,113,10,508.5,Delhi,Delhi,ST001,UPI
S000003752,2026-06-04,C47798,P0007,Milk,Grocery,4,108,20,345.6,Bengaluru,Karnataka,ST003,Debit Card
S000003753,2026-06-04,C26948,P0004,Men T-Shirt,Fashion,2,604,0,1208.0,Lucknow,Uttar Pradesh,ST010,Debit Card
S000003754,2026-06-04,C11111,P0003,Laptop,Electronics,1,47679,20,38143.2,Hyderabad,Telangana,ST004,Debit Card
S000003755,2026-06-04,C37579,P0003,Laptop,Electronics,1,89362,15,75957.7,Lucknow,Uttar Pradesh,ST010,UPI
S000003756,2026-06-04,C25849,P0003,Laptop,Electronics,2,63727,15,108335.9,Ahmedabad,Gujarat,ST008,UPI
S000003757,2026-06-04,C00017,P0005,Women's Jeans,Fashion,5,3459,15,14700.75,Pune,Maharashtra,ST006,UPI
S000003758,2026-06-04,C12728,P0003,Laptop,Electronics,3,15156,0,45468.0,Mumbai,Maharashtra,ST002,Cash
S000003759,2026-06-04,C47001,P0004,Men T-Shirt,Fashion,1,1191,20,952.8,Lucknow,Uttar Pradesh,ST010,UPI
S000003760,2026-06-04,C14393,P0004,Men T-Shirt,Fashion,5,1955,5,9286.25,Pune,Maharashtra,ST006,Credit Card
S000003761,2026-06-04,C10507,P0005,Women's Jeans,Fashion,1,2320,15,1972.0,Ahmedabad,Gujarat,ST008,UPI
S000003762,2026-06-04,C00380,P0001,iPhone 16,Electronics,5,28817,15,122472.25,Kolkata,West Bengal,ST007,UPI
S000003763,2026-06-04,C31841,P0001,iPhone 16,Electronics,3,62459,0,187377.0,Pune,Maharashtra,ST006,Cash
S000003764,2026-06-04,C44898,P0007,Milk,Grocery,4,465,5,1767.0,Delhi,Delhi,ST001,Cash
S000003765,2026-06-04,C25620,P0005,Women's Jeans,Fashion,3,584,0,1752.0,Hyderabad,Telangana,ST004,Net Banking
S000003766,2026-06-04,C37516,P0006,Rice Bag,Grocery,2,122,10,219.6,Hyderabad,Telangana,ST004,Cash
S000003767,2026-06-04,C27765,P0002,Samsung TV,Electronics,2,39220,0,78440.0,Ahmedabad,Gujarat,ST008,Cash
S000003768,2026-06-04,C13474,P0004,Men T-Shirt,Fashion,1,2621,10,2358.9,Kolkata,West Bengal,ST007,UPI
S000003769,2026-06-04,C46698,P0002,Samsung TV,Electronics,2,36220,0,72440.0,Kolkata,West Bengal,ST007,Debit Card
S000003770,2026-06-04,C25500,P0006,Rice Bag,Grocery,1,488,5,463.6,Chennai,Tamil Nadu,ST005,Debit Card
S000003771,2026-06-04,C30132,P0003,Laptop,Electronics,4,78597,10,282949.2,Ahmedabad,Gujarat,ST008,Cash
S000003772,2026-06-04,C31236,P0007,Milk,Grocery,2,424,10,763.2,Delhi,Delhi,ST001,Cash
S000003773,2026-06-04,C39611,P0005,Women's Jeans,Fashion,1,2772,15,2356.2,Bengaluru,Karnataka,ST003,Net Banking
S000003774,2026-06-04,C04553,P0008,Dining Table,Home,1,8882,20,7105.6,Pune,Maharashtra,ST006,Debit Card
S000003775,2026-06-04,C28927,P0001,iPhone 16,Electronics,5,84007,5,399033.25,Mumbai,Maharashtra,ST002,Cash
S000003776,2026-06-04,C11301,P0005,Women's Jeans,Fashion,2,2851,20,4561.6,Bengaluru,Karnataka,ST003,UPI
S000003777,2026-06-04,C14366,P0008,Dining Table,Home,3,1774,15,4523.7,Chennai,Tamil Nadu,ST005,Debit Card
S000003778,2026-06-04,C11025,P0004,Men T-Shirt,Fashion,4,3246,5,12334.8,Chennai,Tamil Nadu,ST005,Debit Card
S000003779,2026-06-04,C32833,P0007,Milk,Grocery,4,311,0,1244.0,Lucknow,Uttar Pradesh,ST010,Debit Card
S000003780,2026-06-04,C10847,P0006,Rice Bag,Grocery,3,401,5,1142.85,Chennai,Tamil Nadu,ST005,Net Banking
S000003781,2026-06-04,C24806,P0003,Laptop,Electronics,5,15434,10,69453.0,Kolkata,West Bengal,ST007,Net Banking
S000003782,2026-06-04,C45103,P0008,Dining Table,Home,5,7608,10,34236.0,Bengaluru,Karnataka,ST003,Credit Card
S000003783,2026-06-04,C04144,P0001,iPhone 16,Electronics,3,39771,20,95450.4,Delhi,Delhi,ST001,Net Banking
S000003784,2026-06-04,C22100,P0006,Rice Bag,Grocery,2,66,15,112.2,Ahmedabad,Gujarat,ST008,Debit Card
S000003785,2026-06-04,C47587,P0005,Women's Jeans,Fashion,5,631,0,3155.0,Hyderabad,Telangana,ST004,Debit Card
S000003786,2026-06-04,C38113,P0004,Men T-Shirt,Fashion,1,2645,15,2248.25,Ahmedabad,Gujarat,ST008,Net Banking
S000003787,2026-06-04,C03271,P0005,Women's Jeans,Fashion,1,2905,5,2759.75,Ahmedabad,Gujarat,ST008,Cash
S000003788,2026-06-04,C29859,P0009,Office Chair,Home,3,3977,15,10141.35,Jaipur,Rajasthan,ST009,Debit Card
S000003789,2026-06-04,C03358,P0007,Milk,Grocery,5,405,15,1721.25,Kolkata,West Bengal,ST007,UPI
S000003790,2026-06-04,C42719,P0006,Rice Bag,Grocery,4,454,15,1543.6,Kolkata,West Bengal,ST007,Debit Card
S000003791,2026-06-04,C08610,P0007,Milk,Grocery,5,493,0,2465.0,Hyderabad,Telangana,ST004,Cash
S000003792,2026-06-04,C24101,P0005,Women's Jeans,Fashion,3,4739,20,11373.6,Mumbai,Maharashtra,ST002,Net Banking
S000003793,2026-06-04,C37438,P0001,iPhone 16,Electronics,4,72308,5,274770.4,Delhi,Delhi,ST001,Credit Card
S000003794,2026-06-04,C37806,P0002,Samsung TV,Electronics,3,53846,0,161538.0,Delhi,Delhi,ST001,Net Banking
S000003795,2026-06-04,C45712,P0008,Dining Table,Home,1,5252,5,4989.4,Jaipur,Rajasthan,ST009,Cash
S000003796,2026-06-04,C23812,P0007,Milk,Grocery,3,480,0,1440.0,Kolkata,West Bengal,ST007,UPI
S000003797,2026-06-04,C14936,P0004,Men T-Shirt,Fashion,4,4671,5,17749.8,Ahmedabad,Gujarat,ST008,Debit Card
S000003798,2026-06-04,C13847,P0001,iPhone 16,Electronics,4,37654,0,150616.0,Kolkata,West Bengal,ST007,Cash
S000003799,2026-06-04,C26513,P0008,Dining Table,Home,2,3498,5,6646.2,Mumbai,Maharashtra,ST002,Net Banking
S000003800,2026-06-04,C27567,P0007,Milk,Grocery,3,417,0,1251.0,Ahmedabad,Gujarat,ST008,Net Banking
S000003801,2026-06-04,C40260,P0001,iPhone 16,Electronics,5,76462,15,324963.5,Jaipur,Rajasthan,ST009,Cash
S000003802,2026-06-04,C21568,P0004,Men T-Shirt,Fashion,5,882,15,3748.5,Jaipur,Rajasthan,ST009,Debit Card
S000003803,2026-06-04,C30850,P0004,Men T-Shirt,Fashion,2,2995,5,5690.5,Lucknow,Uttar Pradesh,ST010,Cash
S000003804,2026-06-04,C45638,P0009,Office Chair,Home,4,7050,0,28200.0,Lucknow,Uttar Pradesh,ST010,Net Banking
S000003805,2026-06-04,C48621,P0006,Rice Bag,Grocery,3,312,5,889.2,Pune,Maharashtra,ST006,UPI
S000003806,2026-06-04,C09110,P0002,Samsung TV,Electronics,3,83535,15,213014.25,Ahmedabad,Gujarat,ST008,UPI
S000003807,2026-06-04,C45886,P0002,Samsung TV,Electronics,4,13898,15,47253.2,Jaipur,Rajasthan,ST009,Cash
S000003808,2026-06-04,C25609,P0004,Men T-Shirt,Fashion,1,3794,5,3604.3,Bengaluru,Karnataka,ST003,UPI
S000003809,2026-06-04,C37872,P0001,iPhone 16,Electronics,5,86199,5,409445.25,Ahmedabad,Gujarat,ST008,Credit Card
S000003810,2026-06-04,C33356,P0010,Cricket Bat,Sports,5,2917,15,12397.25,Mumbai,Maharashtra,ST002,Net Banking
S000003811,2026-06-04,C07865,P0009,Office Chair,Home,3,3843,5,10952.55,Bengaluru,Karnataka,ST003,Cash
S000003812,2026-06-04,C30386,P0002,Samsung TV,Electronics,5,65428,10,294426.0,Ahmedabad,Gujarat,ST008,UPI
S000003813,2026-06-04,C40026,P0005,Women's Jeans,Fashion,5,2891,5,13732.25,Bengaluru,Karnataka,ST003,Cash
S000003814,2026-06-04,C01980,P0004,Men T-Shirt,Fashion,2,1213,5,2304.7,Lucknow,Uttar Pradesh,ST010,Net Banking
S000003815,2026-06-04,C21420,P0005,Women's Jeans,Fashion,1,2812,10,2530.8,Lucknow,Uttar Pradesh,ST010,UPI
S000003816,2026-06-04,C37066,P0010,Cricket Bat,Sports,1,6532,20,5225.6,Kolkata,West Bengal,ST007,Cash
S000003817,2026-06-04,C11773,P0002,Samsung TV,Electronics,5,67565,5,320933.75,Lucknow,Uttar Pradesh,ST010,Debit Card
S000003818,2026-06-04,C00131,P0006,Rice Bag,Grocery,5,103,10,463.5,Chennai,Tamil Nadu,ST005,Net Banking
S000003819,2026-06-04,C15205,P0009,Office Chair,Home,2,1389,5,2639.1,Jaipur,Rajasthan,ST009,Debit Card
S000003820,2026-06-04,C45465,P0002,Samsung TV,Electronics,1,64301,15,54655.85,Ahmedabad,Gujarat,ST008,Net Banking
S000003821,2026-06-04,C32899,P0001,iPhone 16,Electronics,3,39070,0,117210.0,Kolkata,West Bengal,ST007,Cash
S000003822,2026-06-04,C22528,P0009,Office Chair,Home,1,6719,10,6047.1,Lucknow,Uttar Pradesh,ST010,UPI
S000003823,2026-06-04,C38072,P0003,Laptop,Electronics,3,10193,5,29050.05,Jaipur,Rajasthan,ST009,UPI
S000003824,2026-06-04,C29411,P0001,iPhone 16,Electronics,1,88522,5,84095.9,Mumbai,Maharashtra,ST002,Cash
S000003825,2026-06-04,C27019,P0005,Women's Jeans,Fashion,1,2167,0,2167.0,Delhi,Delhi,ST001,Cash
S000003826,2026-06-04,C33632,P0009,Office Chair,Home,1,7942,5,7544.9,Delhi,Delhi,ST001,Net Banking
S000003827,2026-06-04,C26353,P0003,Laptop,Electronics,5,64344,20,257376.0,Jaipur,Rajasthan,ST009,Credit Card
S000003828,2026-06-04,C11394,P0005,Women's Jeans,Fashion,3,747,0,2241.0,Chennai,Tamil Nadu,ST005,Net Banking
S000003829,2026-06-04,C29993,P0003,Laptop,Electronics,5,54417,20,217668.0,Jaipur,Rajasthan,ST009,Net Banking
S000003830,2026-06-04,C12049,P0008,Dining Table,Home,1,7364,20,5891.2,Chennai,Tamil Nadu,ST005,UPI
S000003831,2026-06-04,C00144,P0007,Milk,Grocery,5,472,15,2006.0,Lucknow,Uttar Pradesh,ST010,UPI
S000003832,2026-06-04,C07221,P0003,Laptop,Electronics,4,27358,0,109432.0,Ahmedabad,Gujarat,ST008,Cash
S000003833,2026-06-04,C36535,P0001,iPhone 16,Electronics,1,41471,20,33176.8,Jaipur,Rajasthan,ST009,Credit Card
S000003834,2026-06-04,C07868,P0008,Dining Table,Home,4,3688,10,13276.8,Delhi,Delhi,ST001,Credit Card
S000003835,2026-06-04,C18391,P0005,Women's Jeans,Fashion,5,3625,5,17218.75,Hyderabad,Telangana,ST004,Debit Card
S000003836,2026-06-04,C42070,P0005,Women's Jeans,Fashion,4,548,0,2192.0,Pune,Maharashtra,ST006,Net Banking
S000003837,2026-06-04,C11708,P0001,iPhone 16,Electronics,3,31273,10,84437.1,Chennai,Tamil Nadu,ST005,Credit Card
S000003838,2026-06-04,C14087,P0007,Milk,Grocery,5,66,5,313.5,Lucknow,Uttar Pradesh,ST010,UPI
S000003839,2026-06-04,C14604,P0008,Dining Table,Home,1,3492,20,2793.6,Pune,Maharashtra,ST006,Credit Card
S000003840,2026-06-04,C17450,P0010,Cricket Bat,Sports,1,4394,20,3515.2,Ahmedabad,Gujarat,ST008,Cash
S000003841,2026-06-04,C24689,P0008,Dining Table,Home,3,4469,15,11395.95,Delhi,Delhi,ST001,Credit Card
S000003842,2026-06-04,C20857,P0003,Laptop,Electronics,3,56512,5,161059.2,Chennai,Tamil Nadu,ST005,UPI
S000003843,2026-06-04,C45771,P0007,Milk,Grocery,1,378,20,302.4,Chennai,Tamil Nadu,ST005,Net Banking
S000003844,2026-06-04,C28811,P0006,Rice Bag,Grocery,2,467,15,793.9,Chennai,Tamil Nadu,ST005,UPI
S000003845,2026-06-04,C45986,P0005,Women's Jeans,Fashion,2,1473,10,2651.4,Jaipur,Rajasthan,ST009,Net Banking
S000003846,2026-06-04,C46980,P0010,Cricket Bat,Sports,2,8783,10,15809.4,Ahmedabad,Gujarat,ST008,Cash
S000003847,2026-06-04,C18118,P0007,Milk,Grocery,2,85,5,161.5,Kolkata,West Bengal,ST007,Credit Card
S000003848,2026-06-04,C28043,P0001,iPhone 16,Electronics,4,89209,20,285468.8,Kolkata,West Bengal,ST007,Cash
S000003849,2026-06-04,C34665,P0007,Milk,Grocery,1,86,10,77.4,Chennai,Tamil Nadu,ST005,Net Banking
S000003850,2026-06-04,C38108,P0005,Women's Jeans,Fashion,2,1605,0,3210.0,Lucknow,Uttar Pradesh,ST010,Cash
S000003851,2026-06-04,C16815,P0003,Laptop,Electronics,4,34185,5,129903.0,Lucknow,Uttar Pradesh,ST010,Net Banking
S000003852,2026-06-04,C26918,P0010,Cricket Bat,Sports,1,6588,15,5599.8,Lucknow,Uttar Pradesh,ST010,Credit Card
S000003853,2026-06-04,C26094,P0002,Samsung TV,Electronics,5,63501,5,301629.75,Ahmedabad,Gujarat,ST008,Net Banking
S000003854,2026-06-04,C12396,P0006,Rice Bag,Grocery,5,485,20,1940.0,Kolkata,West Bengal,ST007,Net Banking
S000003855,2026-06-04,C43078,P0003,Laptop,Electronics,5,42499,5,201870.25,Lucknow,Uttar Pradesh,ST010,Net Banking
S000003856,2026-06-04,C21012,P0009,Office Chair,Home,5,8933,15,37965.25,Ahmedabad,Gujarat,ST008,Cash
S000003857,2026-06-04,C46539,P0008,Dining Table,Home,2,6597,15,11214.9,Ahmedabad,Gujarat,ST008,Net Banking
S000003858,2026-06-04,C00810,P0005,Women's Jeans,Fashion,3,4802,5,13685.7,Mumbai,Maharashtra,ST002,Credit Card
S000003859,2026-06-04,C03202,P0009,Office Chair,Home,2,2067,10,3720.6,Chennai,Tamil Nadu,ST005,Net Banking
S000003860,2026-06-04,C13117,P0010,Cricket Bat,Sports,5,1686,5,8008.5,Jaipur,Rajasthan,ST009,Credit Card
S000003861,2026-06-04,C08262,P0007,Milk,Grocery,1,479,0,479.0,Delhi,Delhi,ST001,UPI
S000003862,2026-06-04,C18979,P0005,Women's Jeans,Fashion,4,1702,20,5446.4,Delhi,Delhi,ST001,Cash
S000003863,2026-06-04,C47473,P0002,Samsung TV,Electronics,1,47256,20,37804.8,Chennai,Tamil Nadu,ST005,Credit Card
S000003864,2026-06-04,C04635,P0004,Men T-Shirt,Fashion,1,2172,20,1737.6,Chennai,Tamil Nadu,ST005,UPI
S000003865,2026-06-04,C37678,P0008,Dining Table,Home,5,8201,5,38954.75,Pune,Maharashtra,ST006,Credit Card
S000003866,2026-06-04,C02174,P0010,Cricket Bat,Sports,4,10858,10,39088.8,Lucknow,Uttar Pradesh,ST010,Net Banking
S000003867,2026-06-04,C43999,P0007,Milk,Grocery,2,171,0,342.0,Chennai,Tamil Nadu,ST005,Credit Card
S000003868,2026-06-04,C21595,P0010,Cricket Bat,Sports,5,3292,5,15637.0,Bengaluru,Karnataka,ST003,UPI
S000003869,2026-06-04,C22075,P0004,Men T-Shirt,Fashion,4,3994,15,13579.6,Delhi,Delhi,ST001,Net Banking
S000003870,2026-06-04,C39888,P0002,Samsung TV,Electronics,5,62517,5,296955.75,Lucknow,Uttar Pradesh,ST010,Debit Card
S000003871,2026-06-04,C37250,P0009,Office Chair,Home,4,9248,5,35142.4,Delhi,Delhi,ST001,Debit Card
S000003872,2026-06-04,C00283,P0002,Samsung TV,Electronics,2,10364,15,17618.8,Ahmedabad,Gujarat,ST008,Debit Card
S000003873,2026-06-04,C40350,P0007,Milk,Grocery,5,240,20,960.0,Kolkata,West Bengal,ST007,UPI
S000003874,2026-06-04,C21837,P0008,Dining Table,Home,1,5572,5,5293.4,Bengaluru,Karnataka,ST003,Debit Card
S000003875,2026-06-04,C20143,P0008,Dining Table,Home,2,5709,5,10847.1,Chennai,Tamil Nadu,ST005,UPI
S000003876,2026-06-04,C04755,P0004,Men T-Shirt,Fashion,3,3815,0,11445.0,Ahmedabad,Gujarat,ST008,Net Banking
S000003877,2026-06-04,C00835,P0001,iPhone 16,Electronics,4,35749,5,135846.2,Ahmedabad,Gujarat,ST008,Cash
S000003878,2026-06-04,C04803,P0008,Dining Table,Home,2,7365,0,14730.0,Pune,Maharashtra,ST006,UPI
S000003879,2026-06-04,C49649,P0010,Cricket Bat,Sports,2,11687,10,21036.6,Bengaluru,Karnataka,ST003,UPI
S000003880,2026-06-04,C40765,P0010,Cricket Bat,Sports,5,3548,20,14192.0,Lucknow,Uttar Pradesh,ST010,UPI
S000003881,2026-06-04,C31738,P0004,Men T-Shirt,Fashion,1,2055,10,1849.5,Hyderabad,Telangana,ST004,Cash
S000003882,2026-06-04,C47957,P0003,Laptop,Electronics,3,68792,10,185738.4,Chennai,Tamil Nadu,ST005,Debit Card
S000003883,2026-06-04,C36042,P0010,Cricket Bat,Sports,4,7365,0,29460.0,Delhi,Delhi,ST001,Debit Card
S000003884,2026-06-04,C29094,P0009,Office Chair,Home,2,5664,0,11328.0,Kolkata,West Bengal,ST007,Credit Card
S000003885,2026-06-04,C00337,P0008,Dining Table,Home,1,1668,15,1417.8,Kolkata,West Bengal,ST007,Debit Card
S000003886,2026-06-04,C41280,P0001,iPhone 16,Electronics,1,73349,5,69681.55,Jaipur,Rajasthan,ST009,Debit Card
S000003887,2026-06-04,C43085,P0003,Laptop,Electronics,3,20283,10,54764.1,Jaipur,Rajasthan,ST009,Net Banking
S000003888,2026-06-04,C23048,P0007,Milk,Grocery,1,329,0,329.0,Hyderabad,Telangana,ST004,Debit Card
S000003889,2026-06-04,C36592,P0006,Rice Bag,Grocery,3,197,20,472.8,Jaipur,Rajasthan,ST009,UPI
S000003890,2026-06-04,C48627,P0002,Samsung TV,Electronics,4,44153,10,158950.8,Mumbai,Maharashtra,ST002,Debit Card
S000003891,2026-06-04,C47076,P0010,Cricket Bat,Sports,2,10167,0,20334.0,Kolkata,West Bengal,ST007,Debit Card
S000003892,2026-06-04,C26108,P0001,iPhone 16,Electronics,1,16629,10,14966.1,Ahmedabad,Gujarat,ST008,Cash
S000003893,2026-06-04,C00742,P0010,Cricket Bat,Sports,3,5525,10,14917.5,Hyderabad,Telangana,ST004,UPI
S000003894,2026-06-04,C07683,P0009,Office Chair,Home,2,9444,5,17943.6,Chennai,Tamil Nadu,ST005,UPI
S000003895,2026-06-04,C11680,P0002,Samsung TV,Electronics,2,87144,15,148144.8,Jaipur,Rajasthan,ST009,UPI
S000003896,2026-06-04,C25799,P0003,Laptop,Electronics,5,58725,20,234900.0,Delhi,Delhi,ST001,Credit Card
S000003897,2026-06-04,C36352,P0007,Milk,Grocery,4,293,20,937.6,Chennai,Tamil Nadu,ST005,UPI
S000003898,2026-06-04,C00816,P0003,Laptop,Electronics,2,89702,10,161463.6,Kolkata,West Bengal,ST007,Debit Card
S000003899,2026-06-04,C05934,P0007,Milk,Grocery,5,125,5,593.75,Chennai,Tamil Nadu,ST005,Cash
S000003900,2026-06-04,C47342,P0004,Men T-Shirt,Fashion,2,2139,0,4278.0,Pune,Maharashtra,ST006,Cash
S000003901,2026-06-04,C12444,P0010,Cricket Bat,Sports,3,14226,0,42678.0,Ahmedabad,Gujarat,ST008,Debit Card
S000003902,2026-06-04,C32974,P0009,Office Chair,Home,4,1197,20,3830.4,Delhi,Delhi,ST001,Cash
S000003903,2026-06-04,C47176,P0010,Cricket Bat,Sports,1,10074,5,9570.3,Jaipur,Rajasthan,ST009,Cash
S000003904,2026-06-04,C02689,P0002,Samsung TV,Electronics,1,80890,10,72801.0,Lucknow,Uttar Pradesh,ST010,Net Banking
S000003905,2026-06-04,C14573,P0002,Samsung TV,Electronics,2,61091,15,103854.7,Mumbai,Maharashtra,ST002,Credit Card
S000003906,2026-06-04,C06571,P0002,Samsung TV,Electronics,3,82554,10,222895.8,Pune,Maharashtra,ST006,Net Banking
S000003907,2026-06-04,C36758,P0001,iPhone 16,Electronics,4,41584,5,158019.2,Pune,Maharashtra,ST006,Credit Card
S000003908,2026-06-04,C43132,P0002,Samsung TV,Electronics,4,14239,10,51260.4,Mumbai,Maharashtra,ST002,Net Banking
S000003909,2026-06-04,C29808,P0003,Laptop,Electronics,3,39607,20,95056.8,Bengaluru,Karnataka,ST003,UPI
S000003910,2026-06-04,C30828,P0001,iPhone 16,Electronics,3,57626,10,155590.2,Ahmedabad,Gujarat,ST008,Cash
S000003911,2026-06-04,C19417,P0008,Dining Table,Home,2,3722,0,7444.0,Delhi,Delhi,ST001,Net Banking
S000003912,2026-06-04,C29085,P0002,Samsung TV,Electronics,1,85011,10,76509.9,Chennai,Tamil Nadu,ST005,Cash
S000003913,2026-06-04,C47789,P0004,Men T-Shirt,Fashion,4,4480,15,15232.0,Lucknow,Uttar Pradesh,ST010,Debit Card
S000003914,2026-06-04,C26751,P0003,Laptop,Electronics,2,52823,20,84516.8,Kolkata,West Bengal,ST007,Credit Card
S000003915,2026-06-04,C24637,P0001,iPhone 16,Electronics,1,28070,15,23859.5,Pune,Maharashtra,ST006,Credit Card
S000003916,2026-06-04,C04829,P0009,Office Chair,Home,2,6627,15,11265.9,Chennai,Tamil Nadu,ST005,UPI
S000003917,2026-06-04,C36407,P0008,Dining Table,Home,4,8969,15,30494.6,Delhi,Delhi,ST001,Credit Card
S000003918,2026-06-04,C03174,P0006,Rice Bag,Grocery,2,41,15,69.7,Delhi,Delhi,ST001,Cash
S000003919,2026-06-04,C25940,P0004,Men T-Shirt,Fashion,3,860,5,2451.0,Kolkata,West Bengal,ST007,UPI
S000003920,2026-06-04,C47903,P0009,Office Chair,Home,3,631,20,1514.4,Mumbai,Maharashtra,ST002,Cash
S000003921,2026-06-04,C35719,P0010,Cricket Bat,Sports,2,9911,0,19822.0,Mumbai,Maharashtra,ST002,UPI
S000003922,2026-06-04,C38822,P0002,Samsung TV,Electronics,2,13776,5,26174.4,Bengaluru,Karnataka,ST003,UPI
S000003923,2026-06-04,C23910,P0003,Laptop,Electronics,3,54429,5,155122.65,Delhi,Delhi,ST001,Net Banking
S000003924,2026-06-04,C45126,P0004,Men T-Shirt,Fashion,5,4329,20,17316.0,Ahmedabad,Gujarat,ST008,Debit Card
S000003925,2026-06-04,C24030,P0004,Men T-Shirt,Fashion,2,3714,0,7428.0,Mumbai,Maharashtra,ST002,Net Banking
S000003926,2026-06-04,C03247,P0010,Cricket Bat,Sports,1,2479,15,2107.15,Jaipur,Rajasthan,ST009,Cash
S000003927,2026-06-04,C22861,P0008,Dining Table,Home,3,4978,20,11947.2,Chennai,Tamil Nadu,ST005,Debit Card
S000003928,2026-06-04,C08983,P0001,iPhone 16,Electronics,5,89295,10,401827.5,Pune,Maharashtra,ST006,Debit Card
S000003929,2026-06-04,C45449,P0005,Women's Jeans,Fashion,5,1241,0,6205.0,Pune,Maharashtra,ST006,Credit Card
S000003930,2026-06-04,C36533,P0001,iPhone 16,Electronics,5,88019,15,374080.75,Jaipur,Rajasthan,ST009,UPI
S000003931,2026-06-04,C22798,P0006,Rice Bag,Grocery,3,473,10,1277.1,Jaipur,Rajasthan,ST009,Credit Card
S000003932,2026-06-04,C49945,P0006,Rice Bag,Grocery,2,463,5,879.7,Kolkata,West Bengal,ST007,Cash
S000003933,2026-06-04,C39133,P0006,Rice Bag,Grocery,4,335,15,1139.0,Bengaluru,Karnataka,ST003,UPI
S000003934,2026-06-04,C03430,P0006,Rice Bag,Grocery,1,140,15,119.0,Kolkata,West Bengal,ST007,Cash
S000003935,2026-06-04,C06721,P0007,Milk,Grocery,5,236,0,1180.0,Bengaluru,Karnataka,ST003,Debit Card
S000003936,2026-06-04,C29337,P0001,iPhone 16,Electronics,2,65259,15,110940.3,Chennai,Tamil Nadu,ST005,Cash
S000003937,2026-06-04,C01051,P0003,Laptop,Electronics,1,57968,20,46374.4,Hyderabad,Telangana,ST004,Debit Card
S000003938,2026-06-04,C23932,P0001,iPhone 16,Electronics,2,10572,0,21144.0,Mumbai,Maharashtra,ST002,Debit Card
S000003939,2026-06-04,C28916,P0004,Men T-Shirt,Fashion,4,1269,10,4568.4,Mumbai,Maharashtra,ST002,Cash
S000003940,2026-06-04,C27738,P0001,iPhone 16,Electronics,4,84983,0,339932.0,Pune,Maharashtra,ST006,Net Banking
S000003941,2026-06-04,C24473,P0003,Laptop,Electronics,3,19837,5,56535.45,Bengaluru,Karnataka,ST003,Debit Card
S000003942,2026-06-04,C16076,P0010,Cricket Bat,Sports,4,9592,10,34531.2,Pune,Maharashtra,ST006,Debit Card
S000003943,2026-06-04,C03711,P0007,Milk,Grocery,2,69,10,124.2,Chennai,Tamil Nadu,ST005,Debit Card
S000003944,2026-06-04,C45508,P0008,Dining Table,Home,3,8040,0,24120.0,Lucknow,Uttar Pradesh,ST010,UPI
S000003945,2026-06-04,C37531,P0002,Samsung TV,Electronics,5,62148,15,264129.0,Jaipur,Rajasthan,ST009,Net Banking
S000003946,2026-06-04,C48733,P0005,Women's Jeans,Fashion,2,4019,10,7234.2,Kolkata,West Bengal,ST007,Net Banking
S000003947,2026-06-04,C25451,P0002,Samsung TV,Electronics,2,52240,20,83584.0,Jaipur,Rajasthan,ST009,Credit Card
S000003948,2026-06-04,C32434,P0005,Women's Jeans,Fashion,4,4980,0,19920.0,Jaipur,Rajasthan,ST009,Cash
S000003949,2026-06-04,C24528,P0008,Dining Table,Home,2,8335,15,14169.5,Delhi,Delhi,ST001,Credit Card
S000003950,2026-06-04,C47910,P0002,Samsung TV,Electronics,2,10783,0,21566.0,Jaipur,Rajasthan,ST009,Debit Card
S000003951,2026-06-04,C36941,P0003,Laptop,Electronics,5,57170,15,242972.5,Bengaluru,Karnataka,ST003,UPI
S000003952,2026-06-04,C32039,P0004,Men T-Shirt,Fashion,2,4424,5,8405.6,Hyderabad,Telangana,ST004,Credit Card
S000003953,2026-06-04,C44736,P0003,Laptop,Electronics,4,47892,10,172411.2,Hyderabad,Telangana,ST004,Net Banking
S000003954,2026-06-04,C02617,P0003,Laptop,Electronics,3,41466,5,118178.1,Jaipur,Rajasthan,ST009,Credit Card
S000003955,2026-06-04,C25873,P0008,Dining Table,Home,5,3561,10,16024.5,Kolkata,West Bengal,ST007,Net Banking
S000003956,2026-06-04,C10836,P0008,Dining Table,Home,5,3112,5,14782.0,Ahmedabad,Gujarat,ST008,Credit Card
S000003957,2026-06-04,C47247,P0009,Office Chair,Home,1,2739,5,2602.05,Pune,Maharashtra,ST006,Credit Card
S000003958,2026-06-04,C44959,P0003,Laptop,Electronics,1,42946,0,42946.0,Delhi,Delhi,ST001,Net Banking
S000003959,2026-06-04,C04277,P0007,Milk,Grocery,2,409,5,777.1,Lucknow,Uttar Pradesh,ST010,Credit Card
S000003960,2026-06-04,C33834,P0005,Women's Jeans,Fashion,2,2932,15,4984.4,Chennai,Tamil Nadu,ST005,Credit Card
S000003961,2026-06-04,C43244,P0002,Samsung TV,Electronics,5,29575,20,118300.0,Lucknow,Uttar Pradesh,ST010,Net Banking
S000003962,2026-06-04,C00596,P0008,Dining Table,Home,1,5878,10,5290.2,Pune,Maharashtra,ST006,Debit Card
S000003963,2026-06-04,C45223,P0006,Rice Bag,Grocery,1,488,15,414.8,Bengaluru,Karnataka,ST003,Cash
S000003964,2026-06-04,C21208,P0007,Milk,Grocery,5,55,5,261.25,Lucknow,Uttar Pradesh,ST010,Net Banking
S000003965,2026-06-04,C36118,P0004,Men T-Shirt,Fashion,1,3722,10,3349.8,Mumbai,Maharashtra,ST002,UPI
S000003966,2026-06-04,C16113,P0004,Men T-Shirt,Fashion,4,1733,5,6585.4,Bengaluru,Karnataka,ST003,Credit Card
S000003967,2026-06-04,C32294,P0008,Dining Table,Home,2,3838,0,7676.0,Ahmedabad,Gujarat,ST008,Cash
S000003968,2026-06-04,C27143,P0009,Office Chair,Home,4,5394,15,18339.6,Delhi,Delhi,ST001,Cash
S000003969,2026-06-04,C01854,P0008,Dining Table,Home,5,6422,0,32110.0,Delhi,Delhi,ST001,Credit Card
S000003970,2026-06-04,C15601,P0007,Milk,Grocery,5,180,5,855.0,Delhi,Delhi,ST001,Debit Card
S000003971,2026-06-04,C40889,P0009,Office Chair,Home,3,1889,0,5667.0,Chennai,Tamil Nadu,ST005,Credit Card
S000003972,2026-06-04,C41964,P0008,Dining Table,Home,2,8627,10,15528.6,Chennai,Tamil Nadu,ST005,UPI
S000003973,2026-06-04,C01213,P0007,Milk,Grocery,5,105,15,446.25,Ahmedabad,Gujarat,ST008,Debit Card
S000003974,2026-06-04,C29717,P0007,Milk,Grocery,5,494,0,2470.0,Bengaluru,Karnataka,ST003,Debit Card
S000003975,2026-06-04,C28161,P0003,Laptop,Electronics,2,63062,5,119817.8,Delhi,Delhi,ST001,UPI
S000003976,2026-06-04,C33316,P0006,Rice Bag,Grocery,4,393,0,1572.0,Kolkata,West Bengal,ST007,Debit Card
S000003977,2026-06-04,C18529,P0010,Cricket Bat,Sports,3,10048,15,25622.4,Ahmedabad,Gujarat,ST008,Debit Card
S000003978,2026-06-04,C42316,P0010,Cricket Bat,Sports,5,3864,20,15456.0,Hyderabad,Telangana,ST004,UPI
S000003979,2026-06-04,C45809,P0010,Cricket Bat,Sports,5,11900,10,53550.0,Ahmedabad,Gujarat,ST008,Net Banking
S000003980,2026-06-04,C39201,P0002,Samsung TV,Electronics,5,66000,0,330000.0,Chennai,Tamil Nadu,ST005,Net Banking
S000003981,2026-06-04,C38619,P0010,Cricket Bat,Sports,1,14501,10,13050.9,Pune,Maharashtra,ST006,Debit Card
S000003982,2026-06-04,C39140,P0004,Men T-Shirt,Fashion,4,2929,5,11130.2,Bengaluru,Karnataka,ST003,Cash
S000003983,2026-06-04,C08360,P0003,Laptop,Electronics,3,59939,0,179817.0,Hyderabad,Telangana,ST004,Net Banking
S000003984,2026-06-04,C08570,P0002,Samsung TV,Electronics,5,79948,0,399740.0,Bengaluru,Karnataka,ST003,Net Banking
S000003985,2026-06-04,C43289,P0002,Samsung TV,Electronics,3,83712,10,226022.4,Pune,Maharashtra,ST006,Net Banking
S000003986,2026-06-04,C14941,P0005,Women's Jeans,Fashion,1,1994,15,1694.9,Delhi,Delhi,ST001,UPI
S000003987,2026-06-04,C28636,P0003,Laptop,Electronics,5,79606,10,358227.0,Bengaluru,Karnataka,ST003,Credit Card
S000003988,2026-06-04,C32618,P0005,Women's Jeans,Fashion,3,3757,15,9580.35,Bengaluru,Karnataka,ST003,Credit Card
S000003989,2026-06-04,C48925,P0009,Office Chair,Home,5,8711,20,34844.0,Ahmedabad,Gujarat,ST008,UPI
S000003990,2026-06-04,C09264,P0003,Laptop,Electronics,5,81570,15,346672.5,Hyderabad,Telangana,ST004,Cash
S000003991,2026-06-04,C03789,P0006,Rice Bag,Grocery,1,218,20,174.4,Jaipur,Rajasthan,ST009,Debit Card
S000003992,2026-06-04,C03243,P0007,Milk,Grocery,3,314,10,847.8,Mumbai,Maharashtra,ST002,Credit Card
S000003993,2026-06-04,C26268,P0005,Women's Jeans,Fashion,5,4894,10,22023.0,Ahmedabad,Gujarat,ST008,Net Banking
S000003994,2026-06-04,C25652,P0001,iPhone 16,Electronics,4,68172,20,218150.4,Pune,Maharashtra,ST006,Net Banking
S000003995,2026-06-04,C17652,P0010,Cricket Bat,Sports,5,4255,0,21275.0,Kolkata,West Bengal,ST007,Credit Card
S000003996,2026-06-04,C40692,P0008,Dining Table,Home,4,2455,0,9820.0,Bengaluru,Karnataka,ST003,Credit Card
S000003997,2026-06-04,C35587,P0001,iPhone 16,Electronics,4,20967,15,71287.8,Lucknow,Uttar Pradesh,ST010,Credit Card
S000003998,2026-06-04,C26266,P0003,Laptop,Electronics,4,52290,10,188244.0,Delhi,Delhi,ST001,UPI
S000003999,2026-06-04,C20884,P0008,Dining Table,Home,3,5915,15,15083.25,Jaipur,Rajasthan,ST009,Cash
S000004000,2026-06-04,C43615,P0009,Office Chair,Home,3,6373,15,16251.15,Kolkata,West Bengal,ST007,Debit Card
