sale_id,sale_date,customer_id,product_id,product_name,category,quantity,unit_price,discount_pct,total_amount,city,state,store_id,payment_mode
S000000001,2026-06-01,C41906,P0002,Samsung TV,Electronics,2,39256,5,74586.4,Delhi,Delhi,ST001,Debit Card
S000000002,2026-06-01,C48266,P0002,Samsung TV,Electronics,5,65302,0,326510.0,Jaipur,Rajasthan,ST009,UPI
S000000003,2026-06-01,C01953,P0002,Samsung TV,Electronics,5,88907,0,444535.0,Hyderabad,Telangana,ST004,Credit Card
S000000004,2026-06-01,C36782,P0004,Men T-Shirt,Fashion,2,4179,20,6686.4,Jaipur,Rajasthan,ST009,Cash
S000000005,2026-06-01,C18232,P0001,iPhone 16,Electronics,3,46421,5,132299.85,Bengaluru,Karnataka,ST003,Cash
S000000006,2026-06-01,C14111,P0006,Rice Bag,Grocery,4,69,10,248.4,Mumbai,Maharashtra,ST002,UPI
S000000007,2026-06-01,C22542,P0010,Cricket Bat,Sports,4,9085,0,36340.0,Chennai,Tamil Nadu,ST005,UPI
S000000008,2026-06-01,C24808,P0002,Samsung TV,Electronics,5,57400,20,229600.0,Jaipur,Rajasthan,ST009,Debit Card
S000000009,2026-06-01,C12602,P0002,Samsung TV,Electronics,3,20458,5,58305.3,Delhi,Delhi,ST001,Credit Card
S000000010,2026-06-01,C06620,P0007,Milk,Grocery,3,103,10,278.1,Chennai,Tamil Nadu,ST005,Cash
S000000011,2026-06-01,C23284,P0004,Men T-Shirt,Fashion,5,1901,20,7604.0,Chennai,Tamil Nadu,ST005,UPI
S000000012,2026-06-01,C47785,P0004,Men T-Shirt,Fashion,4,2711,20,8675.2,Bengaluru,Karnataka,ST003,Cash
S000000013,2026-06-01,C14393,P0006,Rice Bag,Grocery,1,432,10,388.8,Delhi,Delhi,ST001,Credit Card
S000000014,2026-06-01,C26291,P0005,Women's Jeans,Fashion,5,3077,5,14615.75,Mumbai,Maharashtra,ST002,Credit Card
S000000015,2026-06-01,C42955,P0008,Dining Table,Home,2,4839,5,9194.1,Kolkata,West Bengal,ST007,Cash
S000000016,2026-06-01,C16163,P0009,Office Chair,Home,5,7519,20,30076.0,Jaipur,Rajasthan,ST009,Debit Card
S000000017,2026-06-01,C26176,P0006,Rice Bag,Grocery,5,272,0,1360.0,Hyderabad,Telangana,ST004,Credit Card
S000000018,2026-06-01,C49531,P0001,iPhone 16,Electronics,2,65333,20,104532.8,Mumbai,Maharashtra,ST002,Credit Card
S000000019,2026-06-01,C04164,P0007,Milk,Grocery,4,290,10,1044.0,Kolkata,West Bengal,ST007,Net Banking
S000000020,2026-06-01,C36257,P0001,iPhone 16,Electronics,3,54587,0,163761.0,Mumbai,Maharashtra,ST002,Net Banking
S000000021,2026-06-01,C19235,P0007,Milk,Grocery,1,389,10,350.1,Bengaluru,Karnataka,ST003,Cash
S000000022,2026-06-01,C32807,P0003,Laptop,Electronics,3,76540,20,183696.0,Jaipur,Rajasthan,ST009,UPI
S000000023,2026-06-01,C13036,P0003,Laptop,Electronics,5,79514,0,397570.0,Pune,Maharashtra,ST006,Credit Card
S000000024,2026-06-01,C39253,P0006,Rice Bag,Grocery,1,495,10,445.5,Ahmedabad,Gujarat,ST008,UPI
S000000025,2026-06-01,C20154,P0004,Men T-Shirt,Fashion,5,1145,0,5725.0,Delhi,Delhi,ST001,Credit Card
S000000026,2026-06-01,C47967,P0008,Dining Table,Home,2,2603,15,4425.1,Mumbai,Maharashtra,ST002,Net Banking
S000000027,2026-06-01,C36032,P0003,Laptop,Electronics,5,65461,5,310939.75,Chennai,Tamil Nadu,ST005,Net Banking
S000000028,2026-06-01,C35344,P0004,Men T-Shirt,Fashion,3,4088,20,9811.2,Chennai,Tamil Nadu,ST005,Cash
S000000029,2026-06-01,C29589,P0002,Samsung TV,Electronics,1,54313,0,54313.0,Hyderabad,Telangana,ST004,Credit Card
S000000030,2026-06-01,C38556,P0009,Office Chair,Home,2,617,0,1234.0,Hyderabad,Telangana,ST004,Net Banking
S000000031,2026-06-01,C46390,P0001,iPhone 16,Electronics,1,53309,0,53309.0,Hyderabad,Telangana,ST004,UPI
S000000032,2026-06-01,C33696,P0004,Men T-Shirt,Fashion,2,4917,5,9342.3,Chennai,Tamil Nadu,ST005,Cash
S000000033,2026-06-01,C47406,P0010,Cricket Bat,Sports,2,13155,15,22363.5,Lucknow,Uttar Pradesh,ST010,Cash
S000000034,2026-06-01,C26678,P0004,Men T-Shirt,Fashion,4,3402,15,11566.8,Mumbai,Maharashtra,ST002,UPI
S000000035,2026-06-01,C26942,P0008,Dining Table,Home,1,7096,10,6386.4,Delhi,Delhi,ST001,UPI
S000000036,2026-06-01,C07162,P0004,Men T-Shirt,Fashion,5,4175,5,19831.25,Hyderabad,Telangana,ST004,Credit Card
S000000037,2026-06-01,C27649,P0003,Laptop,Electronics,2,19880,15,33796.0,Chennai,Tamil Nadu,ST005,Cash
S000000038,2026-06-01,C36067,P0002,Samsung TV,Electronics,1,22224,5,21112.8,Delhi,Delhi,ST001,Net Banking
S000000039,2026-06-01,C10900,P0007,Milk,Grocery,2,462,15,785.4,Ahmedabad,Gujarat,ST008,Cash
S000000040,2026-06-01,C03843,P0003,Laptop,Electronics,4,44760,15,152184.0,Kolkata,West Bengal,ST007,UPI
S000000041,2026-06-01,C18695,P0007,Milk,Grocery,2,117,10,210.6,Jaipur,Rajasthan,ST009,Cash
S000000042,2026-06-01,C14268,P0001,iPhone 16,Electronics,1,51104,0,51104.0,Lucknow,Uttar Pradesh,ST010,Net Banking
S000000043,2026-06-01,C03287,P0010,Cricket Bat,Sports,5,2879,0,14395.0,Ahmedabad,Gujarat,ST008,Net Banking
S000000044,2026-06-01,C33282,P0002,Samsung TV,Electronics,5,18907,5,89808.25,Bengaluru,Karnataka,ST003,UPI
S000000045,2026-06-01,C26462,P0002,Samsung TV,Electronics,5,87924,0,439620.0,Lucknow,Uttar Pradesh,ST010,Credit Card
S000000046,2026-06-01,C40592,P0002,Samsung TV,Electronics,5,78522,10,353349.0,Kolkata,West Bengal,ST007,Net Banking
S000000047,2026-06-01,C17090,P0004,Men T-Shirt,Fashion,3,3742,5,10664.7,Pune,Maharashtra,ST006,Credit Card
S000000048,2026-06-01,C44020,P0005,Women's Jeans,Fashion,1,576,15,489.6,Ahmedabad,Gujarat,ST008,Debit Card
S000000049,2026-06-01,C40709,P0010,Cricket Bat,Sports,5,3792,20,15168.0,Mumbai,Maharashtra,ST002,UPI
S000000050,2026-06-01,C17381,P0003,Laptop,Electronics,2,58434,10,105181.2,Pune,Maharashtra,ST006,UPI
S000000051,2026-06-01,C10339,P0008,Dining Table,Home,5,9166,0,45830.0,Jaipur,Rajasthan,ST009,Debit Card
S000000052,2026-06-01,C43770,P0009,Office Chair,Home,2,4833,0,9666.0,Chennai,Tamil Nadu,ST005,UPI
S000000053,2026-06-01,C07015,P0009,Office Chair,Home,3,3950,10,10665.0,Bengaluru,Karnataka,ST003,Debit Card
S000000054,2026-06-01,C13343,P0005,Women's Jeans,Fashion,3,916,0,2748.0,Jaipur,Rajasthan,ST009,Cash
S000000055,2026-06-01,C41569,P0007,Milk,Grocery,1,190,5,180.5,Chennai,Tamil Nadu,ST005,UPI
S000000056,2026-06-01,C41754,P0005,Women's Jeans,Fashion,5,4003,20,16012.0,Bengaluru,Karnataka,ST003,Cash
S000000057,2026-06-01,C00634,P0002,Samsung TV,Electronics,5,14722,10,66249.0,Mumbai,Maharashtra,ST002,Credit Card
S000000058,2026-06-01,C38176,P0009,Office Chair,Home,2,1185,10,2133.0,Bengaluru,Karnataka,ST003,Cash
S000000059,2026-06-01,C23898,P0001,iPhone 16,Electronics,2,23473,10,42251.4,Pune,Maharashtra,ST006,Credit Card
S000000060,2026-06-01,C36693,P0007,Milk,Grocery,2,462,5,877.8,Lucknow,Uttar Pradesh,ST010,Credit Card
S000000061,2026-06-01,C11604,P0007,Milk,Grocery,3,420,15,1071.0,Delhi,Delhi,ST001,Credit Card
S000000062,2026-06-01,C43904,P0004,Men T-Shirt,Fashion,1,3633,0,3633.0,Chennai,Tamil Nadu,ST005,Credit Card
S000000063,2026-06-01,C30848,P0004,Men T-Shirt,Fashion,3,3000,5,8550.0,Hyderabad,Telangana,ST004,Cash
S000000064,2026-06-01,C14610,P0001,iPhone 16,Electronics,3,46517,0,139551.0,Hyderabad,Telangana,ST004,Cash
S000000065,2026-06-01,C18293,P0006,Rice Bag,Grocery,5,189,0,945.0,Jaipur,Rajasthan,ST009,Cash
S000000066,2026-06-01,C07560,P0005,Women's Jeans,Fashion,3,813,0,2439.0,Bengaluru,Karnataka,ST003,Net Banking
S000000067,2026-06-01,C39097,P0007,Milk,Grocery,4,330,20,1056.0,Pune,Maharashtra,ST006,Debit Card
S000000068,2026-06-01,C07579,P0007,Milk,Grocery,3,42,15,107.1,Lucknow,Uttar Pradesh,ST010,Credit Card
S000000069,2026-06-01,C00111,P0009,Office Chair,Home,3,7566,0,22698.0,Jaipur,Rajasthan,ST009,Credit Card
S000000070,2026-06-01,C43532,P0006,Rice Bag,Grocery,1,388,10,349.2,Lucknow,Uttar Pradesh,ST010,Debit Card
S000000071,2026-06-01,C33235,P0005,Women's Jeans,Fashion,4,2922,20,9350.4,Kolkata,West Bengal,ST007,Debit Card
S000000072,2026-06-01,C08342,P0004,Men T-Shirt,Fashion,2,2965,15,5040.5,Kolkata,West Bengal,ST007,Cash
S000000073,2026-06-01,C35910,P0001,iPhone 16,Electronics,2,66346,20,106153.6,Chennai,Tamil Nadu,ST005,Debit Card
S000000074,2026-06-01,C39759,P0006,Rice Bag,Grocery,4,365,5,1387.0,Ahmedabad,Gujarat,ST008,Cash
S000000075,2026-06-01,C33501,P0008,Dining Table,Home,3,8945,20,21468.0,Bengaluru,Karnataka,ST003,UPI
S000000076,2026-06-01,C21967,P0002,Samsung TV,Electronics,2,36100,5,68590.0,Hyderabad,Telangana,ST004,Debit Card
S000000077,2026-06-01,C01601,P0001,iPhone 16,Electronics,5,19545,15,83066.25,Hyderabad,Telangana,ST004,Cash
S000000078,2026-06-01,C27161,P0010,Cricket Bat,Sports,4,6847,5,26018.6,Hyderabad,Telangana,ST004,Cash
S000000079,2026-06-01,C09672,P0001,iPhone 16,Electronics,2,33053,20,52884.8,Mumbai,Maharashtra,ST002,Cash
S000000080,2026-06-01,C30445,P0001,iPhone 16,Electronics,1,69829,5,66337.55,Jaipur,Rajasthan,ST009,Credit Card
S000000081,2026-06-01,C30451,P0009,Office Chair,Home,3,7751,20,18602.4,Jaipur,Rajasthan,ST009,Net Banking
S000000082,2026-06-01,C47139,P0009,Office Chair,Home,4,3107,15,10563.8,Kolkata,West Bengal,ST007,Net Banking
S000000083,2026-06-01,C29496,P0005,Women's Jeans,Fashion,5,4469,5,21227.75,Hyderabad,Telangana,ST004,Debit Card
S000000084,2026-06-01,C17997,P0008,Dining Table,Home,2,4951,10,8911.8,Mumbai,Maharashtra,ST002,Debit Card
S000000085,2026-06-01,C20953,P0009,Office Chair,Home,2,4288,15,7289.6,Mumbai,Maharashtra,ST002,Credit Card
S000000086,2026-06-01,C45479,P0003,Laptop,Electronics,4,63424,10,228326.4,Hyderabad,Telangana,ST004,UPI
S000000087,2026-06-01,C35561,P0008,Dining Table,Home,2,7383,15,12551.1,Kolkata,West Bengal,ST007,UPI
S000000088,2026-06-01,C38279,P0001,iPhone 16,Electronics,4,10772,10,38779.2,Lucknow,Uttar Pradesh,ST010,Cash
S000000089,2026-06-01,C19570,P0007,Milk,Grocery,5,429,20,1716.0,Kolkata,West Bengal,ST007,Net Banking
S000000090,2026-06-01,C14454,P0008,Dining Table,Home,4,8456,0,33824.0,Hyderabad,Telangana,ST004,Debit Card
S000000091,2026-06-01,C25485,P0006,Rice Bag,Grocery,4,490,5,1862.0,Kolkata,West Bengal,ST007,Credit Card
S000000092,2026-06-01,C40781,P0009,Office Chair,Home,5,9746,0,48730.0,Delhi,Delhi,ST001,Cash
S000000093,2026-06-01,C05502,P0007,Milk,Grocery,2,45,10,81.0,Bengaluru,Karnataka,ST003,Cash
S000000094,2026-06-01,C24845,P0006,Rice Bag,Grocery,3,192,15,489.6,Hyderabad,Telangana,ST004,Cash
S000000095,2026-06-01,C18236,P0007,Milk,Grocery,4,29,20,92.8,Chennai,Tamil Nadu,ST005,UPI
S000000096,2026-06-01,C03414,P0006,Rice Bag,Grocery,1,406,0,406.0,Hyderabad,Telangana,ST004,UPI
S000000097,2026-06-01,C16206,P0004,Men T-Shirt,Fashion,2,2454,5,4662.6,Delhi,Delhi,ST001,Net Banking
S000000098,2026-06-01,C31036,P0002,Samsung TV,Electronics,4,43586,10,156909.6,Lucknow,Uttar Pradesh,ST010,Credit Card
S000000099,2026-06-01,C10997,P0010,Cricket Bat,Sports,2,5396,0,10792.0,Lucknow,Uttar Pradesh,ST010,UPI
S000000100,2026-06-01,C37925,P0001,iPhone 16,Electronics,4,61990,5,235562.0,Chennai,Tamil Nadu,ST005,Net Banking
S000000101,2026-06-01,C04981,P0010,Cricket Bat,Sports,3,14231,20,34154.4,Hyderabad,Telangana,ST004,UPI
S000000102,2026-06-01,C07934,P0010,Cricket Bat,Sports,5,7318,10,32931.0,Delhi,Delhi,ST001,Debit Card
S000000103,2026-06-01,C04520,P0009,Office Chair,Home,4,8531,0,34124.0,Pune,Maharashtra,ST006,UPI
S000000104,2026-06-01,C28412,P0006,Rice Bag,Grocery,4,110,20,352.0,Ahmedabad,Gujarat,ST008,Credit Card
S000000105,2026-06-01,C42629,P0005,Women's Jeans,Fashion,4,4308,15,14647.2,Lucknow,Uttar Pradesh,ST010,Net Banking
S000000106,2026-06-01,C47909,P0010,Cricket Bat,Sports,2,13910,0,27820.0,Chennai,Tamil Nadu,ST005,Debit Card
S000000107,2026-06-01,C18280,P0008,Dining Table,Home,5,6709,10,30190.5,Hyderabad,Telangana,ST004,Cash
S000000108,2026-06-01,C01881,P0008,Dining Table,Home,4,3975,10,14310.0,Pune,Maharashtra,ST006,Credit Card
S000000109,2026-06-01,C16932,P0006,Rice Bag,Grocery,3,304,0,912.0,Chennai,Tamil Nadu,ST005,Net Banking
S000000110,2026-06-01,C33858,P0004,Men T-Shirt,Fashion,4,4502,20,14406.4,Mumbai,Maharashtra,ST002,Credit Card
S000000111,2026-06-01,C49688,P0004,Men T-Shirt,Fashion,4,641,0,2564.0,Ahmedabad,Gujarat,ST008,Cash
S000000112,2026-06-01,C19284,P0004,Men T-Shirt,Fashion,3,3523,15,8983.65,Kolkata,West Bengal,ST007,Credit Card
S000000113,2026-06-01,C36273,P0009,Office Chair,Home,5,5919,10,26635.5,Pune,Maharashtra,ST006,Cash
S000000114,2026-06-01,C46063,P0008,Dining Table,Home,3,4277,0,12831.0,Chennai,Tamil Nadu,ST005,Debit Card
S000000115,2026-06-01,C47271,P0004,Men T-Shirt,Fashion,5,2016,5,9576.0,Pune,Maharashtra,ST006,UPI
S000000116,2026-06-01,C14181,P0008,Dining Table,Home,5,5136,0,25680.0,Chennai,Tamil Nadu,ST005,Net Banking
S000000117,2026-06-01,C12722,P0005,Women's Jeans,Fashion,2,2976,0,5952.0,Hyderabad,Telangana,ST004,Debit Card
S000000118,2026-06-01,C46401,P0009,Office Chair,Home,1,1393,20,1114.4,Bengaluru,Karnataka,ST003,Debit Card
S000000119,2026-06-01,C19146,P0003,Laptop,Electronics,1,85243,10,76718.7,Ahmedabad,Gujarat,ST008,UPI
S000000120,2026-06-01,C30763,P0008,Dining Table,Home,2,1341,10,2413.8,Ahmedabad,Gujarat,ST008,Debit Card
S000000121,2026-06-01,C31309,P0002,Samsung TV,Electronics,4,19710,20,63072.0,Mumbai,Maharashtra,ST002,Cash
S000000122,2026-06-01,C41252,P0001,iPhone 16,Electronics,5,49824,0,249120.0,Bengaluru,Karnataka,ST003,Credit Card
S000000123,2026-06-01,C16266,P0002,Samsung TV,Electronics,5,88135,20,352540.0,Jaipur,Rajasthan,ST009,Cash
S000000124,2026-06-01,C14791,P0009,Office Chair,Home,4,5371,20,17187.2,Kolkata,West Bengal,ST007,Cash
S000000125,2026-06-01,C28104,P0005,Women's Jeans,Fashion,1,1312,5,1246.4,Lucknow,Uttar Pradesh,ST010,Net Banking
S000000126,2026-06-01,C40994,P0004,Men T-Shirt,Fashion,2,2464,5,4681.6,Chennai,Tamil Nadu,ST005,UPI
S000000127,2026-06-01,C36176,P0002,Samsung TV,Electronics,4,69048,20,220953.6,Bengaluru,Karnataka,ST003,UPI
S000000128,2026-06-01,C30797,P0005,Women's Jeans,Fashion,3,2816,15,7180.8,Delhi,Delhi,ST001,Credit Card
S000000129,2026-06-01,C04665,P0004,Men T-Shirt,Fashion,2,3982,0,7964.0,Chennai,Tamil Nadu,ST005,Net Banking
S000000130,2026-06-01,C35689,P0004,Men T-Shirt,Fashion,2,1084,0,2168.0,Bengaluru,Karnataka,ST003,Debit Card
S000000131,2026-06-01,C10874,P0005,Women's Jeans,Fashion,3,4097,0,12291.0,Lucknow,Uttar Pradesh,ST010,Net Banking
S000000132,2026-06-01,C30717,P0005,Women's Jeans,Fashion,5,4923,15,20922.75,Kolkata,West Bengal,ST007,Debit Card
S000000133,2026-06-01,C28689,P0002,Samsung TV,Electronics,4,52247,20,167190.4,Lucknow,Uttar Pradesh,ST010,UPI
S000000134,2026-06-01,C16409,P0001,iPhone 16,Electronics,5,86955,0,434775.0,Mumbai,Maharashtra,ST002,Credit Card
S000000135,2026-06-01,C44059,P0005,Women's Jeans,Fashion,2,4354,20,6966.4,Lucknow,Uttar Pradesh,ST010,UPI
S000000136,2026-06-01,C42698,P0008,Dining Table,Home,5,7641,15,32474.25,Chennai,Tamil Nadu,ST005,Credit Card
S000000137,2026-06-01,C05980,P0008,Dining Table,Home,3,5760,0,17280.0,Pune,Maharashtra,ST006,Cash
S000000138,2026-06-01,C10540,P0006,Rice Bag,Grocery,3,359,15,915.45,Kolkata,West Bengal,ST007,Cash
S000000139,2026-06-01,C49841,P0009,Office Chair,Home,1,5653,10,5087.7,Delhi,Delhi,ST001,Cash
S000000140,2026-06-01,C21187,P0002,Samsung TV,Electronics,1,81118,15,68950.3,Kolkata,West Bengal,ST007,Net Banking
S000000141,2026-06-01,C27083,P0001,iPhone 16,Electronics,3,75338,15,192111.9,Hyderabad,Telangana,ST004,Net Banking
S000000142,2026-06-01,C49807,P0001,iPhone 16,Electronics,5,27172,10,122274.0,Hyderabad,Telangana,ST004,Debit Card
S000000143,2026-06-01,C28713,P0008,Dining Table,Home,5,4420,5,20995.0,Mumbai,Maharashtra,ST002,UPI
S000000144,2026-06-01,C20366,P0009,Office Chair,Home,4,2027,5,7702.6,Delhi,Delhi,ST001,Net Banking
S000000145,2026-06-01,C07436,P0008,Dining Table,Home,4,5281,20,16899.2,Mumbai,Maharashtra,ST002,Credit Card
S000000146,2026-06-01,C46230,P0005,Women's Jeans,Fashion,4,2496,15,8486.4,Kolkata,West Bengal,ST007,Cash
S000000147,2026-06-01,C36128,P0003,Laptop,Electronics,5,76616,5,363926.0,Kolkata,West Bengal,ST007,Credit Card
S000000148,2026-06-01,C04576,P0005,Women's Jeans,Fashion,5,2688,0,13440.0,Kolkata,West Bengal,ST007,Debit Card
S000000149,2026-06-01,C18537,P0005,Women's Jeans,Fashion,4,1717,15,5837.8,Lucknow,Uttar Pradesh,ST010,Net Banking
S000000150,2026-06-01,C35297,P0008,Dining Table,Home,5,9403,15,39962.75,Pune,Maharashtra,ST006,Debit Card
S000000151,2026-06-01,C29842,P0006,Rice Bag,Grocery,5,216,5,1026.0,Hyderabad,Telangana,ST004,Credit Card
S000000152,2026-06-01,C26921,P0001,iPhone 16,Electronics,4,60604,5,230295.2,Pune,Maharashtra,ST006,Cash
S000000153,2026-06-01,C32462,P0001,iPhone 16,Electronics,5,53515,0,267575.0,Bengaluru,Karnataka,ST003,Net Banking
S000000154,2026-06-01,C28856,P0002,Samsung TV,Electronics,1,28894,15,24559.9,Jaipur,Rajasthan,ST009,Cash
S000000155,2026-06-01,C42912,P0003,Laptop,Electronics,3,54375,20,130500.0,Mumbai,Maharashtra,ST002,Cash
S000000156,2026-06-01,C45398,P0007,Milk,Grocery,5,214,10,963.0,Mumbai,Maharashtra,ST002,Debit Card
S000000157,2026-06-01,C41078,P0008,Dining Table,Home,5,1621,5,7699.75,Jaipur,Rajasthan,ST009,UPI
S000000158,2026-06-01,C41364,P0005,Women's Jeans,Fashion,4,1306,0,5224.0,Hyderabad,Telangana,ST004,UPI
S000000159,2026-06-01,C29077,P0003,Laptop,Electronics,1,52516,0,52516.0,Chennai,Tamil Nadu,ST005,UPI
S000000160,2026-06-01,C19227,P0006,Rice Bag,Grocery,2,145,20,232.0,Pune,Maharashtra,ST006,Cash
S000000161,2026-06-01,C27005,P0010,Cricket Bat,Sports,2,1593,20,2548.8,Bengaluru,Karnataka,ST003,Credit Card
S000000162,2026-06-01,C25071,P0010,Cricket Bat,Sports,5,2644,5,12559.0,Hyderabad,Telangana,ST004,Cash
S000000163,2026-06-01,C30222,P0005,Women's Jeans,Fashion,1,4311,10,3879.9,Ahmedabad,Gujarat,ST008,Debit Card
S000000164,2026-06-01,C44408,P0009,Office Chair,Home,4,6161,20,19715.2,Bengaluru,Karnataka,ST003,UPI
S000000165,2026-06-01,C19606,P0007,Milk,Grocery,3,121,15,308.55,Chennai,Tamil Nadu,ST005,Cash
S000000166,2026-06-01,C31668,P0002,Samsung TV,Electronics,5,57049,20,228196.0,Hyderabad,Telangana,ST004,Cash
S000000167,2026-06-01,C19391,P0005,Women's Jeans,Fashion,3,566,20,1358.4,Delhi,Delhi,ST001,Cash
S000000168,2026-06-01,C44945,P0001,iPhone 16,Electronics,3,40162,20,96388.8,Lucknow,Uttar Pradesh,ST010,Cash
S000000169,2026-06-01,C23090,P0004,Men T-Shirt,Fashion,3,1620,0,4860.0,Hyderabad,Telangana,ST004,Net Banking
S000000170,2026-06-01,C41122,P0001,iPhone 16,Electronics,1,85965,10,77368.5,Chennai,Tamil Nadu,ST005,Cash
S000000171,2026-06-01,C47996,P0003,Laptop,Electronics,3,64460,5,183711.0,Mumbai,Maharashtra,ST002,Debit Card
S000000172,2026-06-01,C13160,P0003,Laptop,Electronics,5,75771,10,340969.5,Jaipur,Rajasthan,ST009,Debit Card
S000000173,2026-06-01,C10784,P0005,Women's Jeans,Fashion,3,1443,15,3679.65,Ahmedabad,Gujarat,ST008,Debit Card
S000000174,2026-06-01,C04935,P0003,Laptop,Electronics,5,57942,0,289710.0,Hyderabad,Telangana,ST004,Cash
S000000175,2026-06-01,C25859,P0001,iPhone 16,Electronics,1,69609,10,62648.1,Chennai,Tamil Nadu,ST005,Net Banking
S000000176,2026-06-01,C44095,P0005,Women's Jeans,Fashion,3,1387,5,3952.95,Lucknow,Uttar Pradesh,ST010,Cash
S000000177,2026-06-01,C30899,P0001,iPhone 16,Electronics,3,89964,5,256397.4,Lucknow,Uttar Pradesh,ST010,Net Banking
S000000178,2026-06-01,C42445,P0002,Samsung TV,Electronics,4,25292,5,96109.6,Ahmedabad,Gujarat,ST008,Debit Card
S000000179,2026-06-01,C02972,P0001,iPhone 16,Electronics,1,22739,5,21602.05,Chennai,Tamil Nadu,ST005,Cash
S000000180,2026-06-01,C35229,P0003,Laptop,Electronics,3,80804,15,206050.2,Kolkata,West Bengal,ST007,Cash
S000000181,2026-06-01,C38492,P0003,Laptop,Electronics,4,63492,10,228571.2,Kolkata,West Bengal,ST007,UPI
S000000182,2026-06-01,C02145,P0006,Rice Bag,Grocery,4,140,10,504.0,Hyderabad,Telangana,ST004,Cash
S000000183,2026-06-01,C06512,P0006,Rice Bag,Grocery,1,223,10,200.7,Jaipur,Rajasthan,ST009,Debit Card
S000000184,2026-06-01,C12440,P0002,Samsung TV,Electronics,2,88269,0,176538.0,Ahmedabad,Gujarat,ST008,UPI
S000000185,2026-06-01,C03315,P0006,Rice Bag,Grocery,5,125,0,625.0,Hyderabad,Telangana,ST004,Credit Card
S000000186,2026-06-01,C36321,P0004,Men T-Shirt,Fashion,2,3191,5,6062.9,Lucknow,Uttar Pradesh,ST010,Credit Card
S000000187,2026-06-01,C39059,P0001,iPhone 16,Electronics,2,80807,10,145452.6,Chennai,Tamil Nadu,ST005,Credit Card
S000000188,2026-06-01,C11436,P0002,Samsung TV,Electronics,1,56955,5,54107.25,Delhi,Delhi,ST001,Credit Card
S000000189,2026-06-01,C38592,P0006,Rice Bag,Grocery,3,46,5,131.1,Delhi,Delhi,ST001,Credit Card
S000000190,2026-06-01,C48610,P0007,Milk,Grocery,1,263,15,223.55,Jaipur,Rajasthan,ST009,UPI
S000000191,2026-06-01,C23727,P0009,Office Chair,Home,4,8754,5,33265.2,Lucknow,Uttar Pradesh,ST010,UPI
S000000192,2026-06-01,C40312,P0001,iPhone 16,Electronics,4,14082,0,56328.0,Jaipur,Rajasthan,ST009,Debit Card
S000000193,2026-06-01,C31391,P0007,Milk,Grocery,4,384,15,1305.6,Kolkata,West Bengal,ST007,UPI
S000000194,2026-06-01,C04817,P0002,Samsung TV,Electronics,2,18609,5,35357.1,Pune,Maharashtra,ST006,Net Banking
S000000195,2026-06-01,C18024,P0010,Cricket Bat,Sports,3,6540,20,15696.0,Lucknow,Uttar Pradesh,ST010,Net Banking
S000000196,2026-06-01,C34771,P0005,Women's Jeans,Fashion,5,4024,0,20120.0,Ahmedabad,Gujarat,ST008,Net Banking
S000000197,2026-06-01,C45992,P0002,Samsung TV,Electronics,4,69186,5,262906.8,Jaipur,Rajasthan,ST009,Credit Card
S000000198,2026-06-01,C27120,P0006,Rice Bag,Grocery,4,393,0,1572.0,Ahmedabad,Gujarat,ST008,Cash
S000000199,2026-06-01,C20484,P0007,Milk,Grocery,3,98,15,249.9,Pune,Maharashtra,ST006,Debit Card
S000000200,2026-06-01,C04400,P0002,Samsung TV,Electronics,4,22656,10,81561.6,Mumbai,Maharashtra,ST002,UPI
S000000201,2026-06-01,C08528,P0009,Office Chair,Home,5,9702,10,43659.0,Delhi,Delhi,ST001,Net Banking
S000000202,2026-06-01,C43910,P0002,Samsung TV,Electronics,4,16743,10,60274.8,Kolkata,West Bengal,ST007,Debit Card
S000000203,2026-06-01,C39349,P0005,Women's Jeans,Fashion,5,4656,5,22116.0,Pune,Maharashtra,ST006,UPI
S000000204,2026-06-01,C10141,P0008,Dining Table,Home,3,9613,10,25955.1,Hyderabad,Telangana,ST004,UPI
S000000205,2026-06-01,C07530,P0005,Women's Jeans,Fashion,4,715,20,2288.0,Lucknow,Uttar Pradesh,ST010,Credit Card
S000000206,2026-06-01,C43112,P0005,Women's Jeans,Fashion,3,3031,10,8183.7,Delhi,Delhi,ST001,Credit Card
S000000207,2026-06-01,C23005,P0001,iPhone 16,Electronics,5,62531,0,312655.0,Bengaluru,Karnataka,ST003,Credit Card
S000000208,2026-06-01,C09298,P0001,iPhone 16,Electronics,2,59308,15,100823.6,Mumbai,Maharashtra,ST002,Net Banking
S000000209,2026-06-01,C29731,P0006,Rice Bag,Grocery,3,389,10,1050.3,Bengaluru,Karnataka,ST003,Debit Card
S000000210,2026-06-01,C37198,P0010,Cricket Bat,Sports,2,2879,20,4606.4,Mumbai,Maharashtra,ST002,UPI
S000000211,2026-06-01,C03262,P0002,Samsung TV,Electronics,4,73656,20,235699.2,Chennai,Tamil Nadu,ST005,Cash
S000000212,2026-06-01,C28970,P0007,Milk,Grocery,5,78,10,351.0,Chennai,Tamil Nadu,ST005,Credit Card
S000000213,2026-06-01,C28175,P0002,Samsung TV,Electronics,4,79066,10,284637.6,Chennai,Tamil Nadu,ST005,Net Banking
S000000214,2026-06-01,C02977,P0004,Men T-Shirt,Fashion,1,562,5,533.9,Kolkata,West Bengal,ST007,Net Banking
S000000215,2026-06-01,C19754,P0004,Men T-Shirt,Fashion,3,3187,0,9561.0,Bengaluru,Karnataka,ST003,Debit Card
S000000216,2026-06-01,C00507,P0008,Dining Table,Home,2,6729,20,10766.4,Kolkata,West Bengal,ST007,Credit Card
S000000217,2026-06-01,C46116,P0004,Men T-Shirt,Fashion,3,1090,15,2779.5,Jaipur,Rajasthan,ST009,Net Banking
S000000218,2026-06-01,C48631,P0001,iPhone 16,Electronics,4,20205,10,72738.0,Kolkata,West Bengal,ST007,UPI
S000000219,2026-06-01,C37733,P0007,Milk,Grocery,4,168,0,672.0,Lucknow,Uttar Pradesh,ST010,Cash
S000000220,2026-06-01,C26545,P0001,iPhone 16,Electronics,5,70305,10,316372.5,Pune,Maharashtra,ST006,Credit Card
S000000221,2026-06-01,C05776,P0007,Milk,Grocery,4,321,15,1091.4,Mumbai,Maharashtra,ST002,Credit Card
S000000222,2026-06-01,C34339,P0002,Samsung TV,Electronics,3,39041,10,105410.7,Kolkata,West Bengal,ST007,Debit Card
S000000223,2026-06-01,C11019,P0002,Samsung TV,Electronics,5,76840,5,364990.0,Jaipur,Rajasthan,ST009,UPI
S000000224,2026-06-01,C22897,P0006,Rice Bag,Grocery,1,94,10,84.6,Bengaluru,Karnataka,ST003,Credit Card
S000000225,2026-06-01,C12929,P0003,Laptop,Electronics,1,33218,15,28235.3,Lucknow,Uttar Pradesh,ST010,Credit Card
S000000226,2026-06-01,C30406,P0010,Cricket Bat,Sports,5,10834,20,43336.0,Lucknow,Uttar Pradesh,ST010,Cash
S000000227,2026-06-01,C21182,P0006,Rice Bag,Grocery,1,260,15,221.0,Bengaluru,Karnataka,ST003,Cash
S000000228,2026-06-01,C41379,P0005,Women's Jeans,Fashion,1,3383,20,2706.4,Chennai,Tamil Nadu,ST005,Net Banking
S000000229,2026-06-01,C04863,P0005,Women's Jeans,Fashion,1,966,10,869.4,Ahmedabad,Gujarat,ST008,Cash
S000000230,2026-06-01,C18814,P0002,Samsung TV,Electronics,5,76462,15,324963.5,Mumbai,Maharashtra,ST002,Net Banking
S000000231,2026-06-01,C30325,P0010,Cricket Bat,Sports,4,13568,20,43417.6,Jaipur,Rajasthan,ST009,UPI
S000000232,2026-06-01,C42719,P0004,Men T-Shirt,Fashion,4,4607,5,17506.6,Pune,Maharashtra,ST006,Net Banking
S000000233,2026-06-01,C04055,P0008,Dining Table,Home,1,8766,5,8327.7,Mumbai,Maharashtra,ST002,Debit Card
S000000234,2026-06-01,C02566,P0004,Men T-Shirt,Fashion,5,4782,20,19128.0,Ahmedabad,Gujarat,ST008,Cash
S000000235,2026-06-01,C10404,P0006,Rice Bag,Grocery,4,229,10,824.4,Pune,Maharashtra,ST006,Debit Card
S000000236,2026-06-01,C44493,P0010,Cricket Bat,Sports,1,5701,0,5701.0,Delhi,Delhi,ST001,Debit Card
S000000237,2026-06-01,C36567,P0007,Milk,Grocery,5,467,5,2218.25,Chennai,Tamil Nadu,ST005,Debit Card
S000000238,2026-06-01,C21848,P0002,Samsung TV,Electronics,3,50662,15,129188.1,Lucknow,Uttar Pradesh,ST010,Credit Card
S000000239,2026-06-01,C08451,P0010,Cricket Bat,Sports,5,6471,10,29119.5,Mumbai,Maharashtra,ST002,Debit Card
S000000240,2026-06-01,C08376,P0009,Office Chair,Home,5,6428,0,32140.0,Mumbai,Maharashtra,ST002,Cash
S000000241,2026-06-01,C23764,P0005,Women's Jeans,Fashion,3,4483,5,12776.55,Bengaluru,Karnataka,ST003,Credit Card
S000000242,2026-06-01,C14847,P0003,Laptop,Electronics,3,23256,20,55814.4,Bengaluru,Karnataka,ST003,UPI
S000000243,2026-06-01,C35375,P0009,Office Chair,Home,5,2647,20,10588.0,Delhi,Delhi,ST001,Debit Card
S000000244,2026-06-01,C24689,P0003,Laptop,Electronics,5,31697,15,134712.25,Bengaluru,Karnataka,ST003,Credit Card
S000000245,2026-06-01,C02864,P0007,Milk,Grocery,4,332,10,1195.2,Pune,Maharashtra,ST006,Credit Card
S000000246,2026-06-01,C49309,P0008,Dining Table,Home,2,5570,15,9469.0,Hyderabad,Telangana,ST004,Net Banking
S000000247,2026-06-01,C12716,P0006,Rice Bag,Grocery,4,413,10,1486.8,Lucknow,Uttar Pradesh,ST010,Cash
S000000248,2026-06-01,C25027,P0009,Office Chair,Home,2,3771,20,6033.6,Jaipur,Rajasthan,ST009,Cash
S000000249,2026-06-01,C09071,P0005,Women's Jeans,Fashion,3,1340,20,3216.0,Delhi,Delhi,ST001,Cash
S000000250,2026-06-01,C08171,P0005,Women's Jeans,Fashion,3,4180,20,10032.0,Mumbai,Maharashtra,ST002,Credit Card
S000000251,2026-06-01,C09657,P0007,Milk,Grocery,4,472,10,1699.2,Mumbai,Maharashtra,ST002,Credit Card
S000000252,2026-06-01,C01748,P0007,Milk,Grocery,5,211,5,1002.25,Delhi,Delhi,ST001,Cash
S000000253,2026-06-01,C25308,P0002,Samsung TV,Electronics,1,51770,0,51770.0,Pune,Maharashtra,ST006,Credit Card
S000000254,2026-06-01,C46839,P0006,Rice Bag,Grocery,1,166,15,141.1,Bengaluru,Karnataka,ST003,Credit Card
S000000255,2026-06-01,C45618,P0003,Laptop,Electronics,5,10688,0,53440.0,Ahmedabad,Gujarat,ST008,Cash
S000000256,2026-06-01,C01246,P0005,Women's Jeans,Fashion,5,4823,15,20497.75,Hyderabad,Telangana,ST004,Credit Card
S000000257,2026-06-01,C07287,P0005,Women's Jeans,Fashion,1,891,5,846.45,Hyderabad,Telangana,ST004,Debit Card
S000000258,2026-06-01,C27514,P0010,Cricket Bat,Sports,1,14008,15,11906.8,Ahmedabad,Gujarat,ST008,UPI
S000000259,2026-06-01,C39108,P0009,Office Chair,Home,5,4463,5,21199.25,Delhi,Delhi,ST001,Net Banking
S000000260,2026-06-01,C19089,P0007,Milk,Grocery,3,143,20,343.2,Delhi,Delhi,ST001,Net Banking
S000000261,2026-06-01,C27301,P0003,Laptop,Electronics,3,18870,20,45288.0,Mumbai,Maharashtra,ST002,Net Banking
S000000262,2026-06-01,C35657,P0009,Office Chair,Home,1,6897,15,5862.45,Jaipur,Rajasthan,ST009,Net Banking
S000000263,2026-06-01,C02854,P0007,Milk,Grocery,1,202,0,202.0,Pune,Maharashtra,ST006,Debit Card
S000000264,2026-06-01,C22597,P0004,Men T-Shirt,Fashion,3,1592,0,4776.0,Mumbai,Maharashtra,ST002,Net Banking
S000000265,2026-06-01,C23089,P0009,Office Chair,Home,4,8340,5,31692.0,Pune,Maharashtra,ST006,Credit Card
S000000266,2026-06-01,C08838,P0002,Samsung TV,Electronics,3,36422,0,109266.0,Ahmedabad,Gujarat,ST008,UPI
S000000267,2026-06-01,C13073,P0001,iPhone 16,Electronics,5,62196,20,248784.0,Pune,Maharashtra,ST006,Debit Card
S000000268,2026-06-01,C31025,P0005,Women's Jeans,Fashion,3,3424,0,10272.0,Delhi,Delhi,ST001,Credit Card
S000000269,2026-06-01,C42975,P0006,Rice Bag,Grocery,3,243,15,619.65,Chennai,Tamil Nadu,ST005,UPI
S000000270,2026-06-01,C48714,P0008,Dining Table,Home,2,8629,15,14669.3,Kolkata,West Bengal,ST007,Debit Card
S000000271,2026-06-01,C24075,P0009,Office Chair,Home,4,1793,15,6096.2,Chennai,Tamil Nadu,ST005,UPI
S000000272,2026-06-01,C39483,P0003,Laptop,Electronics,3,23447,0,70341.0,Jaipur,Rajasthan,ST009,Debit Card
S000000273,2026-06-01,C21491,P0005,Women's Jeans,Fashion,5,3990,5,18952.5,Chennai,Tamil Nadu,ST005,Cash
S000000274,2026-06-01,C45205,P0008,Dining Table,Home,1,6276,20,5020.8,Pune,Maharashtra,ST006,Cash
S000000275,2026-06-01,C28505,P0005,Women's Jeans,Fashion,4,3476,20,11123.2,Delhi,Delhi,ST001,UPI
S000000276,2026-06-01,C49146,P0003,Laptop,Electronics,5,67432,0,337160.0,Delhi,Delhi,ST001,Credit Card
S000000277,2026-06-01,C08273,P0002,Samsung TV,Electronics,3,60181,20,144434.4,Hyderabad,Telangana,ST004,Debit Card
S000000278,2026-06-01,C02123,P0010,Cricket Bat,Sports,3,6395,15,16307.25,Bengaluru,Karnataka,ST003,Cash
S000000279,2026-06-01,C05039,P0010,Cricket Bat,Sports,3,6821,10,18416.7,Bengaluru,Karnataka,ST003,Net Banking
S000000280,2026-06-01,C42570,P0005,Women's Jeans,Fashion,1,2024,15,1720.4,Hyderabad,Telangana,ST004,UPI
S000000281,2026-06-01,C33931,P0007,Milk,Grocery,3,416,10,1123.2,Jaipur,Rajasthan,ST009,UPI
S000000282,2026-06-01,C46140,P0008,Dining Table,Home,3,8547,5,24358.95,Hyderabad,Telangana,ST004,Net Banking
S000000283,2026-06-01,C08038,P0003,Laptop,Electronics,2,68341,0,136682.0,Mumbai,Maharashtra,ST002,Cash
S000000284,2026-06-01,C44691,P0006,Rice Bag,Grocery,5,297,10,1336.5,Pune,Maharashtra,ST006,UPI
S000000285,2026-06-01,C19658,P0003,Laptop,Electronics,5,39391,0,196955.0,Bengaluru,Karnataka,ST003,Debit Card
S000000286,2026-06-01,C13172,P0003,Laptop,Electronics,1,57303,20,45842.4,Hyderabad,Telangana,ST004,Cash
S000000287,2026-06-01,C37505,P0006,Rice Bag,Grocery,2,333,0,666.0,Ahmedabad,Gujarat,ST008,Net Banking
S000000288,2026-06-01,C04309,P0005,Women's Jeans,Fashion,5,3865,15,16426.25,Kolkata,West Bengal,ST007,Cash
S000000289,2026-06-01,C37677,P0002,Samsung TV,Electronics,1,68979,15,58632.15,Bengaluru,Karnataka,ST003,Debit Card
S000000290,2026-06-01,C44572,P0009,Office Chair,Home,5,3481,5,16534.75,Pune,Maharashtra,ST006,Credit Card
S000000291,2026-06-01,C28353,P0009,Office Chair,Home,5,3007,10,13531.5,Delhi,Delhi,ST001,UPI
S000000292,2026-06-01,C10791,P0003,Laptop,Electronics,3,78012,10,210632.4,Pune,Maharashtra,ST006,Credit Card
S000000293,2026-06-01,C05169,P0005,Women's Jeans,Fashion,3,1525,10,4117.5,Hyderabad,Telangana,ST004,Net Banking
S000000294,2026-06-01,C40268,P0009,Office Chair,Home,2,3026,5,5749.4,Mumbai,Maharashtra,ST002,Net Banking
S000000295,2026-06-01,C43171,P0010,Cricket Bat,Sports,5,974,0,4870.0,Lucknow,Uttar Pradesh,ST010,Debit Card
S000000296,2026-06-01,C05324,P0001,iPhone 16,Electronics,2,84991,15,144484.7,Lucknow,Uttar Pradesh,ST010,Debit Card
S000000297,2026-06-01,C40509,P0001,iPhone 16,Electronics,3,49596,15,126469.8,Ahmedabad,Gujarat,ST008,Net Banking
S000000298,2026-06-01,C16049,P0007,Milk,Grocery,1,372,0,372.0,Chennai,Tamil Nadu,ST005,Cash
S000000299,2026-06-01,C10360,P0008,Dining Table,Home,4,3842,10,13831.2,Kolkata,West Bengal,ST007,Cash
S000000300,2026-06-01,C39759,P0003,Laptop,Electronics,3,62260,5,177441.0,Pune,Maharashtra,ST006,Debit Card
S000000301,2026-06-01,C49851,P0006,Rice Bag,Grocery,1,183,5,173.85,Jaipur,Rajasthan,ST009,Net Banking
S000000302,2026-06-01,C30571,P0002,Samsung TV,Electronics,2,28465,0,56930.0,Chennai,Tamil Nadu,ST005,Cash
S000000303,2026-06-01,C03317,P0005,Women's Jeans,Fashion,4,2533,5,9625.4,Kolkata,West Bengal,ST007,Net Banking
S000000304,2026-06-01,C21459,P0010,Cricket Bat,Sports,2,8463,20,13540.8,Pune,Maharashtra,ST006,Credit Card
S000000305,2026-06-01,C30594,P0008,Dining Table,Home,1,1975,15,1678.75,Chennai,Tamil Nadu,ST005,Cash
S000000306,2026-06-01,C33125,P0008,Dining Table,Home,5,6281,0,31405.0,Hyderabad,Telangana,ST004,Credit Card
S000000307,2026-06-01,C03313,P0005,Women's Jeans,Fashion,4,2840,20,9088.0,Ahmedabad,Gujarat,ST008,Net Banking
S000000308,2026-06-01,C00536,P0002,Samsung TV,Electronics,3,57943,15,147754.65,Kolkata,West Bengal,ST007,Credit Card
S000000309,2026-06-01,C23983,P0001,iPhone 16,Electronics,5,83638,5,397280.5,Kolkata,West Bengal,ST007,UPI
S000000310,2026-06-01,C23759,P0009,Office Chair,Home,4,8761,15,29787.4,Chennai,Tamil Nadu,ST005,UPI
S000000311,2026-06-01,C36036,P0005,Women's Jeans,Fashion,1,1554,0,1554.0,Lucknow,Uttar Pradesh,ST010,Net Banking
S000000312,2026-06-01,C25815,P0006,Rice Bag,Grocery,3,406,5,1157.1,Pune,Maharashtra,ST006,Net Banking
S000000313,2026-06-01,C13046,P0010,Cricket Bat,Sports,5,959,0,4795.0,Jaipur,Rajasthan,ST009,Cash
S000000314,2026-06-01,C02551,P0003,Laptop,Electronics,5,69898,5,332015.5,Pune,Maharashtra,ST006,Cash
S000000315,2026-06-01,C39732,P0009,Office Chair,Home,5,5718,5,27160.5,Bengaluru,Karnataka,ST003,Debit Card
S000000316,2026-06-01,C25753,P0010,Cricket Bat,Sports,3,8611,20,20666.4,Chennai,Tamil Nadu,ST005,Net Banking
S000000317,2026-06-01,C34888,P0008,Dining Table,Home,4,772,10,2779.2,Lucknow,Uttar Pradesh,ST010,Debit Card
S000000318,2026-06-01,C21709,P0002,Samsung TV,Electronics,3,13492,20,32380.8,Kolkata,West Bengal,ST007,Net Banking
S000000319,2026-06-01,C31103,P0005,Women's Jeans,Fashion,2,920,20,1472.0,Lucknow,Uttar Pradesh,ST010,Net Banking
S000000320,2026-06-01,C31487,P0003,Laptop,Electronics,4,29369,5,111602.2,Jaipur,Rajasthan,ST009,Net Banking
S000000321,2026-06-01,C02070,P0010,Cricket Bat,Sports,1,7525,10,6772.5,Mumbai,Maharashtra,ST002,Credit Card
S000000322,2026-06-01,C27446,P0003,Laptop,Electronics,4,75774,20,242476.8,Kolkata,West Bengal,ST007,Credit Card
S000000323,2026-06-01,C30908,P0001,iPhone 16,Electronics,2,83516,10,150328.8,Bengaluru,Karnataka,ST003,Net Banking
S000000324,2026-06-01,C43400,P0008,Dining Table,Home,3,3337,15,8509.35,Jaipur,Rajasthan,ST009,Cash
S000000325,2026-06-01,C34940,P0006,Rice Bag,Grocery,3,332,15,846.6,Jaipur,Rajasthan,ST009,Debit Card
S000000326,2026-06-01,C12601,P0004,Men T-Shirt,Fashion,3,2342,10,6323.4,Chennai,Tamil Nadu,ST005,Net Banking
S000000327,2026-06-01,C18941,P0004,Men T-Shirt,Fashion,4,3357,20,10742.4,Ahmedabad,Gujarat,ST008,Debit Card
S000000328,2026-06-01,C47295,P0005,Women's Jeans,Fashion,5,4949,15,21033.25,Chennai,Tamil Nadu,ST005,UPI
S000000329,2026-06-01,C25857,P0006,Rice Bag,Grocery,1,167,0,167.0,Bengaluru,Karnataka,ST003,Debit Card
S000000330,2026-06-01,C22700,P0008,Dining Table,Home,2,3810,20,6096.0,Chennai,Tamil Nadu,ST005,Cash
S000000331,2026-06-01,C17769,P0009,Office Chair,Home,1,4420,5,4199.0,Chennai,Tamil Nadu,ST005,Credit Card
S000000332,2026-06-01,C03327,P0009,Office Chair,Home,1,2141,15,1819.85,Hyderabad,Telangana,ST004,Credit Card
S000000333,2026-06-01,C21647,P0008,Dining Table,Home,1,9516,5,9040.2,Mumbai,Maharashtra,ST002,Credit Card
S000000334,2026-06-01,C26668,P0008,Dining Table,Home,3,5762,10,15557.4,Ahmedabad,Gujarat,ST008,Credit Card
S000000335,2026-06-01,C42330,P0001,iPhone 16,Electronics,2,80143,0,160286.0,Mumbai,Maharashtra,ST002,Net Banking
S000000336,2026-06-01,C11474,P0007,Milk,Grocery,4,423,15,1438.2,Bengaluru,Karnataka,ST003,UPI
S000000337,2026-06-01,C12211,P0005,Women's Jeans,Fashion,3,1379,10,3723.3,Delhi,Delhi,ST001,UPI
S000000338,2026-06-01,C18650,P0008,Dining Table,Home,4,2698,20,8633.6,Jaipur,Rajasthan,ST009,Net Banking
S000000339,2026-06-01,C30673,P0005,Women's Jeans,Fashion,3,1831,15,4669.05,Hyderabad,Telangana,ST004,UPI
S000000340,2026-06-01,C42487,P0005,Women's Jeans,Fashion,3,2916,20,6998.4,Bengaluru,Karnataka,ST003,UPI
S000000341,2026-06-01,C44198,P0004,Men T-Shirt,Fashion,4,4003,20,12809.6,Bengaluru,Karnataka,ST003,Net Banking
S000000342,2026-06-01,C21492,P0002,Samsung TV,Electronics,2,28430,15,48331.0,Kolkata,West Bengal,ST007,UPI
S000000343,2026-06-01,C21208,P0004,Men T-Shirt,Fashion,4,2429,15,8258.6,Delhi,Delhi,ST001,Debit Card
S000000344,2026-06-01,C49399,P0005,Women's Jeans,Fashion,5,593,10,2668.5,Pune,Maharashtra,ST006,Debit Card
S000000345,2026-06-01,C42840,P0006,Rice Bag,Grocery,1,258,10,232.2,Hyderabad,Telangana,ST004,UPI
S000000346,2026-06-01,C10468,P0007,Milk,Grocery,1,347,10,312.3,Jaipur,Rajasthan,ST009,Debit Card
S000000347,2026-06-01,C24088,P0010,Cricket Bat,Sports,2,8134,5,15454.6,Hyderabad,Telangana,ST004,Credit Card
S000000348,2026-06-01,C29818,P0010,Cricket Bat,Sports,5,8014,20,32056.0,Pune,Maharashtra,ST006,Cash
S000000349,2026-06-01,C43523,P0004,Men T-Shirt,Fashion,1,4804,15,4083.4,Hyderabad,Telangana,ST004,Net Banking
S000000350,2026-06-01,C34615,P0006,Rice Bag,Grocery,1,51,20,40.8,Mumbai,Maharashtra,ST002,Net Banking
S000000351,2026-06-01,C33128,P0004,Men T-Shirt,Fashion,2,1847,10,3324.6,Lucknow,Uttar Pradesh,ST010,Net Banking
S000000352,2026-06-01,C34102,P0008,Dining Table,Home,5,8508,0,42540.0,Mumbai,Maharashtra,ST002,Credit Card
S000000353,2026-06-01,C33448,P0008,Dining Table,Home,2,8909,15,15145.3,Delhi,Delhi,ST001,Cash
S000000354,2026-06-01,C29937,P0010,Cricket Bat,Sports,4,11322,10,40759.2,Delhi,Delhi,ST001,Net Banking
S000000355,2026-06-01,C47401,P0001,iPhone 16,Electronics,1,38560,20,30848.0,Kolkata,West Bengal,ST007,Debit Card
S000000356,2026-06-01,C04787,P0001,iPhone 16,Electronics,1,80931,0,80931.0,Kolkata,West Bengal,ST007,Debit Card
S000000357,2026-06-01,C04524,P0008,Dining Table,Home,4,3448,5,13102.4,Delhi,Delhi,ST001,Debit Card
S000000358,2026-06-01,C42043,P0007,Milk,Grocery,4,465,15,1581.0,Pune,Maharashtra,ST006,Cash
S000000359,2026-06-01,C24619,P0002,Samsung TV,Electronics,3,25549,5,72814.65,Jaipur,Rajasthan,ST009,Credit Card
S000000360,2026-06-01,C35210,P0007,Milk,Grocery,2,447,0,894.0,Jaipur,Rajasthan,ST009,Credit Card
S000000361,2026-06-01,C49557,P0001,iPhone 16,Electronics,5,65591,20,262364.0,Chennai,Tamil Nadu,ST005,Cash
S000000362,2026-06-01,C24857,P0004,Men T-Shirt,Fashion,3,1770,10,4779.0,Hyderabad,Telangana,ST004,Cash
S000000363,2026-06-01,C12353,P0002,Samsung TV,Electronics,5,12050,5,57237.5,Delhi,Delhi,ST001,Cash
S000000364,2026-06-01,C13506,P0002,Samsung TV,Electronics,1,68515,20,54812.0,Mumbai,Maharashtra,ST002,Net Banking
S000000365,2026-06-01,C44042,P0001,iPhone 16,Electronics,4,67535,5,256633.0,Hyderabad,Telangana,ST004,UPI
S000000366,2026-06-01,C35374,P0004,Men T-Shirt,Fashion,5,2869,5,13627.75,Delhi,Delhi,ST001,Credit Card
S000000367,2026-06-01,C47941,P0010,Cricket Bat,Sports,5,12957,10,58306.5,Pune,Maharashtra,ST006,Net Banking
S000000368,2026-06-01,C15526,P0005,Women's Jeans,Fashion,2,3887,10,6996.6,Bengaluru,Karnataka,ST003,Net Banking
S000000369,2026-06-01,C18033,P0001,iPhone 16,Electronics,2,65994,20,105590.4,Jaipur,Rajasthan,ST009,Net Banking
S000000370,2026-06-01,C32482,P0001,iPhone 16,Electronics,5,51777,15,220052.25,Pune,Maharashtra,ST006,Cash
S000000371,2026-06-01,C26756,P0003,Laptop,Electronics,2,80507,15,136861.9,Chennai,Tamil Nadu,ST005,Cash
S000000372,2026-06-01,C15793,P0004,Men T-Shirt,Fashion,4,972,20,3110.4,Chennai,Tamil Nadu,ST005,Credit Card
S000000373,2026-06-01,C27046,P0007,Milk,Grocery,2,218,5,414.2,Jaipur,Rajasthan,ST009,Net Banking
S000000374,2026-06-01,C16712,P0004,Men T-Shirt,Fashion,4,3539,0,14156.0,Pune,Maharashtra,ST006,UPI
S000000375,2026-06-01,C35104,P0004,Men T-Shirt,Fashion,4,823,0,3292.0,Delhi,Delhi,ST001,Debit Card
S000000376,2026-06-01,C12332,P0010,Cricket Bat,Sports,4,3722,10,13399.2,Jaipur,Rajasthan,ST009,Credit Card
S000000377,2026-06-01,C19870,P0001,iPhone 16,Electronics,1,72773,5,69134.35,Hyderabad,Telangana,ST004,Credit Card
S000000378,2026-06-01,C45589,P0010,Cricket Bat,Sports,2,9345,10,16821.0,Hyderabad,Telangana,ST004,Cash
S000000379,2026-06-01,C18551,P0007,Milk,Grocery,3,177,10,477.9,Ahmedabad,Gujarat,ST008,Net Banking
S000000380,2026-06-01,C23570,P0009,Office Chair,Home,1,8192,10,7372.8,Ahmedabad,Gujarat,ST008,Cash
S000000381,2026-06-01,C13313,P0006,Rice Bag,Grocery,1,308,5,292.6,Pune,Maharashtra,ST006,Cash
S000000382,2026-06-01,C48579,P0003,Laptop,Electronics,5,86550,20,346200.0,Delhi,Delhi,ST001,Debit Card
S000000383,2026-06-01,C47187,P0007,Milk,Grocery,2,188,5,357.2,Chennai,Tamil Nadu,ST005,Credit Card
S000000384,2026-06-01,C24894,P0010,Cricket Bat,Sports,5,11025,10,49612.5,Hyderabad,Telangana,ST004,Cash
S000000385,2026-06-01,C16865,P0008,Dining Table,Home,2,6270,5,11913.0,Ahmedabad,Gujarat,ST008,Cash
S000000386,2026-06-01,C09173,P0009,Office Chair,Home,5,1462,20,5848.0,Ahmedabad,Gujarat,ST008,Credit Card
S000000387,2026-06-01,C02217,P0002,Samsung TV,Electronics,4,28021,5,106479.8,Delhi,Delhi,ST001,UPI
S000000388,2026-06-01,C04455,P0003,Laptop,Electronics,5,69770,10,313965.0,Delhi,Delhi,ST001,Credit Card
S000000389,2026-06-01,C03962,P0010,Cricket Bat,Sports,4,557,0,2228.0,Lucknow,Uttar Pradesh,ST010,Cash
S000000390,2026-06-01,C34880,P0009,Office Chair,Home,1,9173,10,8255.7,Kolkata,West Bengal,ST007,UPI
S000000391,2026-06-01,C35111,P0005,Women's Jeans,Fashion,4,1968,0,7872.0,Delhi,Delhi,ST001,Net Banking
S000000392,2026-06-01,C06313,P0009,Office Chair,Home,2,9125,10,16425.0,Bengaluru,Karnataka,ST003,Credit Card
S000000393,2026-06-01,C23229,P0005,Women's Jeans,Fashion,3,3826,15,9756.3,Kolkata,West Bengal,ST007,UPI
S000000394,2026-06-01,C37028,P0004,Men T-Shirt,Fashion,1,759,0,759.0,Hyderabad,Telangana,ST004,Debit Card
S000000395,2026-06-01,C26561,P0007,Milk,Grocery,4,48,0,192.0,Kolkata,West Bengal,ST007,Net Banking
S000000396,2026-06-01,C46062,P0003,Laptop,Electronics,4,53420,20,170944.0,Mumbai,Maharashtra,ST002,Cash
S000000397,2026-06-01,C06250,P0009,Office Chair,Home,2,9786,15,16636.2,Delhi,Delhi,ST001,Credit Card
S000000398,2026-06-01,C17767,P0001,iPhone 16,Electronics,5,83860,0,419300.0,Mumbai,Maharashtra,ST002,Debit Card
S000000399,2026-06-01,C11755,P0006,Rice Bag,Grocery,5,93,15,395.25,Delhi,Delhi,ST001,Credit Card
S000000400,2026-06-01,C05043,P0005,Women's Jeans,Fashion,2,3687,20,5899.2,Bengaluru,Karnataka,ST003,Net Banking
S000000401,2026-06-01,C21741,P0007,Milk,Grocery,5,401,10,1804.5,Bengaluru,Karnataka,ST003,UPI
S000000402,2026-06-01,C03520,P0002,Samsung TV,Electronics,1,54642,20,43713.6,Kolkata,West Bengal,ST007,Credit Card
S000000403,2026-06-01,C40231,P0010,Cricket Bat,Sports,1,10689,10,9620.1,Kolkata,West Bengal,ST007,Debit Card
S000000404,2026-06-01,C29528,P0008,Dining Table,Home,5,6650,15,28262.5,Hyderabad,Telangana,ST004,Debit Card
S000000405,2026-06-01,C12173,P0010,Cricket Bat,Sports,5,5139,5,24410.25,Kolkata,West Bengal,ST007,UPI
S000000406,2026-06-01,C46735,P0002,Samsung TV,Electronics,2,59807,5,113633.3,Mumbai,Maharashtra,ST002,Debit Card
S000000407,2026-06-01,C48475,P0007,Milk,Grocery,1,66,0,66.0,Pune,Maharashtra,ST006,Debit Card
S000000408,2026-06-01,C20203,P0008,Dining Table,Home,1,2670,0,2670.0,Pune,Maharashtra,ST006,Debit Card
S000000409,2026-06-01,C12281,P0007,Milk,Grocery,5,282,15,1198.5,Ahmedabad,Gujarat,ST008,Net Banking
S000000410,2026-06-01,C06770,P0001,iPhone 16,Electronics,5,22198,20,88792.0,Mumbai,Maharashtra,ST002,Debit Card
S000000411,2026-06-01,C39194,P0006,Rice Bag,Grocery,3,231,15,589.05,Kolkata,West Bengal,ST007,UPI
S000000412,2026-06-01,C05551,P0009,Office Chair,Home,5,3278,15,13931.5,Hyderabad,Telangana,ST004,Net Banking
S000000413,2026-06-01,C11109,P0003,Laptop,Electronics,3,74634,5,212706.9,Chennai,Tamil Nadu,ST005,Debit Card
S000000414,2026-06-01,C04147,P0003,Laptop,Electronics,4,49289,15,167582.6,Kolkata,West Bengal,ST007,Debit Card
S000000415,2026-06-01,C05042,P0006,Rice Bag,Grocery,4,324,20,1036.8,Chennai,Tamil Nadu,ST005,Credit Card
S000000416,2026-06-01,C12816,P0008,Dining Table,Home,3,610,15,1555.5,Mumbai,Maharashtra,ST002,Credit Card
S000000417,2026-06-01,C21773,P0010,Cricket Bat,Sports,4,5784,15,19665.6,Kolkata,West Bengal,ST007,Debit Card
S000000418,2026-06-01,C42667,P0010,Cricket Bat,Sports,3,10183,5,29021.55,Bengaluru,Karnataka,ST003,Debit Card
S000000419,2026-06-01,C31393,P0006,Rice Bag,Grocery,3,169,15,430.95,Bengaluru,Karnataka,ST003,Cash
S000000420,2026-06-01,C37741,P0004,Men T-Shirt,Fashion,3,3718,10,10038.6,Pune,Maharashtra,ST006,Cash
S000000421,2026-06-01,C07464,P0010,Cricket Bat,Sports,5,3247,20,12988.0,Hyderabad,Telangana,ST004,Net Banking
S000000422,2026-06-01,C01764,P0008,Dining Table,Home,3,1633,15,4164.15,Hyderabad,Telangana,ST004,Cash
S000000423,2026-06-01,C44105,P0008,Dining Table,Home,2,4639,5,8814.1,Bengaluru,Karnataka,ST003,Debit Card
S000000424,2026-06-01,C46874,P0007,Milk,Grocery,4,326,15,1108.4,Kolkata,West Bengal,ST007,UPI
S000000425,2026-06-01,C38158,P0007,Milk,Grocery,4,298,0,1192.0,Jaipur,Rajasthan,ST009,Net Banking
S000000426,2026-06-01,C23563,P0009,Office Chair,Home,1,4567,10,4110.3,Lucknow,Uttar Pradesh,ST010,UPI
S000000427,2026-06-01,C10902,P0010,Cricket Bat,Sports,4,12631,10,45471.6,Delhi,Delhi,ST001,Net Banking
S000000428,2026-06-01,C28211,P0002,Samsung TV,Electronics,3,39098,20,93835.2,Delhi,Delhi,ST001,UPI
S000000429,2026-06-01,C48946,P0009,Office Chair,Home,5,4121,15,17514.25,Jaipur,Rajasthan,ST009,Net Banking
S000000430,2026-06-01,C24519,P0007,Milk,Grocery,5,97,10,436.5,Ahmedabad,Gujarat,ST008,Net Banking
S000000431,2026-06-01,C01610,P0008,Dining Table,Home,4,1906,0,7624.0,Mumbai,Maharashtra,ST002,Debit Card
S000000432,2026-06-01,C47852,P0003,Laptop,Electronics,3,69681,5,198590.85,Pune,Maharashtra,ST006,Debit Card
S000000433,2026-06-01,C34152,P0008,Dining Table,Home,1,7678,15,6526.3,Pune,Maharashtra,ST006,Cash
S000000434,2026-06-01,C20901,P0002,Samsung TV,Electronics,1,12960,10,11664.0,Chennai,Tamil Nadu,ST005,UPI
S000000435,2026-06-01,C42466,P0002,Samsung TV,Electronics,5,32865,20,131460.0,Bengaluru,Karnataka,ST003,Credit Card
S000000436,2026-06-01,C10495,P0006,Rice Bag,Grocery,4,138,15,469.2,Jaipur,Rajasthan,ST009,Cash
S000000437,2026-06-01,C41272,P0003,Laptop,Electronics,4,13826,20,44243.2,Bengaluru,Karnataka,ST003,Cash
S000000438,2026-06-01,C12932,P0008,Dining Table,Home,4,572,5,2173.6,Lucknow,Uttar Pradesh,ST010,Cash
S000000439,2026-06-01,C13487,P0005,Women's Jeans,Fashion,1,4898,5,4653.1,Mumbai,Maharashtra,ST002,Net Banking
S000000440,2026-06-01,C23973,P0006,Rice Bag,Grocery,1,154,15,130.9,Hyderabad,Telangana,ST004,Cash
S000000441,2026-06-01,C34585,P0006,Rice Bag,Grocery,5,220,20,880.0,Lucknow,Uttar Pradesh,ST010,Cash
S000000442,2026-06-01,C07487,P0006,Rice Bag,Grocery,5,108,10,486.0,Pune,Maharashtra,ST006,Cash
S000000443,2026-06-01,C40271,P0010,Cricket Bat,Sports,3,2231,5,6358.35,Mumbai,Maharashtra,ST002,Credit Card
S000000444,2026-06-01,C20014,P0002,Samsung TV,Electronics,2,76954,15,130821.8,Bengaluru,Karnataka,ST003,Debit Card
S000000445,2026-06-01,C27410,P0010,Cricket Bat,Sports,4,7231,5,27477.8,Bengaluru,Karnataka,ST003,Net Banking
S000000446,2026-06-01,C31895,P0009,Office Chair,Home,2,8522,10,15339.6,Bengaluru,Karnataka,ST003,Net Banking
S000000447,2026-06-01,C09195,P0003,Laptop,Electronics,5,17026,10,76617.0,Pune,Maharashtra,ST006,Cash
S000000448,2026-06-01,C00629,P0008,Dining Table,Home,4,9700,20,31040.0,Bengaluru,Karnataka,ST003,Credit Card
S000000449,2026-06-01,C42800,P0008,Dining Table,Home,4,7772,15,26424.8,Kolkata,West Bengal,ST007,Cash
S000000450,2026-06-01,C10962,P0002,Samsung TV,Electronics,2,48284,0,96568.0,Lucknow,Uttar Pradesh,ST010,UPI
S000000451,2026-06-01,C18013,P0004,Men T-Shirt,Fashion,2,4246,20,6793.6,Jaipur,Rajasthan,ST009,Debit Card
S000000452,2026-06-01,C48662,P0008,Dining Table,Home,1,9883,0,9883.0,Jaipur,Rajasthan,ST009,Net Banking
S000000453,2026-06-01,C17557,P0009,Office Chair,Home,1,7731,20,6184.8,Pune,Maharashtra,ST006,Net Banking
S000000454,2026-06-01,C14323,P0007,Milk,Grocery,3,467,0,1401.0,Mumbai,Maharashtra,ST002,Credit Card
S000000455,2026-06-01,C29474,P0005,Women's Jeans,Fashion,4,1461,5,5551.8,Pune,Maharashtra,ST006,UPI
S000000456,2026-06-01,C13755,P0010,Cricket Bat,Sports,4,3019,20,9660.8,Pune,Maharashtra,ST006,Net Banking
S000000457,2026-06-01,C09125,P0004,Men T-Shirt,Fashion,5,3373,20,13492.0,Hyderabad,Telangana,ST004,UPI
S000000458,2026-06-01,C18422,P0010,Cricket Bat,Sports,3,11835,10,31954.5,Jaipur,Rajasthan,ST009,Credit Card
S000000459,2026-06-01,C18962,P0010,Cricket Bat,Sports,1,2521,15,2142.85,Chennai,Tamil Nadu,ST005,Net Banking
S000000460,2026-06-01,C03886,P0005,Women's Jeans,Fashion,2,1698,10,3056.4,Bengaluru,Karnataka,ST003,Credit Card
S000000461,2026-06-01,C16224,P0007,Milk,Grocery,5,343,10,1543.5,Ahmedabad,Gujarat,ST008,Credit Card
S000000462,2026-06-01,C41145,P0007,Milk,Grocery,1,344,0,344.0,Kolkata,West Bengal,ST007,Cash
S000000463,2026-06-01,C26402,P0009,Office Chair,Home,4,8496,10,30585.6,Chennai,Tamil Nadu,ST005,Debit Card
S000000464,2026-06-01,C38140,P0001,iPhone 16,Electronics,3,18300,20,43920.0,Mumbai,Maharashtra,ST002,Cash
S000000465,2026-06-01,C26065,P0004,Men T-Shirt,Fashion,4,2699,10,9716.4,Kolkata,West Bengal,ST007,Credit Card
S000000466,2026-06-01,C18586,P0006,Rice Bag,Grocery,2,309,15,525.3,Jaipur,Rajasthan,ST009,Net Banking
S000000467,2026-06-01,C22528,P0001,iPhone 16,Electronics,4,12134,0,48536.0,Delhi,Delhi,ST001,UPI
S000000468,2026-06-01,C10354,P0008,Dining Table,Home,4,3814,5,14493.2,Ahmedabad,Gujarat,ST008,UPI
S000000469,2026-06-01,C42599,P0005,Women's Jeans,Fashion,1,3452,10,3106.8,Bengaluru,Karnataka,ST003,Debit Card
S000000470,2026-06-01,C05402,P0006,Rice Bag,Grocery,4,340,10,1224.0,Bengaluru,Karnataka,ST003,UPI
S000000471,2026-06-01,C47579,P0004,Men T-Shirt,Fashion,1,508,5,482.6,Kolkata,West Bengal,ST007,UPI
S000000472,2026-06-01,C31249,P0002,Samsung TV,Electronics,2,78084,15,132742.8,Bengaluru,Karnataka,ST003,Net Banking
S000000473,2026-06-01,C00609,P0001,iPhone 16,Electronics,4,27324,15,92901.6,Pune,Maharashtra,ST006,UPI
S000000474,2026-06-01,C04642,P0004,Men T-Shirt,Fashion,1,1345,10,1210.5,Kolkata,West Bengal,ST007,UPI
S000000475,2026-06-01,C24089,P0005,Women's Jeans,Fashion,2,1670,0,3340.0,Bengaluru,Karnataka,ST003,Cash
S000000476,2026-06-01,C34768,P0010,Cricket Bat,Sports,2,7510,10,13518.0,Delhi,Delhi,ST001,Net Banking
S000000477,2026-06-01,C47346,P0004,Men T-Shirt,Fashion,5,4124,5,19589.0,Bengaluru,Karnataka,ST003,Cash
S000000478,2026-06-01,C05682,P0002,Samsung TV,Electronics,5,60335,10,271507.5,Bengaluru,Karnataka,ST003,UPI
S000000479,2026-06-01,C28141,P0006,Rice Bag,Grocery,3,350,0,1050.0,Bengaluru,Karnataka,ST003,Credit Card
S000000480,2026-06-01,C16264,P0009,Office Chair,Home,5,5168,0,25840.0,Lucknow,Uttar Pradesh,ST010,Net Banking
S000000481,2026-06-01,C43150,P0005,Women's Jeans,Fashion,5,4674,5,22201.5,Hyderabad,Telangana,ST004,Net Banking
S000000482,2026-06-01,C49011,P0007,Milk,Grocery,2,273,15,464.1,Chennai,Tamil Nadu,ST005,UPI
S000000483,2026-06-01,C07389,P0004,Men T-Shirt,Fashion,1,4827,0,4827.0,Ahmedabad,Gujarat,ST008,Net Banking
S000000484,2026-06-01,C23665,P0006,Rice Bag,Grocery,5,235,10,1057.5,Bengaluru,Karnataka,ST003,Cash
S000000485,2026-06-01,C35807,P0003,Laptop,Electronics,1,86986,0,86986.0,Ahmedabad,Gujarat,ST008,UPI
S000000486,2026-06-01,C00904,P0005,Women's Jeans,Fashion,1,3760,20,3008.0,Hyderabad,Telangana,ST004,UPI
S000000487,2026-06-01,C18776,P0009,Office Chair,Home,4,1850,20,5920.0,Kolkata,West Bengal,ST007,Cash
S000000488,2026-06-01,C35236,P0010,Cricket Bat,Sports,1,5377,0,5377.0,Bengaluru,Karnataka,ST003,Debit Card
S000000489,2026-06-01,C33509,P0004,Men T-Shirt,Fashion,3,3700,20,8880.0,Bengaluru,Karnataka,ST003,Net Banking
S000000490,2026-06-01,C41570,P0002,Samsung TV,Electronics,2,17589,5,33419.1,Chennai,Tamil Nadu,ST005,Cash
S000000491,2026-06-01,C05651,P0007,Milk,Grocery,5,331,0,1655.0,Mumbai,Maharashtra,ST002,Cash
S000000492,2026-06-01,C20270,P0003,Laptop,Electronics,2,11487,5,21825.3,Mumbai,Maharashtra,ST002,UPI
S000000493,2026-06-01,C32533,P0006,Rice Bag,Grocery,3,105,10,283.5,Jaipur,Rajasthan,ST009,Net Banking
S000000494,2026-06-01,C08319,P0005,Women's Jeans,Fashion,3,4017,10,10845.9,Mumbai,Maharashtra,ST002,UPI
S000000495,2026-06-01,C34332,P0002,Samsung TV,Electronics,1,75031,15,63776.35,Chennai,Tamil Nadu,ST005,Net Banking
S000000496,2026-06-01,C33475,P0006,Rice Bag,Grocery,5,105,10,472.5,Delhi,Delhi,ST001,Cash
S000000497,2026-06-01,C10310,P0005,Women's Jeans,Fashion,1,2371,20,1896.8,Mumbai,Maharashtra,ST002,Net Banking
S000000498,2026-06-01,C00169,P0001,iPhone 16,Electronics,1,71835,10,64651.5,Delhi,Delhi,ST001,Credit Card
S000000499,2026-06-01,C25099,P0003,Laptop,Electronics,5,64967,5,308593.25,Bengaluru,Karnataka,ST003,UPI
S000000500,2026-06-01,C21090,P0004,Men T-Shirt,Fashion,3,1138,20,2731.2,Kolkata,West Bengal,ST007,Debit Card
S000000501,2026-06-01,C24433,P0002,Samsung TV,Electronics,2,39253,20,62804.8,Jaipur,Rajasthan,ST009,UPI
S000000502,2026-06-01,C03010,P0007,Milk,Grocery,3,416,10,1123.2,Mumbai,Maharashtra,ST002,Cash
S000000503,2026-06-01,C21450,P0002,Samsung TV,Electronics,1,58354,5,55436.3,Jaipur,Rajasthan,ST009,Cash
S000000504,2026-06-01,C19110,P0010,Cricket Bat,Sports,2,7900,10,14220.0,Chennai,Tamil Nadu,ST005,Net Banking
S000000505,2026-06-01,C38778,P0008,Dining Table,Home,2,2966,0,5932.0,Hyderabad,Telangana,ST004,Net Banking
S000000506,2026-06-01,C26873,P0001,iPhone 16,Electronics,3,11257,10,30393.9,Hyderabad,Telangana,ST004,Net Banking
S000000507,2026-06-01,C00096,P0007,Milk,Grocery,2,291,5,552.9,Chennai,Tamil Nadu,ST005,UPI
S000000508,2026-06-01,C27514,P0008,Dining Table,Home,3,2024,0,6072.0,Delhi,Delhi,ST001,Credit Card
S000000509,2026-06-01,C15170,P0009,Office Chair,Home,4,1891,20,6051.2,Kolkata,West Bengal,ST007,Debit Card
S000000510,2026-06-01,C06264,P0009,Office Chair,Home,1,9803,0,9803.0,Bengaluru,Karnataka,ST003,Cash
S000000511,2026-06-01,C28508,P0003,Laptop,Electronics,3,51288,15,130784.4,Hyderabad,Telangana,ST004,Debit Card
S000000512,2026-06-01,C45923,P0006,Rice Bag,Grocery,3,139,0,417.0,Pune,Maharashtra,ST006,Cash
S000000513,2026-06-01,C13285,P0003,Laptop,Electronics,2,23848,5,45311.2,Lucknow,Uttar Pradesh,ST010,UPI
S000000514,2026-06-01,C29463,P0008,Dining Table,Home,1,9280,10,8352.0,Pune,Maharashtra,ST006,Cash
S000000515,2026-06-01,C13608,P0008,Dining Table,Home,3,2464,0,7392.0,Chennai,Tamil Nadu,ST005,Cash
S000000516,2026-06-01,C10330,P0005,Women's Jeans,Fashion,2,3185,5,6051.5,Lucknow,Uttar Pradesh,ST010,UPI
S000000517,2026-06-01,C05978,P0004,Men T-Shirt,Fashion,5,901,10,4054.5,Pune,Maharashtra,ST006,Cash
S000000518,2026-06-01,C17051,P0003,Laptop,Electronics,4,82869,20,265180.8,Delhi,Delhi,ST001,Cash
S000000519,2026-06-01,C16375,P0002,Samsung TV,Electronics,2,25919,0,51838.0,Ahmedabad,Gujarat,ST008,UPI
S000000520,2026-06-01,C04042,P0004,Men T-Shirt,Fashion,4,3549,0,14196.0,Bengaluru,Karnataka,ST003,Credit Card
S000000521,2026-06-01,C38164,P0010,Cricket Bat,Sports,1,1356,5,1288.2,Chennai,Tamil Nadu,ST005,UPI
S000000522,2026-06-01,C42336,P0008,Dining Table,Home,3,2507,0,7521.0,Bengaluru,Karnataka,ST003,UPI
S000000523,2026-06-01,C30212,P0001,iPhone 16,Electronics,4,61773,15,210028.2,Bengaluru,Karnataka,ST003,Net Banking
S000000524,2026-06-01,C01933,P0007,Milk,Grocery,3,129,5,367.65,Kolkata,West Bengal,ST007,Credit Card
S000000525,2026-06-01,C18022,P0005,Women's Jeans,Fashion,1,2513,10,2261.7,Ahmedabad,Gujarat,ST008,Credit Card
S000000526,2026-06-01,C32696,P0007,Milk,Grocery,1,64,10,57.6,Jaipur,Rajasthan,ST009,Cash
S000000527,2026-06-01,C25102,P0003,Laptop,Electronics,5,42656,20,170624.0,Kolkata,West Bengal,ST007,Credit Card
S000000528,2026-06-01,C01280,P0007,Milk,Grocery,5,420,15,1785.0,Pune,Maharashtra,ST006,Cash
S000000529,2026-06-01,C22547,P0010,Cricket Bat,Sports,4,4730,5,17974.0,Jaipur,Rajasthan,ST009,Debit Card
S000000530,2026-06-01,C01709,P0006,Rice Bag,Grocery,1,478,10,430.2,Lucknow,Uttar Pradesh,ST010,Credit Card
S000000531,2026-06-01,C03840,P0008,Dining Table,Home,5,4313,5,20486.75,Jaipur,Rajasthan,ST009,Debit Card
S000000532,2026-06-01,C06563,P0004,Men T-Shirt,Fashion,5,958,5,4550.5,Hyderabad,Telangana,ST004,Debit Card
S000000533,2026-06-01,C37729,P0007,Milk,Grocery,2,141,20,225.6,Pune,Maharashtra,ST006,Credit Card
S000000534,2026-06-01,C20841,P0006,Rice Bag,Grocery,3,310,20,744.0,Lucknow,Uttar Pradesh,ST010,UPI
S000000535,2026-06-01,C09313,P0010,Cricket Bat,Sports,5,5363,5,25474.25,Hyderabad,Telangana,ST004,Cash
S000000536,2026-06-01,C32142,P0001,iPhone 16,Electronics,2,88861,5,168835.9,Mumbai,Maharashtra,ST002,UPI
S000000537,2026-06-01,C01307,P0009,Office Chair,Home,3,3800,5,10830.0,Ahmedabad,Gujarat,ST008,UPI
S000000538,2026-06-01,C22332,P0003,Laptop,Electronics,1,29360,20,23488.0,Pune,Maharashtra,ST006,UPI
S000000539,2026-06-01,C46183,P0003,Laptop,Electronics,3,19506,10,52666.2,Mumbai,Maharashtra,ST002,Net Banking
S000000540,2026-06-01,C46173,P0007,Milk,Grocery,3,174,10,469.8,Lucknow,Uttar Pradesh,ST010,UPI
S000000541,2026-06-01,C08943,P0003,Laptop,Electronics,3,32833,20,78799.2,Kolkata,West Bengal,ST007,Cash
S000000542,2026-06-01,C45454,P0010,Cricket Bat,Sports,5,13644,5,64809.0,Pune,Maharashtra,ST006,Credit Card
S000000543,2026-06-01,C24798,P0005,Women's Jeans,Fashion,2,514,20,822.4,Chennai,Tamil Nadu,ST005,Credit Card
S000000544,2026-06-01,C25664,P0010,Cricket Bat,Sports,5,5513,20,22052.0,Delhi,Delhi,ST001,Credit Card
S000000545,2026-06-01,C14477,P0010,Cricket Bat,Sports,2,5725,0,11450.0,Mumbai,Maharashtra,ST002,Cash
S000000546,2026-06-01,C15598,P0006,Rice Bag,Grocery,1,440,10,396.0,Pune,Maharashtra,ST006,Credit Card
S000000547,2026-06-01,C29271,P0001,iPhone 16,Electronics,2,18885,10,33993.0,Chennai,Tamil Nadu,ST005,Credit Card
S000000548,2026-06-01,C16821,P0002,Samsung TV,Electronics,4,67438,15,229289.2,Delhi,Delhi,ST001,UPI
S000000549,2026-06-01,C10902,P0007,Milk,Grocery,3,299,15,762.45,Ahmedabad,Gujarat,ST008,Cash
S000000550,2026-06-01,C06648,P0008,Dining Table,Home,2,7893,0,15786.0,Lucknow,Uttar Pradesh,ST010,Credit Card
S000000551,2026-06-01,C02190,P0005,Women's Jeans,Fashion,3,1357,0,4071.0,Delhi,Delhi,ST001,Debit Card
S000000552,2026-06-01,C22401,P0003,Laptop,Electronics,1,81702,0,81702.0,Kolkata,West Bengal,ST007,Credit Card
S000000553,2026-06-01,C22148,P0010,Cricket Bat,Sports,1,7366,5,6997.7,Lucknow,Uttar Pradesh,ST010,Cash
S000000554,2026-06-01,C39802,P0007,Milk,Grocery,1,189,5,179.55,Bengaluru,Karnataka,ST003,UPI
S000000555,2026-06-01,C12451,P0007,Milk,Grocery,3,358,10,966.6,Jaipur,Rajasthan,ST009,Net Banking
S000000556,2026-06-01,C19491,P0004,Men T-Shirt,Fashion,4,4521,5,17179.8,Mumbai,Maharashtra,ST002,UPI
S000000557,2026-06-01,C03573,P0006,Rice Bag,Grocery,1,170,20,136.0,Delhi,Delhi,ST001,Cash
S000000558,2026-06-01,C31479,P0004,Men T-Shirt,Fashion,2,1899,10,3418.2,Mumbai,Maharashtra,ST002,UPI
S000000559,2026-06-01,C05370,P0008,Dining Table,Home,4,8215,15,27931.0,Mumbai,Maharashtra,ST002,Debit Card
S000000560,2026-06-01,C43322,P0005,Women's Jeans,Fashion,4,2014,10,7250.4,Mumbai,Maharashtra,ST002,Net Banking
S000000561,2026-06-01,C24999,P0006,Rice Bag,Grocery,1,154,15,130.9,Bengaluru,Karnataka,ST003,Cash
S000000562,2026-06-01,C30479,P0005,Women's Jeans,Fashion,5,1004,5,4769.0,Hyderabad,Telangana,ST004,Debit Card
S000000563,2026-06-01,C49299,P0002,Samsung TV,Electronics,5,64262,20,257048.0,Mumbai,Maharashtra,ST002,Debit Card
S000000564,2026-06-01,C14911,P0009,Office Chair,Home,5,7358,20,29432.0,Delhi,Delhi,ST001,Cash
S000000565,2026-06-01,C45028,P0008,Dining Table,Home,4,5396,0,21584.0,Lucknow,Uttar Pradesh,ST010,Credit Card
S000000566,2026-06-01,C25874,P0001,iPhone 16,Electronics,5,84905,20,339620.0,Jaipur,Rajasthan,ST009,Net Banking
S000000567,2026-06-01,C09664,P0002,Samsung TV,Electronics,2,37772,5,71766.8,Ahmedabad,Gujarat,ST008,Credit Card
S000000568,2026-06-01,C08270,P0001,iPhone 16,Electronics,4,36465,5,138567.0,Kolkata,West Bengal,ST007,UPI
S000000569,2026-06-01,C38998,P0005,Women's Jeans,Fashion,1,3679,20,2943.2,Pune,Maharashtra,ST006,UPI
S000000570,2026-06-01,C26042,P0009,Office Chair,Home,5,8006,0,40030.0,Pune,Maharashtra,ST006,Debit Card
S000000571,2026-06-01,C45903,P0010,Cricket Bat,Sports,4,2143,15,7286.2,Lucknow,Uttar Pradesh,ST010,Net Banking
S000000572,2026-06-01,C09807,P0003,Laptop,Electronics,5,23133,0,115665.0,Lucknow,Uttar Pradesh,ST010,Net Banking
S000000573,2026-06-01,C36877,P0002,Samsung TV,Electronics,3,63856,10,172411.2,Chennai,Tamil Nadu,ST005,Net Banking
S000000574,2026-06-01,C25104,P0008,Dining Table,Home,4,1113,5,4229.4,Lucknow,Uttar Pradesh,ST010,Net Banking
S000000575,2026-06-01,C18050,P0007,Milk,Grocery,5,368,15,1564.0,Bengaluru,Karnataka,ST003,Net Banking
S000000576,2026-06-01,C02542,P0007,Milk,Grocery,1,401,15,340.85,Pune,Maharashtra,ST006,Credit Card
S000000577,2026-06-01,C17602,P0006,Rice Bag,Grocery,3,179,10,483.3,Delhi,Delhi,ST001,Debit Card
S000000578,2026-06-01,C32219,P0002,Samsung TV,Electronics,3,68079,10,183813.3,Hyderabad,Telangana,ST004,Credit Card
S000000579,2026-06-01,C17657,P0007,Milk,Grocery,2,246,5,467.4,Lucknow,Uttar Pradesh,ST010,UPI
S000000580,2026-06-01,C26685,P0008,Dining Table,Home,1,8942,5,8494.9,Jaipur,Rajasthan,ST009,Debit Card
S000000581,2026-06-01,C04301,P0005,Women's Jeans,Fashion,2,4794,20,7670.4,Jaipur,Rajasthan,ST009,Cash
S000000582,2026-06-01,C01898,P0003,Laptop,Electronics,1,42701,0,42701.0,Hyderabad,Telangana,ST004,Credit Card
S000000583,2026-06-01,C29914,P0001,iPhone 16,Electronics,3,58280,15,148614.0,Pune,Maharashtra,ST006,Credit Card
S000000584,2026-06-01,C33104,P0007,Milk,Grocery,2,210,15,357.0,Mumbai,Maharashtra,ST002,UPI
S000000585,2026-06-01,C38932,P0008,Dining Table,Home,5,9533,10,42898.5,Bengaluru,Karnataka,ST003,Cash
S000000586,2026-06-01,C22561,P0003,Laptop,Electronics,3,13597,15,34672.35,Chennai,Tamil Nadu,ST005,UPI
S000000587,2026-06-01,C03254,P0003,Laptop,Electronics,2,39505,5,75059.5,Lucknow,Uttar Pradesh,ST010,Credit Card
S000000588,2026-06-01,C17635,P0007,Milk,Grocery,1,262,5,248.9,Jaipur,Rajasthan,ST009,UPI
S000000589,2026-06-01,C42427,P0003,Laptop,Electronics,2,43081,20,68929.6,Lucknow,Uttar Pradesh,ST010,UPI
S000000590,2026-06-01,C20019,P0005,Women's Jeans,Fashion,3,4260,10,11502.0,Kolkata,West Bengal,ST007,Cash
S000000591,2026-06-01,C14301,P0008,Dining Table,Home,5,7006,20,28024.0,Chennai,Tamil Nadu,ST005,Net Banking
S000000592,2026-06-01,C06706,P0001,iPhone 16,Electronics,5,87826,20,351304.0,Jaipur,Rajasthan,ST009,Debit Card
S000000593,2026-06-01,C18526,P0005,Women's Jeans,Fashion,1,3254,10,2928.6,Mumbai,Maharashtra,ST002,Cash
S000000594,2026-06-01,C41983,P0006,Rice Bag,Grocery,3,116,5,330.6,Chennai,Tamil Nadu,ST005,Debit Card
S000000595,2026-06-01,C33902,P0004,Men T-Shirt,Fashion,4,3118,5,11848.4,Delhi,Delhi,ST001,Net Banking
S000000596,2026-06-01,C47271,P0001,iPhone 16,Electronics,3,64862,15,165398.1,Ahmedabad,Gujarat,ST008,Debit Card
S000000597,2026-06-01,C25446,P0001,iPhone 16,Electronics,2,54979,5,104460.1,Lucknow,Uttar Pradesh,ST010,Net Banking
S000000598,2026-06-01,C44979,P0009,Office Chair,Home,5,5418,5,25735.5,Ahmedabad,Gujarat,ST008,Debit Card
S000000599,2026-06-01,C43098,P0009,Office Chair,Home,1,8213,5,7802.35,Bengaluru,Karnataka,ST003,Debit Card
S000000600,2026-06-01,C48557,P0005,Women's Jeans,Fashion,3,1231,5,3508.35,Jaipur,Rajasthan,ST009,Credit Card
S000000601,2026-06-01,C23284,P0004,Men T-Shirt,Fashion,3,3544,10,9568.8,Chennai,Tamil Nadu,ST005,Cash
S000000602,2026-06-01,C38376,P0005,Women's Jeans,Fashion,4,939,20,3004.8,Ahmedabad,Gujarat,ST008,UPI
S000000603,2026-06-01,C38032,P0010,Cricket Bat,Sports,2,8499,0,16998.0,Mumbai,Maharashtra,ST002,Cash
S000000604,2026-06-01,C44611,P0007,Milk,Grocery,4,47,5,178.6,Jaipur,Rajasthan,ST009,Debit Card
S000000605,2026-06-01,C09003,P0004,Men T-Shirt,Fashion,5,4248,5,20178.0,Pune,Maharashtra,ST006,Cash
S000000606,2026-06-01,C20735,P0003,Laptop,Electronics,3,33176,10,89575.2,Mumbai,Maharashtra,ST002,Cash
S000000607,2026-06-01,C41583,P0001,iPhone 16,Electronics,3,37444,5,106715.4,Delhi,Delhi,ST001,Cash
S000000608,2026-06-01,C37768,P0003,Laptop,Electronics,2,66847,15,113639.9,Ahmedabad,Gujarat,ST008,UPI
S000000609,2026-06-01,C26437,P0007,Milk,Grocery,1,39,20,31.2,Ahmedabad,Gujarat,ST008,Cash
S000000610,2026-06-01,C13069,P0006,Rice Bag,Grocery,5,117,0,585.0,Delhi,Delhi,ST001,Debit Card
S000000611,2026-06-01,C44352,P0001,iPhone 16,Electronics,3,50906,5,145082.1,Hyderabad,Telangana,ST004,Credit Card
S000000612,2026-06-01,C06732,P0007,Milk,Grocery,3,105,0,315.0,Jaipur,Rajasthan,ST009,Net Banking
S000000613,2026-06-01,C02997,P0005,Women's Jeans,Fashion,5,4793,10,21568.5,Chennai,Tamil Nadu,ST005,Cash
S000000614,2026-06-01,C28421,P0003,Laptop,Electronics,3,34697,5,98886.45,Pune,Maharashtra,ST006,Cash
S000000615,2026-06-01,C26437,P0001,iPhone 16,Electronics,2,37681,0,75362.0,Hyderabad,Telangana,ST004,Credit Card
S000000616,2026-06-01,C38647,P0009,Office Chair,Home,3,1112,15,2835.6,Bengaluru,Karnataka,ST003,UPI
S000000617,2026-06-01,C41965,P0005,Women's Jeans,Fashion,1,892,0,892.0,Jaipur,Rajasthan,ST009,Net Banking
S000000618,2026-06-01,C42833,P0001,iPhone 16,Electronics,4,68237,15,232005.8,Delhi,Delhi,ST001,UPI
S000000619,2026-06-01,C08100,P0009,Office Chair,Home,2,3866,0,7732.0,Chennai,Tamil Nadu,ST005,Cash
S000000620,2026-06-01,C19734,P0007,Milk,Grocery,3,338,20,811.2,Mumbai,Maharashtra,ST002,Net Banking
S000000621,2026-06-01,C45923,P0003,Laptop,Electronics,5,25431,10,114439.5,Kolkata,West Bengal,ST007,UPI
S000000622,2026-06-01,C07472,P0002,Samsung TV,Electronics,5,36181,10,162814.5,Ahmedabad,Gujarat,ST008,Credit Card
S000000623,2026-06-01,C34285,P0004,Men T-Shirt,Fashion,3,1813,0,5439.0,Pune,Maharashtra,ST006,Cash
S000000624,2026-06-01,C35923,P0008,Dining Table,Home,3,4342,0,13026.0,Hyderabad,Telangana,ST004,Cash
S000000625,2026-06-01,C00836,P0002,Samsung TV,Electronics,4,29548,0,118192.0,Mumbai,Maharashtra,ST002,Net Banking
S000000626,2026-06-01,C33536,P0002,Samsung TV,Electronics,2,69867,10,125760.6,Mumbai,Maharashtra,ST002,Debit Card
S000000627,2026-06-01,C17310,P0008,Dining Table,Home,2,1146,10,2062.8,Delhi,Delhi,ST001,UPI
S000000628,2026-06-01,C23608,P0006,Rice Bag,Grocery,1,455,0,455.0,Kolkata,West Bengal,ST007,UPI
S000000629,2026-06-01,C00634,P0003,Laptop,Electronics,3,67372,20,161692.8,Bengaluru,Karnataka,ST003,Debit Card
S000000630,2026-06-01,C17584,P0002,Samsung TV,Electronics,2,24920,15,42364.0,Pune,Maharashtra,ST006,Debit Card
S000000631,2026-06-01,C26231,P0008,Dining Table,Home,4,7409,5,28154.2,Chennai,Tamil Nadu,ST005,Cash
S000000632,2026-06-01,C07410,P0003,Laptop,Electronics,1,64529,20,51623.2,Delhi,Delhi,ST001,Credit Card
S000000633,2026-06-01,C31633,P0010,Cricket Bat,Sports,5,6521,10,29344.5,Ahmedabad,Gujarat,ST008,Credit Card
S000000634,2026-06-01,C40066,P0001,iPhone 16,Electronics,4,24802,15,84326.8,Bengaluru,Karnataka,ST003,Cash
S000000635,2026-06-01,C28881,P0001,iPhone 16,Electronics,3,11620,20,27888.0,Mumbai,Maharashtra,ST002,Debit Card
S000000636,2026-06-01,C48735,P0010,Cricket Bat,Sports,3,8804,20,21129.6,Lucknow,Uttar Pradesh,ST010,Credit Card
S000000637,2026-06-01,C45105,P0010,Cricket Bat,Sports,2,8195,10,14751.0,Mumbai,Maharashtra,ST002,Cash
S000000638,2026-06-01,C43497,P0007,Milk,Grocery,5,47,0,235.0,Bengaluru,Karnataka,ST003,Net Banking
S000000639,2026-06-01,C42166,P0003,Laptop,Electronics,4,31679,0,126716.0,Jaipur,Rajasthan,ST009,Cash
S000000640,2026-06-01,C49246,P0008,Dining Table,Home,3,5057,0,15171.0,Pune,Maharashtra,ST006,Credit Card
S000000641,2026-06-01,C33223,P0004,Men T-Shirt,Fashion,4,2425,0,9700.0,Jaipur,Rajasthan,ST009,Cash
S000000642,2026-06-01,C30088,P0008,Dining Table,Home,1,8666,15,7366.1,Lucknow,Uttar Pradesh,ST010,Cash
S000000643,2026-06-01,C20714,P0002,Samsung TV,Electronics,1,62879,15,53447.15,Ahmedabad,Gujarat,ST008,UPI
S000000644,2026-06-01,C02349,P0009,Office Chair,Home,1,5490,20,4392.0,Jaipur,Rajasthan,ST009,UPI
S000000645,2026-06-01,C36854,P0004,Men T-Shirt,Fashion,3,944,5,2690.4,Ahmedabad,Gujarat,ST008,Debit Card
S000000646,2026-06-01,C29784,P0006,Rice Bag,Grocery,5,262,10,1179.0,Jaipur,Rajasthan,ST009,Net Banking
S000000647,2026-06-01,C46919,P0008,Dining Table,Home,2,535,10,963.0,Mumbai,Maharashtra,ST002,UPI
S000000648,2026-06-01,C23275,P0005,Women's Jeans,Fashion,3,1370,0,4110.0,Jaipur,Rajasthan,ST009,Net Banking
S000000649,2026-06-01,C10759,P0008,Dining Table,Home,1,4666,20,3732.8,Bengaluru,Karnataka,ST003,Cash
S000000650,2026-06-01,C12840,P0004,Men T-Shirt,Fashion,2,4244,5,8063.6,Mumbai,Maharashtra,ST002,Cash
S000000651,2026-06-01,C46976,P0006,Rice Bag,Grocery,1,494,20,395.2,Mumbai,Maharashtra,ST002,Cash
S000000652,2026-06-01,C08076,P0008,Dining Table,Home,5,2705,15,11496.25,Ahmedabad,Gujarat,ST008,Net Banking
S000000653,2026-06-01,C00285,P0009,Office Chair,Home,4,8412,20,26918.4,Delhi,Delhi,ST001,Net Banking
S000000654,2026-06-01,C11614,P0010,Cricket Bat,Sports,1,6647,20,5317.6,Bengaluru,Karnataka,ST003,Credit Card
S000000655,2026-06-01,C39726,P0006,Rice Bag,Grocery,4,331,5,1257.8,Jaipur,Rajasthan,ST009,Cash
S000000656,2026-06-01,C17931,P0007,Milk,Grocery,4,432,5,1641.6,Pune,Maharashtra,ST006,Debit Card
S000000657,2026-06-01,C09056,P0007,Milk,Grocery,3,451,20,1082.4,Lucknow,Uttar Pradesh,ST010,Net Banking
S000000658,2026-06-01,C20573,P0009,Office Chair,Home,2,5260,10,9468.0,Hyderabad,Telangana,ST004,Credit Card
S000000659,2026-06-01,C44065,P0003,Laptop,Electronics,5,52255,0,261275.0,Bengaluru,Karnataka,ST003,Net Banking
S000000660,2026-06-01,C49859,P0006,Rice Bag,Grocery,5,312,15,1326.0,Jaipur,Rajasthan,ST009,Cash
S000000661,2026-06-01,C44188,P0009,Office Chair,Home,1,9064,0,9064.0,Chennai,Tamil Nadu,ST005,Cash
S000000662,2026-06-01,C01657,P0007,Milk,Grocery,1,122,10,109.8,Bengaluru,Karnataka,ST003,UPI
S000000663,2026-06-01,C49165,P0003,Laptop,Electronics,2,18130,10,32634.0,Chennai,Tamil Nadu,ST005,Debit Card
S000000664,2026-06-01,C13370,P0009,Office Chair,Home,4,2179,20,6972.8,Delhi,Delhi,ST001,Debit Card
S000000665,2026-06-01,C44272,P0009,Office Chair,Home,4,4392,20,14054.4,Hyderabad,Telangana,ST004,Net Banking
S000000666,2026-06-01,C45622,P0005,Women's Jeans,Fashion,4,3912,10,14083.2,Delhi,Delhi,ST001,Cash
S000000667,2026-06-01,C36185,P0001,iPhone 16,Electronics,2,68073,5,129338.7,Delhi,Delhi,ST001,Debit Card
S000000668,2026-06-01,C41536,P0006,Rice Bag,Grocery,5,120,5,570.0,Lucknow,Uttar Pradesh,ST010,Net Banking
S000000669,2026-06-01,C19280,P0008,Dining Table,Home,2,3347,20,5355.2,Bengaluru,Karnataka,ST003,UPI
S000000670,2026-06-01,C07822,P0007,Milk,Grocery,3,304,10,820.8,Delhi,Delhi,ST001,Cash
S000000671,2026-06-01,C08525,P0003,Laptop,Electronics,1,53327,15,45327.95,Lucknow,Uttar Pradesh,ST010,Debit Card
S000000672,2026-06-01,C46511,P0003,Laptop,Electronics,3,88234,0,264702.0,Delhi,Delhi,ST001,Credit Card
S000000673,2026-06-01,C40985,P0010,Cricket Bat,Sports,5,9313,10,41908.5,Chennai,Tamil Nadu,ST005,Cash
S000000674,2026-06-01,C04777,P0006,Rice Bag,Grocery,2,286,0,572.0,Jaipur,Rajasthan,ST009,Credit Card
S000000675,2026-06-01,C33105,P0003,Laptop,Electronics,5,62876,0,314380.0,Kolkata,West Bengal,ST007,Net Banking
S000000676,2026-06-01,C22899,P0004,Men T-Shirt,Fashion,3,3455,10,9328.5,Hyderabad,Telangana,ST004,Debit Card
S000000677,2026-06-01,C14317,P0010,Cricket Bat,Sports,5,13795,0,68975.0,Jaipur,Rajasthan,ST009,Cash
S000000678,2026-06-01,C07519,P0006,Rice Bag,Grocery,5,490,20,1960.0,Ahmedabad,Gujarat,ST008,Credit Card
S000000679,2026-06-01,C15980,P0001,iPhone 16,Electronics,1,60577,10,54519.3,Pune,Maharashtra,ST006,Cash
S000000680,2026-06-01,C35405,P0005,Women's Jeans,Fashion,3,4713,20,11311.2,Delhi,Delhi,ST001,Net Banking
S000000681,2026-06-01,C29201,P0008,Dining Table,Home,2,5748,20,9196.8,Delhi,Delhi,ST001,Debit Card
S000000682,2026-06-01,C05397,P0002,Samsung TV,Electronics,5,10960,0,54800.0,Bengaluru,Karnataka,ST003,Net Banking
S000000683,2026-06-01,C13814,P0004,Men T-Shirt,Fashion,2,4905,15,8338.5,Kolkata,West Bengal,ST007,UPI
S000000684,2026-06-01,C42374,P0002,Samsung TV,Electronics,4,53478,0,213912.0,Bengaluru,Karnataka,ST003,UPI
S000000685,2026-06-01,C05736,P0002,Samsung TV,Electronics,3,83149,0,249447.0,Delhi,Delhi,ST001,Credit Card
S000000686,2026-06-01,C37681,P0004,Men T-Shirt,Fashion,4,4195,15,14263.0,Chennai,Tamil Nadu,ST005,Cash
S000000687,2026-06-01,C28379,P0006,Rice Bag,Grocery,1,293,0,293.0,Delhi,Delhi,ST001,Cash
S000000688,2026-06-01,C42037,P0010,Cricket Bat,Sports,1,11783,0,11783.0,Mumbai,Maharashtra,ST002,Net Banking
S000000689,2026-06-01,C23443,P0009,Office Chair,Home,3,1917,10,5175.9,Mumbai,Maharashtra,ST002,Debit Card
S000000690,2026-06-01,C28684,P0007,Milk,Grocery,4,100,20,320.0,Kolkata,West Bengal,ST007,UPI
S000000691,2026-06-01,C14410,P0003,Laptop,Electronics,3,28884,10,77986.8,Kolkata,West Bengal,ST007,Net Banking
S000000692,2026-06-01,C44387,P0006,Rice Bag,Grocery,5,92,0,460.0,Delhi,Delhi,ST001,Net Banking
S000000693,2026-06-01,C02738,P0001,iPhone 16,Electronics,4,80405,20,257296.0,Lucknow,Uttar Pradesh,ST010,Net Banking
S000000694,2026-06-01,C05579,P0005,Women's Jeans,Fashion,2,3880,20,6208.0,Hyderabad,Telangana,ST004,Debit Card
S000000695,2026-06-01,C09336,P0003,Laptop,Electronics,5,43127,5,204853.25,Bengaluru,Karnataka,ST003,Credit Card
S000000696,2026-06-01,C07512,P0003,Laptop,Electronics,5,70458,20,281832.0,Lucknow,Uttar Pradesh,ST010,UPI
S000000697,2026-06-01,C04794,P0005,Women's Jeans,Fashion,1,2117,20,1693.6,Mumbai,Maharashtra,ST002,Debit Card
S000000698,2026-06-01,C31929,P0006,Rice Bag,Grocery,2,71,10,127.8,Pune,Maharashtra,ST006,Credit Card
S000000699,2026-06-01,C40601,P0002,Samsung TV,Electronics,4,69067,10,248641.2,Hyderabad,Telangana,ST004,Debit Card
S000000700,2026-06-01,C40393,P0005,Women's Jeans,Fashion,5,3485,10,15682.5,Lucknow,Uttar Pradesh,ST010,Credit Card
S000000701,2026-06-01,C28070,P0003,Laptop,Electronics,2,39035,15,66359.5,Delhi,Delhi,ST001,Debit Card
S000000702,2026-06-01,C18133,P0006,Rice Bag,Grocery,4,256,15,870.4,Bengaluru,Karnataka,ST003,Debit Card
S000000703,2026-06-01,C23511,P0005,Women's Jeans,Fashion,1,1939,20,1551.2,Ahmedabad,Gujarat,ST008,Net Banking
S000000704,2026-06-01,C05373,P0005,Women's Jeans,Fashion,2,2656,0,5312.0,Bengaluru,Karnataka,ST003,Net Banking
S000000705,2026-06-01,C47673,P0002,Samsung TV,Electronics,1,86269,20,69015.2,Delhi,Delhi,ST001,Net Banking
S000000706,2026-06-01,C26551,P0010,Cricket Bat,Sports,5,4569,20,18276.0,Hyderabad,Telangana,ST004,UPI
S000000707,2026-06-01,C35369,P0008,Dining Table,Home,4,4158,20,13305.6,Bengaluru,Karnataka,ST003,Debit Card
S000000708,2026-06-01,C48053,P0005,Women's Jeans,Fashion,5,4681,0,23405.0,Bengaluru,Karnataka,ST003,Cash
S000000709,2026-06-01,C26004,P0006,Rice Bag,Grocery,2,454,20,726.4,Jaipur,Rajasthan,ST009,UPI
S000000710,2026-06-01,C44838,P0003,Laptop,Electronics,4,30869,5,117302.2,Jaipur,Rajasthan,ST009,Credit Card
S000000711,2026-06-01,C37117,P0010,Cricket Bat,Sports,3,962,5,2741.7,Bengaluru,Karnataka,ST003,Cash
S000000712,2026-06-01,C49904,P0008,Dining Table,Home,3,6552,5,18673.2,Hyderabad,Telangana,ST004,UPI
S000000713,2026-06-01,C02806,P0004,Men T-Shirt,Fashion,4,4347,15,14779.8,Jaipur,Rajasthan,ST009,Debit Card
S000000714,2026-06-01,C03044,P0001,iPhone 16,Electronics,5,45847,10,206311.5,Pune,Maharashtra,ST006,UPI
S000000715,2026-06-01,C37922,P0009,Office Chair,Home,4,6701,10,24123.6,Lucknow,Uttar Pradesh,ST010,Credit Card
S000000716,2026-06-01,C38515,P0002,Samsung TV,Electronics,4,39215,20,125488.0,Jaipur,Rajasthan,ST009,Debit Card
S000000717,2026-06-01,C26598,P0006,Rice Bag,Grocery,4,474,20,1516.8,Pune,Maharashtra,ST006,Cash
S000000718,2026-06-01,C00433,P0009,Office Chair,Home,2,4268,0,8536.0,Bengaluru,Karnataka,ST003,Cash
S000000719,2026-06-01,C33721,P0005,Women's Jeans,Fashion,2,1789,10,3220.2,Hyderabad,Telangana,ST004,Credit Card
S000000720,2026-06-01,C39455,P0002,Samsung TV,Electronics,3,24855,15,63380.25,Hyderabad,Telangana,ST004,Cash
S000000721,2026-06-01,C44252,P0008,Dining Table,Home,5,3141,15,13349.25,Ahmedabad,Gujarat,ST008,Credit Card
S000000722,2026-06-01,C01472,P0004,Men T-Shirt,Fashion,5,1819,5,8640.25,Delhi,Delhi,ST001,Credit Card
S000000723,2026-06-01,C41258,P0009,Office Chair,Home,2,1416,5,2690.4,Delhi,Delhi,ST001,Net Banking
S000000724,2026-06-01,C16926,P0003,Laptop,Electronics,5,83872,0,419360.0,Jaipur,Rajasthan,ST009,Cash
S000000725,2026-06-01,C47157,P0005,Women's Jeans,Fashion,4,4361,15,14827.4,Mumbai,Maharashtra,ST002,Credit Card
S000000726,2026-06-01,C11179,P0004,Men T-Shirt,Fashion,2,1989,20,3182.4,Kolkata,West Bengal,ST007,Net Banking
S000000727,2026-06-01,C43231,P0009,Office Chair,Home,3,7929,20,19029.6,Chennai,Tamil Nadu,ST005,Credit Card
S000000728,2026-06-01,C38706,P0002,Samsung TV,Electronics,4,27329,0,109316.0,Hyderabad,Telangana,ST004,Cash
S000000729,2026-06-01,C01086,P0004,Men T-Shirt,Fashion,4,1725,20,5520.0,Jaipur,Rajasthan,ST009,Net Banking
S000000730,2026-06-01,C06312,P0003,Laptop,Electronics,5,15116,20,60464.0,Ahmedabad,Gujarat,ST008,Net Banking
S000000731,2026-06-01,C32987,P0002,Samsung TV,Electronics,2,89098,20,142556.8,Mumbai,Maharashtra,ST002,Cash
S000000732,2026-06-01,C00079,P0007,Milk,Grocery,3,467,0,1401.0,Jaipur,Rajasthan,ST009,Cash
S000000733,2026-06-01,C45721,P0009,Office Chair,Home,4,6746,10,24285.6,Kolkata,West Bengal,ST007,Credit Card
S000000734,2026-06-01,C38604,P0010,Cricket Bat,Sports,2,4470,15,7599.0,Mumbai,Maharashtra,ST002,Cash
S000000735,2026-06-01,C15238,P0002,Samsung TV,Electronics,5,63562,10,286029.0,Chennai,Tamil Nadu,ST005,Net Banking
S000000736,2026-06-01,C12388,P0001,iPhone 16,Electronics,5,25444,20,101776.0,Delhi,Delhi,ST001,Net Banking
S000000737,2026-06-01,C00472,P0007,Milk,Grocery,4,205,0,820.0,Hyderabad,Telangana,ST004,Debit Card
S000000738,2026-06-01,C10144,P0007,Milk,Grocery,3,457,20,1096.8,Lucknow,Uttar Pradesh,ST010,Debit Card
S000000739,2026-06-01,C27759,P0010,Cricket Bat,Sports,3,11451,15,29200.05,Pune,Maharashtra,ST006,Net Banking
S000000740,2026-06-01,C49478,P0004,Men T-Shirt,Fashion,5,4452,5,21147.0,Kolkata,West Bengal,ST007,Net Banking
S000000741,2026-06-01,C24263,P0009,Office Chair,Home,3,5524,20,13257.6,Jaipur,Rajasthan,ST009,Cash
S000000742,2026-06-01,C22568,P0007,Milk,Grocery,2,248,5,471.2,Bengaluru,Karnataka,ST003,UPI
S000000743,2026-06-01,C06572,P0004,Men T-Shirt,Fashion,3,926,5,2639.1,Jaipur,Rajasthan,ST009,Cash
S000000744,2026-06-01,C25501,P0001,iPhone 16,Electronics,4,88675,15,301495.0,Mumbai,Maharashtra,ST002,Credit Card
S000000745,2026-06-01,C05777,P0002,Samsung TV,Electronics,3,20490,20,49176.0,Chennai,Tamil Nadu,ST005,Credit Card
S000000746,2026-06-01,C02475,P0007,Milk,Grocery,5,166,20,664.0,Kolkata,West Bengal,ST007,Net Banking
S000000747,2026-06-01,C03766,P0003,Laptop,Electronics,1,36438,20,29150.4,Ahmedabad,Gujarat,ST008,Cash
S000000748,2026-06-01,C18744,P0004,Men T-Shirt,Fashion,5,4725,5,22443.75,Delhi,Delhi,ST001,Net Banking
S000000749,2026-06-01,C40318,P0003,Laptop,Electronics,2,10037,5,19070.3,Delhi,Delhi,ST001,Debit Card
S000000750,2026-06-01,C05692,P0005,Women's Jeans,Fashion,4,3821,20,12227.2,Kolkata,West Bengal,ST007,Debit Card
S000000751,2026-06-01,C13128,P0009,Office Chair,Home,1,9504,10,8553.6,Delhi,Delhi,ST001,UPI
S000000752,2026-06-01,C47589,P0009,Office Chair,Home,3,5030,5,14335.5,Lucknow,Uttar Pradesh,ST010,Debit Card
S000000753,2026-06-01,C39739,P0004,Men T-Shirt,Fashion,5,538,10,2421.0,Ahmedabad,Gujarat,ST008,Cash
S000000754,2026-06-01,C11472,P0007,Milk,Grocery,5,57,20,228.0,Jaipur,Rajasthan,ST009,UPI
S000000755,2026-06-01,C19285,P0006,Rice Bag,Grocery,3,468,20,1123.2,Mumbai,Maharashtra,ST002,Net Banking
S000000756,2026-06-01,C37677,P0005,Women's Jeans,Fashion,5,4461,5,21189.75,Ahmedabad,Gujarat,ST008,Cash
S000000757,2026-06-01,C49642,P0006,Rice Bag,Grocery,5,461,0,2305.0,Ahmedabad,Gujarat,ST008,Cash
S000000758,2026-06-01,C31587,P0002,Samsung TV,Electronics,4,38885,5,147763.0,Chennai,Tamil Nadu,ST005,UPI
S000000759,2026-06-01,C20692,P0007,Milk,Grocery,5,24,10,108.0,Pune,Maharashtra,ST006,Net Banking
S000000760,2026-06-01,C16270,P0005,Women's Jeans,Fashion,3,1122,20,2692.8,Mumbai,Maharashtra,ST002,Cash
S000000761,2026-06-01,C11698,P0008,Dining Table,Home,2,9899,10,17818.2,Pune,Maharashtra,ST006,Debit Card
S000000762,2026-06-01,C11979,P0004,Men T-Shirt,Fashion,2,2482,10,4467.6,Ahmedabad,Gujarat,ST008,Credit Card
S000000763,2026-06-01,C13552,P0004,Men T-Shirt,Fashion,5,3416,5,16226.0,Hyderabad,Telangana,ST004,Credit Card
S000000764,2026-06-01,C06992,P0002,Samsung TV,Electronics,5,10868,20,43472.0,Mumbai,Maharashtra,ST002,Cash
S000000765,2026-06-01,C02770,P0008,Dining Table,Home,3,8566,20,20558.4,Pune,Maharashtra,ST006,Net Banking
S000000766,2026-06-01,C18005,P0008,Dining Table,Home,3,7018,5,20001.3,Bengaluru,Karnataka,ST003,Net Banking
S000000767,2026-06-01,C49164,P0010,Cricket Bat,Sports,5,13395,15,56928.75,Bengaluru,Karnataka,ST003,UPI
S000000768,2026-06-01,C31348,P0009,Office Chair,Home,3,6950,5,19807.5,Delhi,Delhi,ST001,Net Banking
S000000769,2026-06-01,C29963,P0002,Samsung TV,Electronics,3,11103,0,33309.0,Jaipur,Rajasthan,ST009,Cash
S000000770,2026-06-01,C44179,P0004,Men T-Shirt,Fashion,1,3165,10,2848.5,Kolkata,West Bengal,ST007,Net Banking
S000000771,2026-06-01,C40160,P0005,Women's Jeans,Fashion,3,2442,10,6593.4,Bengaluru,Karnataka,ST003,Net Banking
S000000772,2026-06-01,C30891,P0010,Cricket Bat,Sports,2,8471,15,14400.7,Pune,Maharashtra,ST006,Debit Card
S000000773,2026-06-01,C13798,P0007,Milk,Grocery,4,163,15,554.2,Pune,Maharashtra,ST006,Debit Card
S000000774,2026-06-01,C11790,P0010,Cricket Bat,Sports,2,13639,0,27278.0,Bengaluru,Karnataka,ST003,Net Banking
S000000775,2026-06-01,C47240,P0005,Women's Jeans,Fashion,4,3620,5,13756.0,Hyderabad,Telangana,ST004,Net Banking
S000000776,2026-06-01,C09559,P0003,Laptop,Electronics,2,65249,15,110923.3,Ahmedabad,Gujarat,ST008,UPI
S000000777,2026-06-01,C08813,P0009,Office Chair,Home,4,5415,10,19494.0,Jaipur,Rajasthan,ST009,Debit Card
S000000778,2026-06-01,C36841,P0010,Cricket Bat,Sports,1,11613,5,11032.35,Delhi,Delhi,ST001,Cash
S000000779,2026-06-01,C03935,P0004,Men T-Shirt,Fashion,1,4185,10,3766.5,Chennai,Tamil Nadu,ST005,Cash
S000000780,2026-06-01,C17025,P0006,Rice Bag,Grocery,5,497,10,2236.5,Pune,Maharashtra,ST006,Net Banking
S000000781,2026-06-01,C22554,P0001,iPhone 16,Electronics,3,89374,5,254715.9,Kolkata,West Bengal,ST007,UPI
S000000782,2026-06-01,C37805,P0010,Cricket Bat,Sports,3,6118,10,16518.6,Jaipur,Rajasthan,ST009,Credit Card
S000000783,2026-06-01,C44119,P0009,Office Chair,Home,1,6743,20,5394.4,Ahmedabad,Gujarat,ST008,Cash
S000000784,2026-06-01,C18778,P0008,Dining Table,Home,3,7411,20,17786.4,Bengaluru,Karnataka,ST003,Credit Card
S000000785,2026-06-01,C37463,P0007,Milk,Grocery,2,195,5,370.5,Mumbai,Maharashtra,ST002,UPI
S000000786,2026-06-01,C20545,P0006,Rice Bag,Grocery,5,350,15,1487.5,Chennai,Tamil Nadu,ST005,Debit Card
S000000787,2026-06-01,C17777,P0008,Dining Table,Home,5,7877,15,33477.25,Pune,Maharashtra,ST006,Net Banking
S000000788,2026-06-01,C10966,P0003,Laptop,Electronics,2,42983,0,85966.0,Delhi,Delhi,ST001,Credit Card
S000000789,2026-06-01,C13801,P0003,Laptop,Electronics,1,18361,15,15606.85,Kolkata,West Bengal,ST007,UPI
S000000790,2026-06-01,C35943,P0001,iPhone 16,Electronics,5,20911,0,104555.0,Delhi,Delhi,ST001,Cash
S000000791,2026-06-01,C17201,P0010,Cricket Bat,Sports,4,5368,5,20398.4,Bengaluru,Karnataka,ST003,UPI
S000000792,2026-06-01,C16214,P0005,Women's Jeans,Fashion,2,4815,5,9148.5,Ahmedabad,Gujarat,ST008,Credit Card
S000000793,2026-06-01,C01873,P0001,iPhone 16,Electronics,4,71235,20,227952.0,Pune,Maharashtra,ST006,Debit Card
S000000794,2026-06-01,C17853,P0009,Office Chair,Home,5,3400,20,13600.0,Ahmedabad,Gujarat,ST008,Credit Card
S000000795,2026-06-01,C39164,P0008,Dining Table,Home,5,9245,10,41602.5,Lucknow,Uttar Pradesh,ST010,Cash
S000000796,2026-06-01,C22753,P0008,Dining Table,Home,1,7739,10,6965.1,Jaipur,Rajasthan,ST009,Credit Card
S000000797,2026-06-01,C23972,P0007,Milk,Grocery,3,25,0,75.0,Chennai,Tamil Nadu,ST005,Credit Card
S000000798,2026-06-01,C34297,P0003,Laptop,Electronics,4,80136,0,320544.0,Pune,Maharashtra,ST006,Debit Card
S000000799,2026-06-01,C45074,P0008,Dining Table,Home,1,7552,10,6796.8,Ahmedabad,Gujarat,ST008,Debit Card
S000000800,2026-06-01,C39126,P0004,Men T-Shirt,Fashion,3,2044,15,5212.2,Delhi,Delhi,ST001,Net Banking
S000000801,2026-06-01,C36737,P0007,Milk,Grocery,2,386,15,656.2,Kolkata,West Bengal,ST007,Credit Card
S000000802,2026-06-01,C24797,P0004,Men T-Shirt,Fashion,4,2462,20,7878.4,Chennai,Tamil Nadu,ST005,UPI
S000000803,2026-06-01,C40188,P0005,Women's Jeans,Fashion,3,3882,5,11063.7,Chennai,Tamil Nadu,ST005,Net Banking
S000000804,2026-06-01,C04487,P0003,Laptop,Electronics,1,69682,20,55745.6,Bengaluru,Karnataka,ST003,Debit Card
S000000805,2026-06-01,C29673,P0005,Women's Jeans,Fashion,2,3126,0,6252.0,Lucknow,Uttar Pradesh,ST010,Cash
S000000806,2026-06-01,C09972,P0001,iPhone 16,Electronics,2,23405,10,42129.0,Jaipur,Rajasthan,ST009,UPI
S000000807,2026-06-01,C17642,P0003,Laptop,Electronics,2,21822,5,41461.8,Ahmedabad,Gujarat,ST008,UPI
S000000808,2026-06-01,C00966,P0008,Dining Table,Home,4,5604,15,19053.6,Hyderabad,Telangana,ST004,Debit Card
S000000809,2026-06-01,C24340,P0008,Dining Table,Home,1,2893,0,2893.0,Delhi,Delhi,ST001,Debit Card
S000000810,2026-06-01,C17466,P0007,Milk,Grocery,4,112,5,425.6,Mumbai,Maharashtra,ST002,Net Banking
S000000811,2026-06-01,C16390,P0007,Milk,Grocery,2,217,15,368.9,Delhi,Delhi,ST001,UPI
S000000812,2026-06-01,C16199,P0001,iPhone 16,Electronics,1,78306,5,74390.7,Hyderabad,Telangana,ST004,Cash
S000000813,2026-06-01,C30988,P0007,Milk,Grocery,2,342,0,684.0,Chennai,Tamil Nadu,ST005,Debit Card
S000000814,2026-06-01,C48807,P0009,Office Chair,Home,3,8384,10,22636.8,Jaipur,Rajasthan,ST009,UPI
S000000815,2026-06-01,C13024,P0006,Rice Bag,Grocery,1,140,15,119.0,Delhi,Delhi,ST001,Credit Card
S000000816,2026-06-01,C21268,P0001,iPhone 16,Electronics,5,25682,15,109148.5,Bengaluru,Karnataka,ST003,Debit Card
S000000817,2026-06-01,C15932,P0001,iPhone 16,Electronics,4,88146,5,334954.8,Delhi,Delhi,ST001,Net Banking
S000000818,2026-06-01,C24340,P0002,Samsung TV,Electronics,4,21980,20,70336.0,Hyderabad,Telangana,ST004,Credit Card
S000000819,2026-06-01,C22179,P0001,iPhone 16,Electronics,2,80300,0,160600.0,Delhi,Delhi,ST001,Debit Card
S000000820,2026-06-01,C08247,P0008,Dining Table,Home,5,6190,15,26307.5,Hyderabad,Telangana,ST004,Debit Card
S000000821,2026-06-01,C48051,P0004,Men T-Shirt,Fashion,3,1603,10,4328.1,Delhi,Delhi,ST001,Cash
S000000822,2026-06-01,C02588,P0008,Dining Table,Home,3,9392,15,23949.6,Ahmedabad,Gujarat,ST008,Net Banking
S000000823,2026-06-01,C12438,P0010,Cricket Bat,Sports,3,5603,15,14287.65,Bengaluru,Karnataka,ST003,Net Banking
S000000824,2026-06-01,C18044,P0010,Cricket Bat,Sports,1,9002,5,8551.9,Jaipur,Rajasthan,ST009,Credit Card
S000000825,2026-06-01,C29451,P0005,Women's Jeans,Fashion,3,4219,0,12657.0,Chennai,Tamil Nadu,ST005,Net Banking
S000000826,2026-06-01,C41814,P0009,Office Chair,Home,1,6465,20,5172.0,Kolkata,West Bengal,ST007,Credit Card
S000000827,2026-06-01,C15650,P0006,Rice Bag,Grocery,4,117,20,374.4,Mumbai,Maharashtra,ST002,Net Banking
S000000828,2026-06-01,C44776,P0008,Dining Table,Home,5,5138,10,23121.0,Jaipur,Rajasthan,ST009,Credit Card
S000000829,2026-06-01,C26857,P0006,Rice Bag,Grocery,5,357,0,1785.0,Mumbai,Maharashtra,ST002,UPI
S000000830,2026-06-01,C02869,P0003,Laptop,Electronics,2,24031,15,40852.7,Bengaluru,Karnataka,ST003,UPI
S000000831,2026-06-01,C12558,P0002,Samsung TV,Electronics,4,74213,20,237481.6,Delhi,Delhi,ST001,Net Banking
S000000832,2026-06-01,C40893,P0010,Cricket Bat,Sports,3,3916,20,9398.4,Chennai,Tamil Nadu,ST005,UPI
S000000833,2026-06-01,C47045,P0002,Samsung TV,Electronics,4,20480,15,69632.0,Delhi,Delhi,ST001,Credit Card
S000000834,2026-06-01,C41873,P0001,iPhone 16,Electronics,4,58374,0,233496.0,Pune,Maharashtra,ST006,Net Banking
S000000835,2026-06-01,C40432,P0005,Women's Jeans,Fashion,1,2989,0,2989.0,Jaipur,Rajasthan,ST009,UPI
S000000836,2026-06-01,C14150,P0009,Office Chair,Home,2,9210,15,15657.0,Mumbai,Maharashtra,ST002,UPI
S000000837,2026-06-01,C12417,P0004,Men T-Shirt,Fashion,5,1965,20,7860.0,Jaipur,Rajasthan,ST009,Credit Card
S000000838,2026-06-01,C49100,P0009,Office Chair,Home,5,6364,15,27047.0,Kolkata,West Bengal,ST007,UPI
S000000839,2026-06-01,C46043,P0007,Milk,Grocery,2,301,15,511.7,Mumbai,Maharashtra,ST002,Credit Card
S000000840,2026-06-01,C33076,P0006,Rice Bag,Grocery,5,246,10,1107.0,Bengaluru,Karnataka,ST003,Net Banking
S000000841,2026-06-01,C20654,P0009,Office Chair,Home,4,7554,10,27194.4,Pune,Maharashtra,ST006,Debit Card
S000000842,2026-06-01,C39873,P0004,Men T-Shirt,Fashion,2,3572,20,5715.2,Lucknow,Uttar Pradesh,ST010,Net Banking
S000000843,2026-06-01,C48797,P0005,Women's Jeans,Fashion,4,3752,0,15008.0,Pune,Maharashtra,ST006,Cash
S000000844,2026-06-01,C47600,P0001,iPhone 16,Electronics,1,77844,5,73951.8,Chennai,Tamil Nadu,ST005,Net Banking
S000000845,2026-06-01,C19782,P0001,iPhone 16,Electronics,2,51275,0,102550.0,Chennai,Tamil Nadu,ST005,Credit Card
S000000846,2026-06-01,C45202,P0005,Women's Jeans,Fashion,5,1767,0,8835.0,Jaipur,Rajasthan,ST009,Net Banking
S000000847,2026-06-01,C02474,P0008,Dining Table,Home,2,4841,10,8713.8,Pune,Maharashtra,ST006,Credit Card
S000000848,2026-06-01,C38153,P0004,Men T-Shirt,Fashion,3,1252,20,3004.8,Hyderabad,Telangana,ST004,Debit Card
S000000849,2026-06-01,C26202,P0010,Cricket Bat,Sports,3,13290,15,33889.5,Hyderabad,Telangana,ST004,UPI
S000000850,2026-06-01,C11332,P0008,Dining Table,Home,5,5421,0,27105.0,Lucknow,Uttar Pradesh,ST010,UPI
S000000851,2026-06-01,C47894,P0010,Cricket Bat,Sports,1,12930,10,11637.0,Kolkata,West Bengal,ST007,UPI
S000000852,2026-06-01,C22802,P0007,Milk,Grocery,2,402,20,643.2,Kolkata,West Bengal,ST007,UPI
S000000853,2026-06-01,C00750,P0007,Milk,Grocery,5,41,10,184.5,Delhi,Delhi,ST001,Debit Card
S000000854,2026-06-01,C35385,P0010,Cricket Bat,Sports,5,11732,5,55727.0,Bengaluru,Karnataka,ST003,Debit Card
S000000855,2026-06-01,C10040,P0001,iPhone 16,Electronics,5,85399,20,341596.0,Kolkata,West Bengal,ST007,Cash
S000000856,2026-06-01,C05904,P0004,Men T-Shirt,Fashion,4,1712,5,6505.6,Kolkata,West Bengal,ST007,Debit Card
S000000857,2026-06-01,C22032,P0002,Samsung TV,Electronics,1,81847,15,69569.95,Ahmedabad,Gujarat,ST008,Net Banking
S000000858,2026-06-01,C17207,P0002,Samsung TV,Electronics,4,27088,5,102934.4,Kolkata,West Bengal,ST007,Net Banking
S000000859,2026-06-01,C31518,P0009,Office Chair,Home,4,9860,5,37468.0,Hyderabad,Telangana,ST004,Cash
S000000860,2026-06-01,C36777,P0010,Cricket Bat,Sports,2,1473,10,2651.4,Jaipur,Rajasthan,ST009,Credit Card
S000000861,2026-06-01,C28185,P0006,Rice Bag,Grocery,1,363,15,308.55,Lucknow,Uttar Pradesh,ST010,UPI
S000000862,2026-06-01,C27758,P0006,Rice Bag,Grocery,3,196,20,470.4,Pune,Maharashtra,ST006,Credit Card
S000000863,2026-06-01,C42953,P0001,iPhone 16,Electronics,3,67961,20,163106.4,Chennai,Tamil Nadu,ST005,Credit Card
S000000864,2026-06-01,C09557,P0008,Dining Table,Home,2,6624,5,12585.6,Delhi,Delhi,ST001,Credit Card
S000000865,2026-06-01,C49659,P0002,Samsung TV,Electronics,2,29356,10,52840.8,Mumbai,Maharashtra,ST002,UPI
S000000866,2026-06-01,C00901,P0006,Rice Bag,Grocery,4,261,0,1044.0,Mumbai,Maharashtra,ST002,Debit Card
S000000867,2026-06-01,C21750,P0004,Men T-Shirt,Fashion,2,4976,20,7961.6,Jaipur,Rajasthan,ST009,Credit Card
S000000868,2026-06-01,C49176,P0005,Women's Jeans,Fashion,5,1657,0,8285.0,Jaipur,Rajasthan,ST009,Cash
S000000869,2026-06-01,C24682,P0010,Cricket Bat,Sports,3,3090,0,9270.0,Jaipur,Rajasthan,ST009,UPI
S000000870,2026-06-01,C18614,P0004,Men T-Shirt,Fashion,1,4308,0,4308.0,Lucknow,Uttar Pradesh,ST010,Debit Card
S000000871,2026-06-01,C04365,P0007,Milk,Grocery,1,29,10,26.1,Chennai,Tamil Nadu,ST005,Debit Card
S000000872,2026-06-01,C42560,P0007,Milk,Grocery,5,383,0,1915.0,Hyderabad,Telangana,ST004,Cash
S000000873,2026-06-01,C20674,P0008,Dining Table,Home,1,3554,5,3376.3,Lucknow,Uttar Pradesh,ST010,Net Banking
S000000874,2026-06-01,C32811,P0008,Dining Table,Home,1,4553,20,3642.4,Jaipur,Rajasthan,ST009,UPI
S000000875,2026-06-01,C19984,P0006,Rice Bag,Grocery,2,29,10,52.2,Ahmedabad,Gujarat,ST008,Cash
S000000876,2026-06-01,C44848,P0006,Rice Bag,Grocery,2,276,10,496.8,Pune,Maharashtra,ST006,Debit Card
S000000877,2026-06-01,C04064,P0005,Women's Jeans,Fashion,5,2795,5,13276.25,Kolkata,West Bengal,ST007,UPI
S000000878,2026-06-01,C09943,P0006,Rice Bag,Grocery,1,393,15,334.05,Kolkata,West Bengal,ST007,Credit Card
S000000879,2026-06-01,C34126,P0010,Cricket Bat,Sports,2,9686,5,18403.4,Hyderabad,Telangana,ST004,Cash
S000000880,2026-06-01,C27949,P0005,Women's Jeans,Fashion,4,4941,5,18775.8,Lucknow,Uttar Pradesh,ST010,Debit Card
S000000881,2026-06-01,C13551,P0003,Laptop,Electronics,2,28102,10,50583.6,Lucknow,Uttar Pradesh,ST010,Net Banking
S000000882,2026-06-01,C45124,P0009,Office Chair,Home,2,9754,5,18532.6,Bengaluru,Karnataka,ST003,Cash
S000000883,2026-06-01,C20808,P0002,Samsung TV,Electronics,1,34134,10,30720.6,Jaipur,Rajasthan,ST009,Net Banking
S000000884,2026-06-01,C09537,P0001,iPhone 16,Electronics,4,49760,15,169184.0,Pune,Maharashtra,ST006,Cash
S000000885,2026-06-01,C48865,P0005,Women's Jeans,Fashion,1,1577,5,1498.15,Bengaluru,Karnataka,ST003,Credit Card
S000000886,2026-06-01,C01717,P0010,Cricket Bat,Sports,5,9590,20,38360.0,Lucknow,Uttar Pradesh,ST010,Debit Card
S000000887,2026-06-01,C15134,P0010,Cricket Bat,Sports,1,6186,0,6186.0,Hyderabad,Telangana,ST004,Credit Card
S000000888,2026-06-01,C45099,P0008,Dining Table,Home,5,8180,10,36810.0,Bengaluru,Karnataka,ST003,Net Banking
S000000889,2026-06-01,C12058,P0007,Milk,Grocery,2,103,5,195.7,Ahmedabad,Gujarat,ST008,Cash
S000000890,2026-06-01,C14830,P0001,iPhone 16,Electronics,3,64138,5,182793.3,Kolkata,West Bengal,ST007,UPI
S000000891,2026-06-01,C48652,P0004,Men T-Shirt,Fashion,2,4098,20,6556.8,Hyderabad,Telangana,ST004,UPI
S000000892,2026-06-01,C32109,P0006,Rice Bag,Grocery,4,227,0,908.0,Ahmedabad,Gujarat,ST008,Credit Card
S000000893,2026-06-01,C39842,P0007,Milk,Grocery,5,500,20,2000.0,Pune,Maharashtra,ST006,Cash
S000000894,2026-06-01,C38916,P0009,Office Chair,Home,5,2291,15,9736.75,Jaipur,Rajasthan,ST009,UPI
S000000895,2026-06-01,C29944,P0001,iPhone 16,Electronics,5,61853,0,309265.0,Hyderabad,Telangana,ST004,Net Banking
S000000896,2026-06-01,C36550,P0007,Milk,Grocery,2,169,15,287.3,Jaipur,Rajasthan,ST009,UPI
S000000897,2026-06-01,C26086,P0005,Women's Jeans,Fashion,2,3960,10,7128.0,Chennai,Tamil Nadu,ST005,Cash
S000000898,2026-06-01,C40183,P0001,iPhone 16,Electronics,4,69204,0,276816.0,Jaipur,Rajasthan,ST009,Credit Card
S000000899,2026-06-01,C47360,P0009,Office Chair,Home,5,9452,5,44897.0,Mumbai,Maharashtra,ST002,Credit Card
S000000900,2026-06-01,C25761,P0007,Milk,Grocery,1,111,15,94.35,Pune,Maharashtra,ST006,Cash
S000000901,2026-06-01,C38687,P0004,Men T-Shirt,Fashion,3,3154,5,8988.9,Ahmedabad,Gujarat,ST008,UPI
S000000902,2026-06-01,C47080,P0002,Samsung TV,Electronics,4,57571,0,230284.0,Mumbai,Maharashtra,ST002,UPI
S000000903,2026-06-01,C34329,P0007,Milk,Grocery,2,213,20,340.8,Jaipur,Rajasthan,ST009,Net Banking
S000000904,2026-06-01,C24944,P0001,iPhone 16,Electronics,5,29672,5,140942.0,Bengaluru,Karnataka,ST003,Debit Card
S000000905,2026-06-01,C09477,P0003,Laptop,Electronics,3,50569,15,128950.95,Delhi,Delhi,ST001,Cash
S000000906,2026-06-01,C18926,P0003,Laptop,Electronics,2,10463,20,16740.8,Mumbai,Maharashtra,ST002,Credit Card
S000000907,2026-06-01,C16588,P0001,iPhone 16,Electronics,4,81237,0,324948.0,Ahmedabad,Gujarat,ST008,Cash
S000000908,2026-06-01,C39845,P0008,Dining Table,Home,5,8294,15,35249.5,Hyderabad,Telangana,ST004,Credit Card
S000000909,2026-06-01,C26880,P0008,Dining Table,Home,5,607,5,2883.25,Mumbai,Maharashtra,ST002,Net Banking
S000000910,2026-06-01,C35871,P0005,Women's Jeans,Fashion,2,900,5,1710.0,Lucknow,Uttar Pradesh,ST010,Net Banking
S000000911,2026-06-01,C09717,P0001,iPhone 16,Electronics,2,14250,20,22800.0,Pune,Maharashtra,ST006,UPI
S000000912,2026-06-01,C39537,P0005,Women's Jeans,Fashion,1,1392,15,1183.2,Pune,Maharashtra,ST006,UPI
S000000913,2026-06-01,C11682,P0003,Laptop,Electronics,5,85010,20,340040.0,Chennai,Tamil Nadu,ST005,Net Banking
S000000914,2026-06-01,C11628,P0008,Dining Table,Home,1,2025,10,1822.5,Lucknow,Uttar Pradesh,ST010,Debit Card
S000000915,2026-06-01,C21157,P0006,Rice Bag,Grocery,4,451,20,1443.2,Kolkata,West Bengal,ST007,UPI
S000000916,2026-06-01,C04255,P0005,Women's Jeans,Fashion,1,2748,10,2473.2,Ahmedabad,Gujarat,ST008,Credit Card
S000000917,2026-06-01,C34541,P0007,Milk,Grocery,2,333,0,666.0,Jaipur,Rajasthan,ST009,Credit Card
S000000918,2026-06-01,C07164,P0010,Cricket Bat,Sports,4,12163,20,38921.6,Jaipur,Rajasthan,ST009,UPI
S000000919,2026-06-01,C46322,P0005,Women's Jeans,Fashion,3,2627,20,6304.8,Kolkata,West Bengal,ST007,Net Banking
S000000920,2026-06-01,C37693,P0010,Cricket Bat,Sports,5,9518,15,40451.5,Pune,Maharashtra,ST006,Credit Card
S000000921,2026-06-01,C34060,P0008,Dining Table,Home,5,4312,10,19404.0,Ahmedabad,Gujarat,ST008,Credit Card
S000000922,2026-06-01,C12685,P0001,iPhone 16,Electronics,4,25456,5,96732.8,Mumbai,Maharashtra,ST002,UPI
S000000923,2026-06-01,C40325,P0007,Milk,Grocery,3,199,20,477.6,Kolkata,West Bengal,ST007,UPI
S000000924,2026-06-01,C41780,P0004,Men T-Shirt,Fashion,3,2584,0,7752.0,Delhi,Delhi,ST001,Credit Card
S000000925,2026-06-01,C20171,P0005,Women's Jeans,Fashion,3,550,0,1650.0,Jaipur,Rajasthan,ST009,Net Banking
S000000926,2026-06-01,C44947,P0006,Rice Bag,Grocery,5,335,0,1675.0,Pune,Maharashtra,ST006,Cash
S000000927,2026-06-01,C11511,P0004,Men T-Shirt,Fashion,4,4387,0,17548.0,Pune,Maharashtra,ST006,Debit Card
S000000928,2026-06-01,C42314,P0003,Laptop,Electronics,4,80381,10,289371.6,Ahmedabad,Gujarat,ST008,Credit Card
S000000929,2026-06-01,C30309,P0007,Milk,Grocery,3,309,10,834.3,Delhi,Delhi,ST001,Net Banking
S000000930,2026-06-01,C36385,P0009,Office Chair,Home,5,5934,10,26703.0,Delhi,Delhi,ST001,Credit Card
S000000931,2026-06-01,C04340,P0003,Laptop,Electronics,3,59183,20,142039.2,Chennai,Tamil Nadu,ST005,UPI
S000000932,2026-06-01,C10877,P0010,Cricket Bat,Sports,2,10051,0,20102.0,Lucknow,Uttar Pradesh,ST010,Cash
S000000933,2026-06-01,C49253,P0005,Women's Jeans,Fashion,3,3890,0,11670.0,Pune,Maharashtra,ST006,UPI
S000000934,2026-06-01,C32575,P0004,Men T-Shirt,Fashion,3,2270,20,5448.0,Pune,Maharashtra,ST006,Cash
S000000935,2026-06-01,C19813,P0003,Laptop,Electronics,1,36489,0,36489.0,Mumbai,Maharashtra,ST002,Debit Card
S000000936,2026-06-01,C29084,P0009,Office Chair,Home,5,3024,5,14364.0,Delhi,Delhi,ST001,Cash
S000000937,2026-06-01,C22290,P0008,Dining Table,Home,3,2847,0,8541.0,Jaipur,Rajasthan,ST009,Debit Card
S000000938,2026-06-01,C33827,P0003,Laptop,Electronics,4,60801,20,194563.2,Hyderabad,Telangana,ST004,UPI
S000000939,2026-06-01,C07592,P0001,iPhone 16,Electronics,5,21413,10,96358.5,Chennai,Tamil Nadu,ST005,UPI
S000000940,2026-06-01,C30598,P0001,iPhone 16,Electronics,3,12946,20,31070.4,Mumbai,Maharashtra,ST002,Net Banking
S000000941,2026-06-01,C49709,P0005,Women's Jeans,Fashion,2,2077,10,3738.6,Hyderabad,Telangana,ST004,Debit Card
S000000942,2026-06-01,C18131,P0009,Office Chair,Home,1,4967,5,4718.65,Pune,Maharashtra,ST006,Cash
S000000943,2026-06-01,C10322,P0005,Women's Jeans,Fashion,5,4711,0,23555.0,Mumbai,Maharashtra,ST002,UPI
S000000944,2026-06-01,C13539,P0009,Office Chair,Home,3,4940,5,14079.0,Pune,Maharashtra,ST006,Net Banking
S000000945,2026-06-01,C46161,P0005,Women's Jeans,Fashion,2,1083,10,1949.4,Lucknow,Uttar Pradesh,ST010,Credit Card
S000000946,2026-06-01,C40191,P0006,Rice Bag,Grocery,1,86,0,86.0,Jaipur,Rajasthan,ST009,Cash
S000000947,2026-06-01,C30851,P0001,iPhone 16,Electronics,1,21287,15,18093.95,Mumbai,Maharashtra,ST002,Cash
S000000948,2026-06-01,C25685,P0003,Laptop,Electronics,4,56612,10,203803.2,Lucknow,Uttar Pradesh,ST010,Net Banking
S000000949,2026-06-01,C21780,P0004,Men T-Shirt,Fashion,4,1579,0,6316.0,Jaipur,Rajasthan,ST009,UPI
S000000950,2026-06-01,C45784,P0008,Dining Table,Home,3,8125,15,20718.75,Mumbai,Maharashtra,ST002,Cash
S000000951,2026-06-01,C15185,P0004,Men T-Shirt,Fashion,3,3477,15,8866.35,Bengaluru,Karnataka,ST003,Net Banking
S000000952,2026-06-01,C12017,P0006,Rice Bag,Grocery,4,35,0,140.0,Pune,Maharashtra,ST006,Cash
S000000953,2026-06-01,C31152,P0002,Samsung TV,Electronics,4,32387,10,116593.2,Pune,Maharashtra,ST006,Cash
S000000954,2026-06-01,C22847,P0010,Cricket Bat,Sports,5,1986,15,8440.5,Lucknow,Uttar Pradesh,ST010,Credit Card
S000000955,2026-06-01,C46811,P0002,Samsung TV,Electronics,1,49599,20,39679.2,Pune,Maharashtra,ST006,Net Banking
S000000956,2026-06-01,C30211,P0007,Milk,Grocery,2,337,5,640.3,Lucknow,Uttar Pradesh,ST010,Cash
S000000957,2026-06-01,C35911,P0003,Laptop,Electronics,1,54658,5,51925.1,Ahmedabad,Gujarat,ST008,Cash
S000000958,2026-06-01,C45486,P0010,Cricket Bat,Sports,5,13199,10,59395.5,Kolkata,West Bengal,ST007,Cash
S000000959,2026-06-01,C35687,P0004,Men T-Shirt,Fashion,5,4486,0,22430.0,Bengaluru,Karnataka,ST003,UPI
S000000960,2026-06-01,C38809,P0010,Cricket Bat,Sports,5,1899,15,8070.75,Ahmedabad,Gujarat,ST008,Debit Card
S000000961,2026-06-01,C11546,P0005,Women's Jeans,Fashion,5,1390,20,5560.0,Kolkata,West Bengal,ST007,UPI
S000000962,2026-06-01,C24833,P0006,Rice Bag,Grocery,1,131,5,124.45,Ahmedabad,Gujarat,ST008,UPI
S000000963,2026-06-01,C38062,P0001,iPhone 16,Electronics,4,79632,10,286675.2,Bengaluru,Karnataka,ST003,Credit Card
S000000964,2026-06-01,C25558,P0010,Cricket Bat,Sports,2,3669,10,6604.2,Lucknow,Uttar Pradesh,ST010,Cash
S000000965,2026-06-01,C19644,P0010,Cricket Bat,Sports,3,1762,20,4228.8,Chennai,Tamil Nadu,ST005,Cash
S000000966,2026-06-01,C00533,P0010,Cricket Bat,Sports,2,14267,10,25680.6,Jaipur,Rajasthan,ST009,Cash
S000000967,2026-06-01,C04091,P0006,Rice Bag,Grocery,1,380,20,304.0,Jaipur,Rajasthan,ST009,UPI
S000000968,2026-06-01,C23544,P0002,Samsung TV,Electronics,2,66585,20,106536.0,Chennai,Tamil Nadu,ST005,UPI
S000000969,2026-06-01,C25839,P0006,Rice Bag,Grocery,4,242,20,774.4,Kolkata,West Bengal,ST007,Cash
S000000970,2026-06-01,C13843,P0003,Laptop,Electronics,2,82800,15,140760.0,Ahmedabad,Gujarat,ST008,Credit Card
S000000971,2026-06-01,C23612,P0007,Milk,Grocery,2,88,0,176.0,Bengaluru,Karnataka,ST003,Debit Card
S000000972,2026-06-01,C04702,P0001,iPhone 16,Electronics,4,27796,0,111184.0,Bengaluru,Karnataka,ST003,Cash
S000000973,2026-06-01,C08993,P0007,Milk,Grocery,4,339,5,1288.2,Ahmedabad,Gujarat,ST008,Net Banking
S000000974,2026-06-01,C29780,P0009,Office Chair,Home,4,6803,10,24490.8,Kolkata,West Bengal,ST007,Net Banking
S000000975,2026-06-01,C14795,P0003,Laptop,Electronics,1,85751,15,72888.35,Kolkata,West Bengal,ST007,Net Banking
S000000976,2026-06-01,C47902,P0004,Men T-Shirt,Fashion,4,4974,20,15916.8,Jaipur,Rajasthan,ST009,Debit Card
S000000977,2026-06-01,C24050,P0001,iPhone 16,Electronics,4,58310,0,233240.0,Delhi,Delhi,ST001,Net Banking
S000000978,2026-06-01,C38029,P0008,Dining Table,Home,5,5078,15,21581.5,Mumbai,Maharashtra,ST002,Credit Card
S000000979,2026-06-01,C33879,P0002,Samsung TV,Electronics,1,42142,15,35820.7,Jaipur,Rajasthan,ST009,Net Banking
S000000980,2026-06-01,C41332,P0002,Samsung TV,Electronics,3,16917,10,45675.9,Jaipur,Rajasthan,ST009,Net Banking
S000000981,2026-06-01,C35064,P0001,iPhone 16,Electronics,5,71503,20,286012.0,Ahmedabad,Gujarat,ST008,Cash
S000000982,2026-06-01,C48092,P0006,Rice Bag,Grocery,3,168,5,478.8,Kolkata,West Bengal,ST007,Debit Card
S000000983,2026-06-01,C02316,P0010,Cricket Bat,Sports,3,1306,15,3330.3,Chennai,Tamil Nadu,ST005,Net Banking
S000000984,2026-06-01,C37890,P0003,Laptop,Electronics,3,13578,10,36660.6,Lucknow,Uttar Pradesh,ST010,UPI
S000000985,2026-06-01,C31770,P0002,Samsung TV,Electronics,1,46418,10,41776.2,Bengaluru,Karnataka,ST003,Net Banking
S000000986,2026-06-01,C08687,P0010,Cricket Bat,Sports,3,532,0,1596.0,Chennai,Tamil Nadu,ST005,Debit Card
S000000987,2026-06-01,C39573,P0003,Laptop,Electronics,4,58466,5,222170.8,Lucknow,Uttar Pradesh,ST010,Credit Card
S000000988,2026-06-01,C17122,P0004,Men T-Shirt,Fashion,5,771,10,3469.5,Ahmedabad,Gujarat,ST008,Credit Card
S000000989,2026-06-01,C05532,P0003,Laptop,Electronics,4,64125,15,218025.0,Lucknow,Uttar Pradesh,ST010,Credit Card
S000000990,2026-06-01,C15595,P0008,Dining Table,Home,5,6153,0,30765.0,Bengaluru,Karnataka,ST003,Credit Card
S000000991,2026-06-01,C42092,P0005,Women's Jeans,Fashion,2,4301,15,7311.7,Mumbai,Maharashtra,ST002,UPI
S000000992,2026-06-01,C31211,P0005,Women's Jeans,Fashion,2,3611,15,6138.7,Ahmedabad,Gujarat,ST008,Net Banking
S000000993,2026-06-01,C31103,P0005,Women's Jeans,Fashion,4,597,10,2149.2,Bengaluru,Karnataka,ST003,Net Banking
S000000994,2026-06-01,C29414,P0007,Milk,Grocery,1,69,20,55.2,Pune,Maharashtra,ST006,Net Banking
S000000995,2026-06-01,C41775,P0006,Rice Bag,Grocery,3,191,10,515.7,Kolkata,West Bengal,ST007,Net Banking
S000000996,2026-06-01,C17504,P0002,Samsung TV,Electronics,4,70438,5,267664.4,Chennai,Tamil Nadu,ST005,Net Banking
S000000997,2026-06-01,C48124,P0010,Cricket Bat,Sports,3,11403,5,32498.55,Hyderabad,Telangana,ST004,Net Banking
S000000998,2026-06-01,C20531,P0009,Office Chair,Home,1,695,15,590.75,Delhi,Delhi,ST001,UPI
S000000999,2026-06-01,C06403,P0009,Office Chair,Home,3,4094,10,11053.8,Mumbai,Maharashtra,ST002,Cash
S000001000,2026-06-01,C16509,P0004,Men T-Shirt,Fashion,5,1253,0,6265.0,Delhi,Delhi,ST001,UPI
