sale_id,sale_date,customer_id,product_id,product_name,category,quantity,unit_price,discount_pct,total_amount,city,state,store_id,payment_mode
S000004001,2026-06-05,C23073,P0002,Samsung TV,Electronics,4,66485,10,239346.0,Bengaluru,Karnataka,ST003,Debit Card
S000004002,2026-06-05,C00375,P0001,iPhone 16,Electronics,5,68511,10,308299.5,Delhi,Delhi,ST001,Cash
S000004003,2026-06-05,C34146,P0007,Milk,Grocery,3,369,0,1107.0,Jaipur,Rajasthan,ST009,Credit Card
S000004004,2026-06-05,C23424,P0002,Samsung TV,Electronics,3,43469,10,117366.3,Kolkata,West Bengal,ST007,Cash
S000004005,2026-06-05,C06981,P0003,Laptop,Electronics,3,44080,0,132240.0,Bengaluru,Karnataka,ST003,Debit Card
S000004006,2026-06-05,C33574,P0010,Cricket Bat,Sports,3,380,5,1083.0,Lucknow,Uttar Pradesh,ST010,Cash
S000004007,2026-06-05,C13220,P0004,Men T-Shirt,Fashion,5,3988,0,19940.0,Jaipur,Rajasthan,ST009,Cash
S000004008,2026-06-05,C33592,P0004,Men T-Shirt,Fashion,1,1020,15,867.0,Pune,Maharashtra,ST006,Cash
S000004009,2026-06-05,C01303,P0004,Men T-Shirt,Fashion,1,2943,10,2648.7,Kolkata,West Bengal,ST007,Credit Card
S000004010,2026-06-05,C10085,P0004,Men T-Shirt,Fashion,1,1920,0,1920.0,Jaipur,Rajasthan,ST009,Cash
S000004011,2026-06-05,C45462,P0006,Rice Bag,Grocery,5,396,20,1584.0,Delhi,Delhi,ST001,Net Banking
S000004012,2026-06-05,C14637,P0001,iPhone 16,Electronics,1,37864,10,34077.6,Lucknow,Uttar Pradesh,ST010,Debit Card
S000004013,2026-06-05,C43777,P0010,Cricket Bat,Sports,4,10752,0,43008.0,Delhi,Delhi,ST001,Net Banking
S000004014,2026-06-05,C39807,P0008,Dining Table,Home,5,8478,5,40270.5,Lucknow,Uttar Pradesh,ST010,Cash
S000004015,2026-06-05,C17875,P0006,Rice Bag,Grocery,3,76,5,216.6,Bengaluru,Karnataka,ST003,Net Banking
S000004016,2026-06-05,C23762,P0007,Milk,Grocery,5,26,10,117.0,Lucknow,Uttar Pradesh,ST010,Debit Card
S000004017,2026-06-05,C20826,P0001,iPhone 16,Electronics,3,59498,15,151719.9,Ahmedabad,Gujarat,ST008,Credit Card
S000004018,2026-06-05,C19606,P0009,Office Chair,Home,3,8663,5,24689.55,Delhi,Delhi,ST001,Net Banking
S000004019,2026-06-05,C37555,P0005,Women's Jeans,Fashion,5,4993,0,24965.0,Delhi,Delhi,ST001,Debit Card
S000004020,2026-06-05,C09199,P0007,Milk,Grocery,5,148,10,666.0,Delhi,Delhi,ST001,Credit Card
S000004021,2026-06-05,C09643,P0001,iPhone 16,Electronics,3,79526,20,190862.4,Hyderabad,Telangana,ST004,UPI
S000004022,2026-06-05,C49985,P0003,Laptop,Electronics,3,12301,15,31367.55,Pune,Maharashtra,ST006,Net Banking
S000004023,2026-06-05,C12532,P0005,Women's Jeans,Fashion,2,1289,20,2062.4,Bengaluru,Karnataka,ST003,UPI
S000004024,2026-06-05,C48766,P0008,Dining Table,Home,3,9225,15,23523.75,Ahmedabad,Gujarat,ST008,Cash
S000004025,2026-06-05,C30165,P0006,Rice Bag,Grocery,1,356,10,320.4,Lucknow,Uttar Pradesh,ST010,Debit Card
S000004026,2026-06-05,C04371,P0009,Office Chair,Home,5,3104,5,14744.0,Kolkata,West Bengal,ST007,Debit Card
S000004027,2026-06-05,C00243,P0009,Office Chair,Home,5,5742,20,22968.0,Jaipur,Rajasthan,ST009,Credit Card
S000004028,2026-06-05,C25981,P0009,Office Chair,Home,5,7385,5,35078.75,Chennai,Tamil Nadu,ST005,UPI
S000004029,2026-06-05,C16037,P0004,Men T-Shirt,Fashion,1,3453,20,2762.4,Bengaluru,Karnataka,ST003,Cash
S000004030,2026-06-05,C24691,P0010,Cricket Bat,Sports,4,7181,15,24415.4,Chennai,Tamil Nadu,ST005,Credit Card
S000004031,2026-06-05,C19172,P0009,Office Chair,Home,4,3653,0,14612.0,Hyderabad,Telangana,ST004,UPI
S000004032,2026-06-05,C25163,P0007,Milk,Grocery,2,356,0,712.0,Bengaluru,Karnataka,ST003,Net Banking
S000004033,2026-06-05,C24349,P0002,Samsung TV,Electronics,4,80894,20,258860.8,Jaipur,Rajasthan,ST009,UPI
S000004034,2026-06-05,C09803,P0005,Women's Jeans,Fashion,3,3284,20,7881.6,Bengaluru,Karnataka,ST003,Cash
S000004035,2026-06-05,C20475,P0007,Milk,Grocery,5,448,0,2240.0,Lucknow,Uttar Pradesh,ST010,Net Banking
S000004036,2026-06-05,C27552,P0003,Laptop,Electronics,4,28928,5,109926.4,Hyderabad,Telangana,ST004,Credit Card
S000004037,2026-06-05,C42846,P0008,Dining Table,Home,5,8734,20,34936.0,Mumbai,Maharashtra,ST002,Cash
S000004038,2026-06-05,C01768,P0003,Laptop,Electronics,4,85131,0,340524.0,Bengaluru,Karnataka,ST003,Credit Card
S000004039,2026-06-05,C02354,P0007,Milk,Grocery,5,341,15,1449.25,Pune,Maharashtra,ST006,Debit Card
S000004040,2026-06-05,C03646,P0009,Office Chair,Home,4,5791,10,20847.6,Chennai,Tamil Nadu,ST005,Cash
S000004041,2026-06-05,C04627,P0008,Dining Table,Home,3,5642,5,16079.7,Kolkata,West Bengal,ST007,Cash
S000004042,2026-06-05,C38886,P0009,Office Chair,Home,5,1151,15,4891.75,Mumbai,Maharashtra,ST002,Net Banking
S000004043,2026-06-05,C49083,P0004,Men T-Shirt,Fashion,1,3389,20,2711.2,Ahmedabad,Gujarat,ST008,Net Banking
S000004044,2026-06-05,C04247,P0006,Rice Bag,Grocery,1,305,20,244.0,Ahmedabad,Gujarat,ST008,Net Banking
S000004045,2026-06-05,C19825,P0006,Rice Bag,Grocery,4,105,15,357.0,Jaipur,Rajasthan,ST009,Net Banking
S000004046,2026-06-05,C36041,P0004,Men T-Shirt,Fashion,5,4692,15,19941.0,Jaipur,Rajasthan,ST009,Debit Card
S000004047,2026-06-05,C26937,P0004,Men T-Shirt,Fashion,2,638,15,1084.6,Jaipur,Rajasthan,ST009,UPI
S000004048,2026-06-05,C26123,P0002,Samsung TV,Electronics,5,62317,0,311585.0,Bengaluru,Karnataka,ST003,Credit Card
S000004049,2026-06-05,C11824,P0002,Samsung TV,Electronics,3,21562,20,51748.8,Lucknow,Uttar Pradesh,ST010,UPI
S000004050,2026-06-05,C35837,P0002,Samsung TV,Electronics,5,78549,15,333833.25,Bengaluru,Karnataka,ST003,Net Banking
S000004051,2026-06-05,C42970,P0002,Samsung TV,Electronics,1,74022,0,74022.0,Jaipur,Rajasthan,ST009,Credit Card
S000004052,2026-06-05,C26332,P0007,Milk,Grocery,1,44,15,37.4,Lucknow,Uttar Pradesh,ST010,UPI
S000004053,2026-06-05,C38414,P0003,Laptop,Electronics,2,87264,20,139622.4,Hyderabad,Telangana,ST004,Cash
S000004054,2026-06-05,C09436,P0007,Milk,Grocery,2,134,10,241.2,Jaipur,Rajasthan,ST009,Net Banking
S000004055,2026-06-05,C46298,P0009,Office Chair,Home,5,7940,0,39700.0,Kolkata,West Bengal,ST007,Debit Card
S000004056,2026-06-05,C15900,P0006,Rice Bag,Grocery,4,187,15,635.8,Delhi,Delhi,ST001,Cash
S000004057,2026-06-05,C33492,P0010,Cricket Bat,Sports,2,3429,10,6172.2,Kolkata,West Bengal,ST007,Net Banking
S000004058,2026-06-05,C23221,P0008,Dining Table,Home,4,4368,0,17472.0,Delhi,Delhi,ST001,Cash
S000004059,2026-06-05,C11195,P0004,Men T-Shirt,Fashion,3,3287,0,9861.0,Mumbai,Maharashtra,ST002,Debit Card
S000004060,2026-06-05,C44653,P0006,Rice Bag,Grocery,3,85,0,255.0,Ahmedabad,Gujarat,ST008,UPI
S000004061,2026-06-05,C34394,P0008,Dining Table,Home,2,8963,10,16133.4,Lucknow,Uttar Pradesh,ST010,Net Banking
S000004062,2026-06-05,C46591,P0005,Women's Jeans,Fashion,3,3511,20,8426.4,Chennai,Tamil Nadu,ST005,UPI
S000004063,2026-06-05,C35219,P0004,Men T-Shirt,Fashion,3,1023,10,2762.1,Mumbai,Maharashtra,ST002,UPI
S000004064,2026-06-05,C31680,P0001,iPhone 16,Electronics,2,52297,0,104594.0,Mumbai,Maharashtra,ST002,Credit Card
S000004065,2026-06-05,C13006,P0007,Milk,Grocery,1,186,15,158.1,Jaipur,Rajasthan,ST009,Cash
S000004066,2026-06-05,C34985,P0010,Cricket Bat,Sports,5,10767,15,45759.75,Mumbai,Maharashtra,ST002,UPI
S000004067,2026-06-05,C29514,P0010,Cricket Bat,Sports,1,14614,5,13883.3,Ahmedabad,Gujarat,ST008,Net Banking
S000004068,2026-06-05,C15213,P0005,Women's Jeans,Fashion,4,4697,10,16909.2,Chennai,Tamil Nadu,ST005,Debit Card
S000004069,2026-06-05,C17263,P0007,Milk,Grocery,3,32,5,91.2,Ahmedabad,Gujarat,ST008,Net Banking
S000004070,2026-06-05,C27739,P0007,Milk,Grocery,1,241,5,228.95,Chennai,Tamil Nadu,ST005,UPI
S000004071,2026-06-05,C08829,P0010,Cricket Bat,Sports,2,12725,15,21632.5,Pune,Maharashtra,ST006,Cash
S000004072,2026-06-05,C33164,P0004,Men T-Shirt,Fashion,5,4581,10,20614.5,Mumbai,Maharashtra,ST002,Debit Card
S000004073,2026-06-05,C29689,P0003,Laptop,Electronics,4,40608,0,162432.0,Lucknow,Uttar Pradesh,ST010,Credit Card
S000004074,2026-06-05,C33361,P0007,Milk,Grocery,1,89,20,71.2,Jaipur,Rajasthan,ST009,Credit Card
S000004075,2026-06-05,C05815,P0006,Rice Bag,Grocery,3,348,5,991.8,Jaipur,Rajasthan,ST009,Debit Card
S000004076,2026-06-05,C14862,P0004,Men T-Shirt,Fashion,1,3579,10,3221.1,Bengaluru,Karnataka,ST003,Debit Card
S000004077,2026-06-05,C04521,P0009,Office Chair,Home,5,4554,20,18216.0,Pune,Maharashtra,ST006,Debit Card
S000004078,2026-06-05,C28368,P0007,Milk,Grocery,2,173,10,311.4,Delhi,Delhi,ST001,Cash
S000004079,2026-06-05,C25186,P0008,Dining Table,Home,2,2504,10,4507.2,Chennai,Tamil Nadu,ST005,Cash
S000004080,2026-06-05,C48694,P0010,Cricket Bat,Sports,3,10954,0,32862.0,Pune,Maharashtra,ST006,Net Banking
S000004081,2026-06-05,C41099,P0008,Dining Table,Home,1,7458,0,7458.0,Chennai,Tamil Nadu,ST005,Net Banking
S000004082,2026-06-05,C28964,P0001,iPhone 16,Electronics,2,31703,0,63406.0,Pune,Maharashtra,ST006,UPI
S000004083,2026-06-05,C33661,P0002,Samsung TV,Electronics,5,19411,10,87349.5,Kolkata,West Bengal,ST007,Net Banking
S000004084,2026-06-05,C06481,P0004,Men T-Shirt,Fashion,4,3667,0,14668.0,Chennai,Tamil Nadu,ST005,Debit Card
S000004085,2026-06-05,C46219,P0010,Cricket Bat,Sports,2,11670,15,19839.0,Chennai,Tamil Nadu,ST005,Net Banking
S000004086,2026-06-05,C29475,P0005,Women's Jeans,Fashion,5,1527,20,6108.0,Delhi,Delhi,ST001,Credit Card
S000004087,2026-06-05,C26547,P0005,Women's Jeans,Fashion,1,1741,15,1479.85,Hyderabad,Telangana,ST004,Credit Card
S000004088,2026-06-05,C41578,P0006,Rice Bag,Grocery,5,216,5,1026.0,Delhi,Delhi,ST001,Net Banking
S000004089,2026-06-05,C07640,P0009,Office Chair,Home,4,7912,15,26900.8,Hyderabad,Telangana,ST004,Cash
S000004090,2026-06-05,C08069,P0010,Cricket Bat,Sports,4,7435,0,29740.0,Kolkata,West Bengal,ST007,Cash
S000004091,2026-06-05,C00099,P0003,Laptop,Electronics,2,46422,5,88201.8,Pune,Maharashtra,ST006,Cash
S000004092,2026-06-05,C02102,P0003,Laptop,Electronics,2,45214,20,72342.4,Bengaluru,Karnataka,ST003,Credit Card
S000004093,2026-06-05,C38561,P0009,Office Chair,Home,2,7671,15,13040.7,Delhi,Delhi,ST001,UPI
S000004094,2026-06-05,C36290,P0004,Men T-Shirt,Fashion,3,632,0,1896.0,Kolkata,West Bengal,ST007,Cash
S000004095,2026-06-05,C31088,P0008,Dining Table,Home,3,2953,10,7973.1,Lucknow,Uttar Pradesh,ST010,UPI
S000004096,2026-06-05,C18094,P0007,Milk,Grocery,3,33,20,79.2,Mumbai,Maharashtra,ST002,Debit Card
S000004097,2026-06-05,C10762,P0004,Men T-Shirt,Fashion,1,4251,10,3825.9,Hyderabad,Telangana,ST004,Debit Card
S000004098,2026-06-05,C25917,P0006,Rice Bag,Grocery,2,464,15,788.8,Kolkata,West Bengal,ST007,Debit Card
S000004099,2026-06-05,C03444,P0002,Samsung TV,Electronics,2,74174,5,140930.6,Jaipur,Rajasthan,ST009,Cash
S000004100,2026-06-05,C24879,P0004,Men T-Shirt,Fashion,5,3422,15,14543.5,Mumbai,Maharashtra,ST002,Net Banking
S000004101,2026-06-05,C40131,P0006,Rice Bag,Grocery,2,347,5,659.3,Pune,Maharashtra,ST006,Net Banking
S000004102,2026-06-05,C31849,P0008,Dining Table,Home,1,5392,20,4313.6,Kolkata,West Bengal,ST007,Debit Card
S000004103,2026-06-05,C02948,P0001,iPhone 16,Electronics,3,10325,5,29426.25,Hyderabad,Telangana,ST004,Net Banking
S000004104,2026-06-05,C48691,P0006,Rice Bag,Grocery,2,445,10,801.0,Pune,Maharashtra,ST006,UPI
S000004105,2026-06-05,C18911,P0005,Women's Jeans,Fashion,4,1652,5,6277.6,Jaipur,Rajasthan,ST009,Cash
S000004106,2026-06-05,C34960,P0009,Office Chair,Home,1,5426,15,4612.1,Hyderabad,Telangana,ST004,Net Banking
S000004107,2026-06-05,C49482,P0004,Men T-Shirt,Fashion,3,3458,10,9336.6,Hyderabad,Telangana,ST004,UPI
S000004108,2026-06-05,C24771,P0002,Samsung TV,Electronics,3,86055,5,245256.75,Pune,Maharashtra,ST006,Cash
S000004109,2026-06-05,C09753,P0006,Rice Bag,Grocery,3,376,20,902.4,Mumbai,Maharashtra,ST002,UPI
S000004110,2026-06-05,C30015,P0009,Office Chair,Home,5,5690,5,27027.5,Jaipur,Rajasthan,ST009,Cash
S000004111,2026-06-05,C04164,P0003,Laptop,Electronics,1,86436,10,77792.4,Delhi,Delhi,ST001,Debit Card
S000004112,2026-06-05,C18705,P0004,Men T-Shirt,Fashion,4,3980,0,15920.0,Ahmedabad,Gujarat,ST008,Cash
S000004113,2026-06-05,C33675,P0004,Men T-Shirt,Fashion,3,4612,0,13836.0,Delhi,Delhi,ST001,Net Banking
S000004114,2026-06-05,C03918,P0002,Samsung TV,Electronics,2,21242,10,38235.6,Jaipur,Rajasthan,ST009,Cash
S000004115,2026-06-05,C13509,P0010,Cricket Bat,Sports,1,1363,10,1226.7,Mumbai,Maharashtra,ST002,Debit Card
S000004116,2026-06-05,C14998,P0007,Milk,Grocery,4,107,0,428.0,Ahmedabad,Gujarat,ST008,Net Banking
S000004117,2026-06-05,C00969,P0008,Dining Table,Home,5,7972,0,39860.0,Jaipur,Rajasthan,ST009,UPI
S000004118,2026-06-05,C02972,P0010,Cricket Bat,Sports,3,7234,10,19531.8,Kolkata,West Bengal,ST007,Net Banking
S000004119,2026-06-05,C08446,P0006,Rice Bag,Grocery,4,348,20,1113.6,Ahmedabad,Gujarat,ST008,UPI
S000004120,2026-06-05,C42710,P0001,iPhone 16,Electronics,5,35942,5,170724.5,Bengaluru,Karnataka,ST003,Cash
S000004121,2026-06-05,C47284,P0002,Samsung TV,Electronics,2,35713,0,71426.0,Pune,Maharashtra,ST006,Debit Card
S000004122,2026-06-05,C26493,P0001,iPhone 16,Electronics,2,17108,5,32505.2,Delhi,Delhi,ST001,Credit Card
S000004123,2026-06-05,C32913,P0007,Milk,Grocery,1,365,10,328.5,Pune,Maharashtra,ST006,Debit Card
S000004124,2026-06-05,C09051,P0003,Laptop,Electronics,1,47915,5,45519.25,Chennai,Tamil Nadu,ST005,UPI
S000004125,2026-06-05,C01790,P0007,Milk,Grocery,1,72,10,64.8,Kolkata,West Bengal,ST007,Cash
S000004126,2026-06-05,C04941,P0005,Women's Jeans,Fashion,5,1660,0,8300.0,Pune,Maharashtra,ST006,Net Banking
S000004127,2026-06-05,C06256,P0007,Milk,Grocery,2,454,20,726.4,Kolkata,West Bengal,ST007,Credit Card
S000004128,2026-06-05,C09218,P0003,Laptop,Electronics,3,14896,0,44688.0,Bengaluru,Karnataka,ST003,Credit Card
S000004129,2026-06-05,C20940,P0004,Men T-Shirt,Fashion,2,1942,0,3884.0,Lucknow,Uttar Pradesh,ST010,Credit Card
S000004130,2026-06-05,C24409,P0007,Milk,Grocery,1,359,20,287.2,Bengaluru,Karnataka,ST003,UPI
S000004131,2026-06-05,C49645,P0001,iPhone 16,Electronics,2,43557,20,69691.2,Mumbai,Maharashtra,ST002,UPI
S000004132,2026-06-05,C20103,P0004,Men T-Shirt,Fashion,1,2076,5,1972.2,Hyderabad,Telangana,ST004,Net Banking
S000004133,2026-06-05,C42058,P0003,Laptop,Electronics,5,59654,0,298270.0,Pune,Maharashtra,ST006,Credit Card
S000004134,2026-06-05,C14070,P0003,Laptop,Electronics,3,53979,15,137646.45,Hyderabad,Telangana,ST004,Net Banking
S000004135,2026-06-05,C44517,P0005,Women's Jeans,Fashion,2,2992,5,5684.8,Pune,Maharashtra,ST006,Credit Card
S000004136,2026-06-05,C32808,P0007,Milk,Grocery,5,246,15,1045.5,Chennai,Tamil Nadu,ST005,Debit Card
S000004137,2026-06-05,C00327,P0003,Laptop,Electronics,5,66367,15,282059.75,Chennai,Tamil Nadu,ST005,Net Banking
S000004138,2026-06-05,C12670,P0005,Women's Jeans,Fashion,5,3421,5,16249.75,Bengaluru,Karnataka,ST003,UPI
S000004139,2026-06-05,C28657,P0008,Dining Table,Home,3,9885,20,23724.0,Ahmedabad,Gujarat,ST008,Credit Card
S000004140,2026-06-05,C41745,P0006,Rice Bag,Grocery,4,445,5,1691.0,Bengaluru,Karnataka,ST003,Net Banking
S000004141,2026-06-05,C23345,P0007,Milk,Grocery,2,216,15,367.2,Mumbai,Maharashtra,ST002,Debit Card
S000004142,2026-06-05,C24310,P0006,Rice Bag,Grocery,3,269,15,685.95,Lucknow,Uttar Pradesh,ST010,UPI
S000004143,2026-06-05,C10336,P0006,Rice Bag,Grocery,1,337,15,286.45,Hyderabad,Telangana,ST004,Net Banking
S000004144,2026-06-05,C27296,P0005,Women's Jeans,Fashion,4,3526,5,13398.8,Mumbai,Maharashtra,ST002,Debit Card
S000004145,2026-06-05,C16333,P0007,Milk,Grocery,2,167,15,283.9,Lucknow,Uttar Pradesh,ST010,Debit Card
S000004146,2026-06-05,C17747,P0007,Milk,Grocery,2,193,5,366.7,Kolkata,West Bengal,ST007,Debit Card
S000004147,2026-06-05,C36779,P0010,Cricket Bat,Sports,5,9334,10,42003.0,Kolkata,West Bengal,ST007,Credit Card
S000004148,2026-06-05,C49017,P0004,Men T-Shirt,Fashion,2,3680,15,6256.0,Bengaluru,Karnataka,ST003,Debit Card
S000004149,2026-06-05,C38823,P0003,Laptop,Electronics,3,72235,0,216705.0,Chennai,Tamil Nadu,ST005,UPI
S000004150,2026-06-05,C10267,P0008,Dining Table,Home,5,4179,10,18805.5,Kolkata,West Bengal,ST007,Credit Card
S000004151,2026-06-05,C17790,P0004,Men T-Shirt,Fashion,5,3191,20,12764.0,Chennai,Tamil Nadu,ST005,Cash
S000004152,2026-06-05,C49092,P0007,Milk,Grocery,1,231,0,231.0,Hyderabad,Telangana,ST004,Net Banking
S000004153,2026-06-05,C25776,P0009,Office Chair,Home,5,8206,20,32824.0,Bengaluru,Karnataka,ST003,Debit Card
S000004154,2026-06-05,C41872,P0004,Men T-Shirt,Fashion,5,1132,15,4811.0,Lucknow,Uttar Pradesh,ST010,Net Banking
S000004155,2026-06-05,C06304,P0006,Rice Bag,Grocery,1,71,15,60.35,Hyderabad,Telangana,ST004,Net Banking
S000004156,2026-06-05,C33769,P0004,Men T-Shirt,Fashion,1,2505,0,2505.0,Ahmedabad,Gujarat,ST008,UPI
S000004157,2026-06-05,C32579,P0004,Men T-Shirt,Fashion,4,982,15,3338.8,Ahmedabad,Gujarat,ST008,Credit Card
S000004158,2026-06-05,C45295,P0003,Laptop,Electronics,3,80294,20,192705.6,Delhi,Delhi,ST001,UPI
S000004159,2026-06-05,C27762,P0008,Dining Table,Home,5,2792,15,11866.0,Jaipur,Rajasthan,ST009,UPI
S000004160,2026-06-05,C47967,P0005,Women's Jeans,Fashion,1,1579,0,1579.0,Lucknow,Uttar Pradesh,ST010,Credit Card
S000004161,2026-06-05,C18709,P0007,Milk,Grocery,3,420,15,1071.0,Hyderabad,Telangana,ST004,Net Banking
S000004162,2026-06-05,C26009,P0003,Laptop,Electronics,2,85779,5,162980.1,Pune,Maharashtra,ST006,Debit Card
S000004163,2026-06-05,C25468,P0005,Women's Jeans,Fashion,2,2066,20,3305.6,Pune,Maharashtra,ST006,Cash
S000004164,2026-06-05,C07136,P0008,Dining Table,Home,5,5424,0,27120.0,Bengaluru,Karnataka,ST003,Net Banking
S000004165,2026-06-05,C14106,P0007,Milk,Grocery,5,453,0,2265.0,Lucknow,Uttar Pradesh,ST010,Debit Card
S000004166,2026-06-05,C43763,P0002,Samsung TV,Electronics,4,48290,20,154528.0,Bengaluru,Karnataka,ST003,Cash
S000004167,2026-06-05,C30158,P0002,Samsung TV,Electronics,4,13352,15,45396.8,Lucknow,Uttar Pradesh,ST010,Cash
S000004168,2026-06-05,C44691,P0009,Office Chair,Home,3,4115,20,9876.0,Hyderabad,Telangana,ST004,Credit Card
S000004169,2026-06-05,C07271,P0001,iPhone 16,Electronics,1,32257,10,29031.3,Mumbai,Maharashtra,ST002,Cash
S000004170,2026-06-05,C37436,P0001,iPhone 16,Electronics,2,84407,20,135051.2,Mumbai,Maharashtra,ST002,Cash
S000004171,2026-06-05,C17833,P0010,Cricket Bat,Sports,2,4009,5,7617.1,Delhi,Delhi,ST001,UPI
S000004172,2026-06-05,C17838,P0005,Women's Jeans,Fashion,4,4448,5,16902.4,Hyderabad,Telangana,ST004,Cash
S000004173,2026-06-05,C44935,P0005,Women's Jeans,Fashion,3,873,20,2095.2,Jaipur,Rajasthan,ST009,UPI
S000004174,2026-06-05,C35750,P0005,Women's Jeans,Fashion,1,4056,15,3447.6,Mumbai,Maharashtra,ST002,UPI
S000004175,2026-06-05,C39355,P0004,Men T-Shirt,Fashion,3,4959,0,14877.0,Delhi,Delhi,ST001,UPI
S000004176,2026-06-05,C06799,P0007,Milk,Grocery,5,355,20,1420.0,Delhi,Delhi,ST001,Debit Card
S000004177,2026-06-05,C43445,P0002,Samsung TV,Electronics,3,31174,0,93522.0,Delhi,Delhi,ST001,UPI
S000004178,2026-06-05,C09865,P0009,Office Chair,Home,4,2450,15,8330.0,Jaipur,Rajasthan,ST009,Cash
S000004179,2026-06-05,C35671,P0001,iPhone 16,Electronics,5,15184,5,72124.0,Mumbai,Maharashtra,ST002,Net Banking
S000004180,2026-06-05,C19136,P0003,Laptop,Electronics,3,75790,10,204633.0,Mumbai,Maharashtra,ST002,Credit Card
S000004181,2026-06-05,C19816,P0009,Office Chair,Home,1,3932,10,3538.8,Chennai,Tamil Nadu,ST005,Credit Card
S000004182,2026-06-05,C12943,P0002,Samsung TV,Electronics,4,84117,0,336468.0,Kolkata,West Bengal,ST007,UPI
S000004183,2026-06-05,C31829,P0010,Cricket Bat,Sports,5,6561,0,32805.0,Mumbai,Maharashtra,ST002,Credit Card
S000004184,2026-06-05,C05233,P0006,Rice Bag,Grocery,1,424,15,360.4,Ahmedabad,Gujarat,ST008,UPI
S000004185,2026-06-05,C07603,P0004,Men T-Shirt,Fashion,5,3034,0,15170.0,Bengaluru,Karnataka,ST003,UPI
S000004186,2026-06-05,C08871,P0005,Women's Jeans,Fashion,2,4766,20,7625.6,Ahmedabad,Gujarat,ST008,UPI
S000004187,2026-06-05,C42940,P0002,Samsung TV,Electronics,1,27369,20,21895.2,Chennai,Tamil Nadu,ST005,UPI
S000004188,2026-06-05,C30106,P0005,Women's Jeans,Fashion,4,1115,20,3568.0,Pune,Maharashtra,ST006,Credit Card
S000004189,2026-06-05,C13968,P0007,Milk,Grocery,3,271,15,691.05,Ahmedabad,Gujarat,ST008,Net Banking
S000004190,2026-06-05,C19305,P0007,Milk,Grocery,1,142,20,113.6,Hyderabad,Telangana,ST004,Net Banking
S000004191,2026-06-05,C05223,P0001,iPhone 16,Electronics,5,24575,15,104443.75,Ahmedabad,Gujarat,ST008,Debit Card
S000004192,2026-06-05,C08003,P0010,Cricket Bat,Sports,2,10808,5,20535.2,Chennai,Tamil Nadu,ST005,Credit Card
S000004193,2026-06-05,C07797,P0006,Rice Bag,Grocery,1,383,5,363.85,Chennai,Tamil Nadu,ST005,UPI
S000004194,2026-06-05,C05401,P0006,Rice Bag,Grocery,1,230,20,184.0,Hyderabad,Telangana,ST004,Debit Card
S000004195,2026-06-05,C43481,P0007,Milk,Grocery,1,228,20,182.4,Bengaluru,Karnataka,ST003,Cash
S000004196,2026-06-05,C16599,P0006,Rice Bag,Grocery,3,109,15,277.95,Pune,Maharashtra,ST006,Credit Card
S000004197,2026-06-05,C48471,P0005,Women's Jeans,Fashion,2,3476,10,6256.8,Mumbai,Maharashtra,ST002,UPI
S000004198,2026-06-05,C31888,P0002,Samsung TV,Electronics,5,88277,20,353108.0,Ahmedabad,Gujarat,ST008,Net Banking
S000004199,2026-06-05,C18083,P0009,Office Chair,Home,4,6896,20,22067.2,Jaipur,Rajasthan,ST009,Debit Card
S000004200,2026-06-05,C18503,P0009,Office Chair,Home,2,1456,0,2912.0,Lucknow,Uttar Pradesh,ST010,Net Banking
S000004201,2026-06-05,C24199,P0002,Samsung TV,Electronics,4,69168,10,249004.8,Lucknow,Uttar Pradesh,ST010,Debit Card
S000004202,2026-06-05,C43478,P0007,Milk,Grocery,3,418,20,1003.2,Hyderabad,Telangana,ST004,Debit Card
S000004203,2026-06-05,C19415,P0003,Laptop,Electronics,1,69727,5,66240.65,Bengaluru,Karnataka,ST003,Cash
S000004204,2026-06-05,C25541,P0007,Milk,Grocery,4,207,0,828.0,Bengaluru,Karnataka,ST003,Debit Card
S000004205,2026-06-05,C16974,P0007,Milk,Grocery,1,359,0,359.0,Delhi,Delhi,ST001,Cash
S000004206,2026-06-05,C05440,P0005,Women's Jeans,Fashion,2,541,15,919.7,Chennai,Tamil Nadu,ST005,UPI
S000004207,2026-06-05,C33374,P0007,Milk,Grocery,1,423,20,338.4,Bengaluru,Karnataka,ST003,Debit Card
S000004208,2026-06-05,C29169,P0002,Samsung TV,Electronics,4,63631,20,203619.2,Delhi,Delhi,ST001,UPI
S000004209,2026-06-05,C39290,P0001,iPhone 16,Electronics,4,27770,20,88864.0,Chennai,Tamil Nadu,ST005,UPI
S000004210,2026-06-05,C09223,P0001,iPhone 16,Electronics,2,35188,20,56300.8,Ahmedabad,Gujarat,ST008,Cash
S000004211,2026-06-05,C47194,P0002,Samsung TV,Electronics,2,28350,5,53865.0,Mumbai,Maharashtra,ST002,Debit Card
S000004212,2026-06-05,C09361,P0009,Office Chair,Home,2,9610,5,18259.0,Bengaluru,Karnataka,ST003,Credit Card
S000004213,2026-06-05,C18607,P0001,iPhone 16,Electronics,4,52826,5,200738.8,Jaipur,Rajasthan,ST009,Debit Card
S000004214,2026-06-05,C34473,P0004,Men T-Shirt,Fashion,5,2934,0,14670.0,Pune,Maharashtra,ST006,Net Banking
S000004215,2026-06-05,C00085,P0005,Women's Jeans,Fashion,5,2695,15,11453.75,Mumbai,Maharashtra,ST002,UPI
S000004216,2026-06-05,C39672,P0002,Samsung TV,Electronics,1,25133,5,23876.35,Hyderabad,Telangana,ST004,Debit Card
S000004217,2026-06-05,C22743,P0001,iPhone 16,Electronics,3,68064,5,193982.4,Pune,Maharashtra,ST006,Credit Card
S000004218,2026-06-05,C10796,P0009,Office Chair,Home,1,7654,10,6888.6,Lucknow,Uttar Pradesh,ST010,Credit Card
S000004219,2026-06-05,C07711,P0006,Rice Bag,Grocery,1,326,15,277.1,Ahmedabad,Gujarat,ST008,Net Banking
S000004220,2026-06-05,C34354,P0004,Men T-Shirt,Fashion,5,640,0,3200.0,Delhi,Delhi,ST001,Credit Card
S000004221,2026-06-05,C01556,P0005,Women's Jeans,Fashion,3,3198,5,9114.3,Mumbai,Maharashtra,ST002,Net Banking
S000004222,2026-06-05,C19745,P0002,Samsung TV,Electronics,2,76917,0,153834.0,Lucknow,Uttar Pradesh,ST010,Debit Card
S000004223,2026-06-05,C42978,P0005,Women's Jeans,Fashion,5,3858,15,16396.5,Chennai,Tamil Nadu,ST005,Cash
S000004224,2026-06-05,C18864,P0003,Laptop,Electronics,2,21141,20,33825.6,Jaipur,Rajasthan,ST009,UPI
S000004225,2026-06-05,C44181,P0009,Office Chair,Home,1,6816,5,6475.2,Lucknow,Uttar Pradesh,ST010,Credit Card
S000004226,2026-06-05,C49546,P0006,Rice Bag,Grocery,1,364,5,345.8,Ahmedabad,Gujarat,ST008,Net Banking
S000004227,2026-06-05,C30452,P0009,Office Chair,Home,2,2094,5,3978.6,Lucknow,Uttar Pradesh,ST010,UPI
S000004228,2026-06-05,C43297,P0010,Cricket Bat,Sports,2,13767,15,23403.9,Ahmedabad,Gujarat,ST008,Debit Card
S000004229,2026-06-05,C39077,P0010,Cricket Bat,Sports,3,9352,10,25250.4,Delhi,Delhi,ST001,Debit Card
S000004230,2026-06-05,C22576,P0008,Dining Table,Home,5,5514,0,27570.0,Pune,Maharashtra,ST006,Net Banking
S000004231,2026-06-05,C35700,P0005,Women's Jeans,Fashion,1,3933,20,3146.4,Bengaluru,Karnataka,ST003,Net Banking
S000004232,2026-06-05,C28176,P0010,Cricket Bat,Sports,3,14945,5,42593.25,Delhi,Delhi,ST001,Debit Card
S000004233,2026-06-05,C34068,P0010,Cricket Bat,Sports,1,6481,0,6481.0,Jaipur,Rajasthan,ST009,Cash
S000004234,2026-06-05,C47703,P0001,iPhone 16,Electronics,4,70253,5,266961.4,Kolkata,West Bengal,ST007,Debit Card
S000004235,2026-06-05,C15305,P0008,Dining Table,Home,4,1208,0,4832.0,Chennai,Tamil Nadu,ST005,Debit Card
S000004236,2026-06-05,C26154,P0006,Rice Bag,Grocery,4,67,5,254.6,Bengaluru,Karnataka,ST003,Cash
S000004237,2026-06-05,C27411,P0009,Office Chair,Home,5,9541,0,47705.0,Mumbai,Maharashtra,ST002,Debit Card
S000004238,2026-06-05,C09176,P0006,Rice Bag,Grocery,5,163,5,774.25,Hyderabad,Telangana,ST004,UPI
S000004239,2026-06-05,C31386,P0007,Milk,Grocery,2,347,20,555.2,Lucknow,Uttar Pradesh,ST010,Net Banking
S000004240,2026-06-05,C26069,P0005,Women's Jeans,Fashion,4,4586,5,17426.8,Chennai,Tamil Nadu,ST005,Debit Card
S000004241,2026-06-05,C21176,P0001,iPhone 16,Electronics,2,41508,5,78865.2,Jaipur,Rajasthan,ST009,Debit Card
S000004242,2026-06-05,C16419,P0003,Laptop,Electronics,5,10624,0,53120.0,Hyderabad,Telangana,ST004,Debit Card
S000004243,2026-06-05,C17951,P0002,Samsung TV,Electronics,3,24497,10,66141.9,Ahmedabad,Gujarat,ST008,Credit Card
S000004244,2026-06-05,C22414,P0004,Men T-Shirt,Fashion,1,3183,20,2546.4,Kolkata,West Bengal,ST007,Net Banking
S000004245,2026-06-05,C22154,P0006,Rice Bag,Grocery,5,495,0,2475.0,Ahmedabad,Gujarat,ST008,Debit Card
S000004246,2026-06-05,C25178,P0003,Laptop,Electronics,4,11959,5,45444.2,Ahmedabad,Gujarat,ST008,Net Banking
S000004247,2026-06-05,C18190,P0003,Laptop,Electronics,1,41347,5,39279.65,Pune,Maharashtra,ST006,Cash
S000004248,2026-06-05,C14525,P0003,Laptop,Electronics,5,48157,10,216706.5,Lucknow,Uttar Pradesh,ST010,Debit Card
S000004249,2026-06-05,C11881,P0004,Men T-Shirt,Fashion,5,1641,20,6564.0,Mumbai,Maharashtra,ST002,Debit Card
S000004250,2026-06-05,C25355,P0004,Men T-Shirt,Fashion,1,1645,20,1316.0,Delhi,Delhi,ST001,Debit Card
S000004251,2026-06-05,C28514,P0007,Milk,Grocery,5,66,15,280.5,Bengaluru,Karnataka,ST003,Net Banking
S000004252,2026-06-05,C10351,P0002,Samsung TV,Electronics,2,88674,5,168480.6,Ahmedabad,Gujarat,ST008,Debit Card
S000004253,2026-06-05,C08587,P0001,iPhone 16,Electronics,4,70818,20,226617.6,Chennai,Tamil Nadu,ST005,UPI
S000004254,2026-06-05,C11589,P0002,Samsung TV,Electronics,5,33080,15,140590.0,Pune,Maharashtra,ST006,Credit Card
S000004255,2026-06-05,C25065,P0010,Cricket Bat,Sports,1,6791,5,6451.45,Hyderabad,Telangana,ST004,Cash
S000004256,2026-06-05,C08271,P0006,Rice Bag,Grocery,1,449,5,426.55,Delhi,Delhi,ST001,Credit Card
S000004257,2026-06-05,C38429,P0003,Laptop,Electronics,3,79682,10,215141.4,Jaipur,Rajasthan,ST009,UPI
S000004258,2026-06-05,C00498,P0003,Laptop,Electronics,4,22480,20,71936.0,Bengaluru,Karnataka,ST003,UPI
S000004259,2026-06-05,C03195,P0002,Samsung TV,Electronics,2,37740,10,67932.0,Lucknow,Uttar Pradesh,ST010,Credit Card
S000004260,2026-06-05,C40567,P0004,Men T-Shirt,Fashion,4,1194,20,3820.8,Ahmedabad,Gujarat,ST008,Net Banking
S000004261,2026-06-05,C04050,P0001,iPhone 16,Electronics,2,86253,10,155255.4,Delhi,Delhi,ST001,UPI
S000004262,2026-06-05,C28200,P0002,Samsung TV,Electronics,2,54631,15,92872.7,Kolkata,West Bengal,ST007,Credit Card
S000004263,2026-06-05,C46894,P0005,Women's Jeans,Fashion,5,3518,10,15831.0,Ahmedabad,Gujarat,ST008,UPI
S000004264,2026-06-05,C39303,P0005,Women's Jeans,Fashion,5,1668,5,7923.0,Delhi,Delhi,ST001,Cash
S000004265,2026-06-05,C00031,P0005,Women's Jeans,Fashion,2,2419,0,4838.0,Pune,Maharashtra,ST006,Credit Card
S000004266,2026-06-05,C25236,P0008,Dining Table,Home,1,5167,10,4650.3,Ahmedabad,Gujarat,ST008,Net Banking
S000004267,2026-06-05,C24697,P0005,Women's Jeans,Fashion,2,4136,0,8272.0,Ahmedabad,Gujarat,ST008,Debit Card
S000004268,2026-06-05,C48503,P0002,Samsung TV,Electronics,3,35665,20,85596.0,Lucknow,Uttar Pradesh,ST010,Debit Card
S000004269,2026-06-05,C45830,P0002,Samsung TV,Electronics,4,66086,15,224692.4,Mumbai,Maharashtra,ST002,Cash
S000004270,2026-06-05,C46629,P0007,Milk,Grocery,3,110,15,280.5,Pune,Maharashtra,ST006,UPI
S000004271,2026-06-05,C42475,P0007,Milk,Grocery,1,421,20,336.8,Mumbai,Maharashtra,ST002,Credit Card
S000004272,2026-06-05,C10494,P0009,Office Chair,Home,4,9469,0,37876.0,Mumbai,Maharashtra,ST002,Debit Card
S000004273,2026-06-05,C26659,P0002,Samsung TV,Electronics,2,27307,5,51883.3,Lucknow,Uttar Pradesh,ST010,UPI
S000004274,2026-06-05,C04539,P0002,Samsung TV,Electronics,5,67907,0,339535.0,Kolkata,West Bengal,ST007,Cash
S000004275,2026-06-05,C25322,P0008,Dining Table,Home,3,4531,5,12913.35,Kolkata,West Bengal,ST007,Credit Card
S000004276,2026-06-05,C09907,P0004,Men T-Shirt,Fashion,5,3414,20,13656.0,Ahmedabad,Gujarat,ST008,UPI
S000004277,2026-06-05,C10179,P0002,Samsung TV,Electronics,5,47287,20,189148.0,Bengaluru,Karnataka,ST003,Cash
S000004278,2026-06-05,C24094,P0007,Milk,Grocery,1,62,10,55.8,Hyderabad,Telangana,ST004,Cash
S000004279,2026-06-05,C09977,P0010,Cricket Bat,Sports,1,956,0,956.0,Chennai,Tamil Nadu,ST005,Credit Card
S000004280,2026-06-05,C48920,P0004,Men T-Shirt,Fashion,2,4906,20,7849.6,Ahmedabad,Gujarat,ST008,Debit Card
S000004281,2026-06-05,C45672,P0003,Laptop,Electronics,2,28769,10,51784.2,Hyderabad,Telangana,ST004,UPI
S000004282,2026-06-05,C28663,P0006,Rice Bag,Grocery,4,214,20,684.8,Lucknow,Uttar Pradesh,ST010,Net Banking
S000004283,2026-06-05,C13677,P0003,Laptop,Electronics,3,23537,15,60019.35,Ahmedabad,Gujarat,ST008,Net Banking
S000004284,2026-06-05,C43196,P0009,Office Chair,Home,4,6111,20,19555.2,Hyderabad,Telangana,ST004,Cash
S000004285,2026-06-05,C04691,P0006,Rice Bag,Grocery,2,41,0,82.0,Hyderabad,Telangana,ST004,Net Banking
S000004286,2026-06-05,C06447,P0005,Women's Jeans,Fashion,3,1840,15,4692.0,Delhi,Delhi,ST001,Cash
S000004287,2026-06-05,C25751,P0005,Women's Jeans,Fashion,4,2304,10,8294.4,Bengaluru,Karnataka,ST003,Cash
S000004288,2026-06-05,C04169,P0003,Laptop,Electronics,3,51408,10,138801.6,Ahmedabad,Gujarat,ST008,Credit Card
S000004289,2026-06-05,C14458,P0004,Men T-Shirt,Fashion,4,3072,15,10444.8,Ahmedabad,Gujarat,ST008,Debit Card
S000004290,2026-06-05,C40213,P0008,Dining Table,Home,5,7730,20,30920.0,Kolkata,West Bengal,ST007,Debit Card
S000004291,2026-06-05,C19236,P0010,Cricket Bat,Sports,2,4865,20,7784.0,Kolkata,West Bengal,ST007,Credit Card
S000004292,2026-06-05,C18873,P0006,Rice Bag,Grocery,3,228,5,649.8,Mumbai,Maharashtra,ST002,UPI
S000004293,2026-06-05,C20638,P0001,iPhone 16,Electronics,2,84381,15,143447.7,Kolkata,West Bengal,ST007,Net Banking
S000004294,2026-06-05,C21430,P0007,Milk,Grocery,1,93,0,93.0,Jaipur,Rajasthan,ST009,Debit Card
S000004295,2026-06-05,C27637,P0003,Laptop,Electronics,4,33504,20,107212.8,Ahmedabad,Gujarat,ST008,Cash
S000004296,2026-06-05,C15167,P0006,Rice Bag,Grocery,4,319,5,1212.2,Delhi,Delhi,ST001,Net Banking
S000004297,2026-06-05,C16870,P0005,Women's Jeans,Fashion,2,1403,10,2525.4,Bengaluru,Karnataka,ST003,UPI
S000004298,2026-06-05,C28645,P0006,Rice Bag,Grocery,2,423,5,803.7,Delhi,Delhi,ST001,Credit Card
S000004299,2026-06-05,C19183,P0008,Dining Table,Home,1,5200,10,4680.0,Ahmedabad,Gujarat,ST008,Net Banking
S000004300,2026-06-05,C32293,P0010,Cricket Bat,Sports,3,2204,20,5289.6,Ahmedabad,Gujarat,ST008,Credit Card
S000004301,2026-06-05,C19092,P0001,iPhone 16,Electronics,2,40169,20,64270.4,Ahmedabad,Gujarat,ST008,UPI
S000004302,2026-06-05,C34715,P0003,Laptop,Electronics,4,82810,5,314678.0,Mumbai,Maharashtra,ST002,Debit Card
S000004303,2026-06-05,C15927,P0004,Men T-Shirt,Fashion,1,2709,10,2438.1,Ahmedabad,Gujarat,ST008,Credit Card
S000004304,2026-06-05,C04197,P0007,Milk,Grocery,4,26,15,88.4,Ahmedabad,Gujarat,ST008,Cash
S000004305,2026-06-05,C12920,P0007,Milk,Grocery,5,238,5,1130.5,Hyderabad,Telangana,ST004,Credit Card
S000004306,2026-06-05,C00285,P0002,Samsung TV,Electronics,2,13547,0,27094.0,Mumbai,Maharashtra,ST002,Credit Card
S000004307,2026-06-05,C47189,P0009,Office Chair,Home,3,2572,15,6558.6,Chennai,Tamil Nadu,ST005,Net Banking
S000004308,2026-06-05,C16589,P0009,Office Chair,Home,2,7428,15,12627.6,Hyderabad,Telangana,ST004,Credit Card
S000004309,2026-06-05,C44283,P0010,Cricket Bat,Sports,5,3026,20,12104.0,Kolkata,West Bengal,ST007,UPI
S000004310,2026-06-05,C39666,P0007,Milk,Grocery,2,215,0,430.0,Ahmedabad,Gujarat,ST008,UPI
S000004311,2026-06-05,C21992,P0005,Women's Jeans,Fashion,4,1590,0,6360.0,Lucknow,Uttar Pradesh,ST010,Debit Card
S000004312,2026-06-05,C36851,P0006,Rice Bag,Grocery,5,386,0,1930.0,Kolkata,West Bengal,ST007,Debit Card
S000004313,2026-06-05,C07454,P0004,Men T-Shirt,Fashion,5,3527,0,17635.0,Bengaluru,Karnataka,ST003,Debit Card
S000004314,2026-06-05,C36958,P0004,Men T-Shirt,Fashion,1,1134,0,1134.0,Pune,Maharashtra,ST006,UPI
S000004315,2026-06-05,C21745,P0005,Women's Jeans,Fashion,4,3326,20,10643.2,Kolkata,West Bengal,ST007,UPI
S000004316,2026-06-05,C46885,P0001,iPhone 16,Electronics,2,78671,20,125873.6,Jaipur,Rajasthan,ST009,UPI
S000004317,2026-06-05,C37820,P0001,iPhone 16,Electronics,1,18028,10,16225.2,Chennai,Tamil Nadu,ST005,Debit Card
S000004318,2026-06-05,C04027,P0005,Women's Jeans,Fashion,3,3823,15,9748.65,Hyderabad,Telangana,ST004,UPI
S000004319,2026-06-05,C33356,P0006,Rice Bag,Grocery,3,117,20,280.8,Mumbai,Maharashtra,ST002,Credit Card
S000004320,2026-06-05,C41570,P0002,Samsung TV,Electronics,2,72562,10,130611.6,Chennai,Tamil Nadu,ST005,Net Banking
S000004321,2026-06-05,C30021,P0006,Rice Bag,Grocery,1,120,0,120.0,Pune,Maharashtra,ST006,Net Banking
S000004322,2026-06-05,C40925,P0001,iPhone 16,Electronics,5,51649,15,219508.25,Mumbai,Maharashtra,ST002,Cash
S000004323,2026-06-05,C18471,P0008,Dining Table,Home,4,9493,10,34174.8,Mumbai,Maharashtra,ST002,Cash
S000004324,2026-06-05,C02366,P0002,Samsung TV,Electronics,2,70632,0,141264.0,Lucknow,Uttar Pradesh,ST010,UPI
S000004325,2026-06-05,C26529,P0010,Cricket Bat,Sports,2,8225,0,16450.0,Jaipur,Rajasthan,ST009,Net Banking
S000004326,2026-06-05,C28570,P0002,Samsung TV,Electronics,5,61021,15,259339.25,Mumbai,Maharashtra,ST002,Debit Card
S000004327,2026-06-05,C33906,P0007,Milk,Grocery,5,312,15,1326.0,Mumbai,Maharashtra,ST002,UPI
S000004328,2026-06-05,C25257,P0008,Dining Table,Home,5,3808,5,18088.0,Pune,Maharashtra,ST006,Net Banking
S000004329,2026-06-05,C10475,P0007,Milk,Grocery,1,388,10,349.2,Mumbai,Maharashtra,ST002,Cash
S000004330,2026-06-05,C01841,P0006,Rice Bag,Grocery,3,117,10,315.9,Jaipur,Rajasthan,ST009,Credit Card
S000004331,2026-06-05,C23367,P0009,Office Chair,Home,3,7413,10,20015.1,Mumbai,Maharashtra,ST002,Net Banking
S000004332,2026-06-05,C28819,P0003,Laptop,Electronics,2,57807,5,109833.3,Jaipur,Rajasthan,ST009,Debit Card
S000004333,2026-06-05,C16218,P0010,Cricket Bat,Sports,2,4925,5,9357.5,Lucknow,Uttar Pradesh,ST010,Net Banking
S000004334,2026-06-05,C25422,P0007,Milk,Grocery,4,483,15,1642.2,Bengaluru,Karnataka,ST003,UPI
S000004335,2026-06-05,C21965,P0009,Office Chair,Home,3,9337,10,25209.9,Delhi,Delhi,ST001,UPI
S000004336,2026-06-05,C27874,P0007,Milk,Grocery,5,464,5,2204.0,Jaipur,Rajasthan,ST009,Cash
S000004337,2026-06-05,C00282,P0004,Men T-Shirt,Fashion,5,3293,5,15641.75,Delhi,Delhi,ST001,Credit Card
S000004338,2026-06-05,C10328,P0008,Dining Table,Home,4,7545,20,24144.0,Bengaluru,Karnataka,ST003,Cash
S000004339,2026-06-05,C36712,P0004,Men T-Shirt,Fashion,1,3539,0,3539.0,Chennai,Tamil Nadu,ST005,Debit Card
S000004340,2026-06-05,C10788,P0006,Rice Bag,Grocery,3,173,15,441.15,Bengaluru,Karnataka,ST003,Net Banking
S000004341,2026-06-05,C06980,P0004,Men T-Shirt,Fashion,4,2060,0,8240.0,Delhi,Delhi,ST001,Net Banking
S000004342,2026-06-05,C35073,P0010,Cricket Bat,Sports,1,10767,15,9151.95,Ahmedabad,Gujarat,ST008,Credit Card
S000004343,2026-06-05,C14665,P0009,Office Chair,Home,4,8186,15,27832.4,Bengaluru,Karnataka,ST003,Cash
S000004344,2026-06-05,C48949,P0002,Samsung TV,Electronics,3,28377,10,76617.9,Mumbai,Maharashtra,ST002,Net Banking
S000004345,2026-06-05,C08407,P0008,Dining Table,Home,2,517,20,827.2,Jaipur,Rajasthan,ST009,Cash
S000004346,2026-06-05,C04030,P0001,iPhone 16,Electronics,2,19592,0,39184.0,Ahmedabad,Gujarat,ST008,UPI
S000004347,2026-06-05,C09278,P0005,Women's Jeans,Fashion,3,2877,15,7336.35,Bengaluru,Karnataka,ST003,Credit Card
S000004348,2026-06-05,C14196,P0001,iPhone 16,Electronics,4,71558,0,286232.0,Pune,Maharashtra,ST006,Cash
S000004349,2026-06-05,C49637,P0010,Cricket Bat,Sports,5,9844,15,41837.0,Kolkata,West Bengal,ST007,UPI
S000004350,2026-06-05,C07100,P0007,Milk,Grocery,4,199,15,676.6,Pune,Maharashtra,ST006,Net Banking
S000004351,2026-06-05,C26388,P0008,Dining Table,Home,1,6687,20,5349.6,Kolkata,West Bengal,ST007,Debit Card
S000004352,2026-06-05,C15371,P0004,Men T-Shirt,Fashion,1,643,20,514.4,Chennai,Tamil Nadu,ST005,Debit Card
S000004353,2026-06-05,C46754,P0006,Rice Bag,Grocery,3,90,15,229.5,Bengaluru,Karnataka,ST003,Credit Card
S000004354,2026-06-05,C44706,P0006,Rice Bag,Grocery,5,122,5,579.5,Hyderabad,Telangana,ST004,Cash
S000004355,2026-06-05,C08336,P0002,Samsung TV,Electronics,3,41965,20,100716.0,Lucknow,Uttar Pradesh,ST010,UPI
S000004356,2026-06-05,C46100,P0001,iPhone 16,Electronics,3,47291,15,120592.05,Ahmedabad,Gujarat,ST008,UPI
S000004357,2026-06-05,C44025,P0004,Men T-Shirt,Fashion,1,3240,15,2754.0,Kolkata,West Bengal,ST007,UPI
S000004358,2026-06-05,C41979,P0010,Cricket Bat,Sports,3,908,0,2724.0,Mumbai,Maharashtra,ST002,UPI
S000004359,2026-06-05,C02875,P0002,Samsung TV,Electronics,4,11168,0,44672.0,Kolkata,West Bengal,ST007,Credit Card
S000004360,2026-06-05,C33025,P0001,iPhone 16,Electronics,3,83469,20,200325.6,Bengaluru,Karnataka,ST003,Cash
S000004361,2026-06-05,C47040,P0004,Men T-Shirt,Fashion,3,4233,20,10159.2,Chennai,Tamil Nadu,ST005,Cash
S000004362,2026-06-05,C13324,P0004,Men T-Shirt,Fashion,5,4599,5,21845.25,Pune,Maharashtra,ST006,Debit Card
S000004363,2026-06-05,C23473,P0008,Dining Table,Home,2,2266,10,4078.8,Mumbai,Maharashtra,ST002,Net Banking
S000004364,2026-06-05,C37386,P0007,Milk,Grocery,1,438,10,394.2,Ahmedabad,Gujarat,ST008,Net Banking
S000004365,2026-06-05,C25193,P0004,Men T-Shirt,Fashion,4,2823,5,10727.4,Jaipur,Rajasthan,ST009,Cash
S000004366,2026-06-05,C10209,P0001,iPhone 16,Electronics,4,28180,15,95812.0,Hyderabad,Telangana,ST004,UPI
S000004367,2026-06-05,C27741,P0006,Rice Bag,Grocery,2,178,15,302.6,Bengaluru,Karnataka,ST003,Net Banking
S000004368,2026-06-05,C35306,P0006,Rice Bag,Grocery,2,388,15,659.6,Chennai,Tamil Nadu,ST005,Net Banking
S000004369,2026-06-05,C43897,P0003,Laptop,Electronics,1,14506,5,13780.7,Chennai,Tamil Nadu,ST005,UPI
S000004370,2026-06-05,C01363,P0009,Office Chair,Home,1,5483,15,4660.55,Kolkata,West Bengal,ST007,UPI
S000004371,2026-06-05,C01145,P0006,Rice Bag,Grocery,1,306,10,275.4,Mumbai,Maharashtra,ST002,Net Banking
S000004372,2026-06-05,C18338,P0004,Men T-Shirt,Fashion,1,3782,5,3592.9,Bengaluru,Karnataka,ST003,Cash
S000004373,2026-06-05,C47818,P0001,iPhone 16,Electronics,3,65156,5,185694.6,Hyderabad,Telangana,ST004,Credit Card
S000004374,2026-06-05,C24995,P0010,Cricket Bat,Sports,1,1253,0,1253.0,Hyderabad,Telangana,ST004,UPI
S000004375,2026-06-05,C47343,P0001,iPhone 16,Electronics,5,88012,20,352048.0,Lucknow,Uttar Pradesh,ST010,UPI
S000004376,2026-06-05,C15388,P0002,Samsung TV,Electronics,5,24936,0,124680.0,Jaipur,Rajasthan,ST009,Cash
S000004377,2026-06-05,C20298,P0009,Office Chair,Home,5,4278,10,19251.0,Delhi,Delhi,ST001,Credit Card
S000004378,2026-06-05,C45811,P0005,Women's Jeans,Fashion,5,1972,20,7888.0,Mumbai,Maharashtra,ST002,Debit Card
S000004379,2026-06-05,C44758,P0001,iPhone 16,Electronics,1,44407,5,42186.65,Lucknow,Uttar Pradesh,ST010,Credit Card
S000004380,2026-06-05,C41508,P0008,Dining Table,Home,1,4472,15,3801.2,Kolkata,West Bengal,ST007,Cash
S000004381,2026-06-05,C25816,P0003,Laptop,Electronics,5,20793,5,98766.75,Jaipur,Rajasthan,ST009,UPI
S000004382,2026-06-05,C08986,P0007,Milk,Grocery,3,456,20,1094.4,Jaipur,Rajasthan,ST009,UPI
S000004383,2026-06-05,C19864,P0008,Dining Table,Home,1,6193,5,5883.35,Chennai,Tamil Nadu,ST005,Cash
S000004384,2026-06-05,C04827,P0002,Samsung TV,Electronics,5,37799,5,179545.25,Delhi,Delhi,ST001,Debit Card
S000004385,2026-06-05,C00549,P0010,Cricket Bat,Sports,2,10206,15,17350.2,Kolkata,West Bengal,ST007,Cash
S000004386,2026-06-05,C40550,P0009,Office Chair,Home,1,9637,20,7709.6,Chennai,Tamil Nadu,ST005,Credit Card
S000004387,2026-06-05,C08179,P0005,Women's Jeans,Fashion,5,2406,15,10225.5,Bengaluru,Karnataka,ST003,Cash
S000004388,2026-06-05,C26752,P0006,Rice Bag,Grocery,4,435,15,1479.0,Delhi,Delhi,ST001,UPI
S000004389,2026-06-05,C27994,P0008,Dining Table,Home,4,8343,15,28366.2,Mumbai,Maharashtra,ST002,Net Banking
S000004390,2026-06-05,C08210,P0009,Office Chair,Home,4,4369,15,14854.6,Jaipur,Rajasthan,ST009,Credit Card
S000004391,2026-06-05,C35701,P0009,Office Chair,Home,1,6996,5,6646.2,Pune,Maharashtra,ST006,UPI
S000004392,2026-06-05,C30140,P0007,Milk,Grocery,2,114,15,193.8,Bengaluru,Karnataka,ST003,Net Banking
S000004393,2026-06-05,C28329,P0007,Milk,Grocery,5,25,20,100.0,Ahmedabad,Gujarat,ST008,Net Banking
S000004394,2026-06-05,C45826,P0004,Men T-Shirt,Fashion,1,3737,10,3363.3,Ahmedabad,Gujarat,ST008,Cash
S000004395,2026-06-05,C11077,P0003,Laptop,Electronics,5,89848,0,449240.0,Jaipur,Rajasthan,ST009,Net Banking
S000004396,2026-06-05,C30396,P0005,Women's Jeans,Fashion,2,3104,20,4966.4,Lucknow,Uttar Pradesh,ST010,Net Banking
S000004397,2026-06-05,C35092,P0002,Samsung TV,Electronics,3,72471,15,184801.05,Bengaluru,Karnataka,ST003,Debit Card
S000004398,2026-06-05,C30465,P0003,Laptop,Electronics,5,75012,15,318801.0,Kolkata,West Bengal,ST007,Debit Card
S000004399,2026-06-05,C19424,P0001,iPhone 16,Electronics,5,58412,20,233648.0,Jaipur,Rajasthan,ST009,Credit Card
S000004400,2026-06-05,C01615,P0006,Rice Bag,Grocery,3,83,15,211.65,Delhi,Delhi,ST001,UPI
S000004401,2026-06-05,C07168,P0007,Milk,Grocery,5,318,5,1510.5,Pune,Maharashtra,ST006,Cash
S000004402,2026-06-05,C37465,P0002,Samsung TV,Electronics,3,61967,10,167310.9,Bengaluru,Karnataka,ST003,Net Banking
S000004403,2026-06-05,C06083,P0009,Office Chair,Home,1,2370,10,2133.0,Jaipur,Rajasthan,ST009,Cash
S000004404,2026-06-05,C34445,P0007,Milk,Grocery,3,416,0,1248.0,Delhi,Delhi,ST001,UPI
S000004405,2026-06-05,C00286,P0010,Cricket Bat,Sports,3,10038,5,28608.3,Bengaluru,Karnataka,ST003,Debit Card
S000004406,2026-06-05,C34266,P0008,Dining Table,Home,3,8086,0,24258.0,Jaipur,Rajasthan,ST009,Cash
S000004407,2026-06-05,C41056,P0004,Men T-Shirt,Fashion,5,2107,0,10535.0,Delhi,Delhi,ST001,Credit Card
S000004408,2026-06-05,C08094,P0002,Samsung TV,Electronics,1,18363,20,14690.4,Bengaluru,Karnataka,ST003,Debit Card
S000004409,2026-06-05,C25653,P0001,iPhone 16,Electronics,2,84923,0,169846.0,Ahmedabad,Gujarat,ST008,Debit Card
S000004410,2026-06-05,C26313,P0010,Cricket Bat,Sports,2,2955,5,5614.5,Pune,Maharashtra,ST006,Credit Card
S000004411,2026-06-05,C12389,P0007,Milk,Grocery,1,344,20,275.2,Lucknow,Uttar Pradesh,ST010,Credit Card
S000004412,2026-06-05,C01028,P0007,Milk,Grocery,1,420,15,357.0,Bengaluru,Karnataka,ST003,UPI
S000004413,2026-06-05,C41874,P0004,Men T-Shirt,Fashion,3,1915,15,4883.25,Delhi,Delhi,ST001,Credit Card
S000004414,2026-06-05,C42678,P0007,Milk,Grocery,5,251,10,1129.5,Bengaluru,Karnataka,ST003,Debit Card
S000004415,2026-06-05,C15678,P0008,Dining Table,Home,3,8607,0,25821.0,Chennai,Tamil Nadu,ST005,UPI
S000004416,2026-06-05,C42075,P0005,Women's Jeans,Fashion,5,3510,15,14917.5,Chennai,Tamil Nadu,ST005,Cash
S000004417,2026-06-05,C44453,P0008,Dining Table,Home,4,9392,15,31932.8,Chennai,Tamil Nadu,ST005,UPI
S000004418,2026-06-05,C13650,P0006,Rice Bag,Grocery,3,132,10,356.4,Chennai,Tamil Nadu,ST005,Debit Card
S000004419,2026-06-05,C21647,P0002,Samsung TV,Electronics,4,81954,20,262252.8,Chennai,Tamil Nadu,ST005,Cash
S000004420,2026-06-05,C43429,P0007,Milk,Grocery,2,361,10,649.8,Pune,Maharashtra,ST006,Net Banking
S000004421,2026-06-05,C33206,P0004,Men T-Shirt,Fashion,2,3393,20,5428.8,Chennai,Tamil Nadu,ST005,Net Banking
S000004422,2026-06-05,C28113,P0003,Laptop,Electronics,2,66908,15,113743.6,Kolkata,West Bengal,ST007,Cash
S000004423,2026-06-05,C19643,P0009,Office Chair,Home,2,980,15,1666.0,Pune,Maharashtra,ST006,Credit Card
S000004424,2026-06-05,C30983,P0006,Rice Bag,Grocery,1,493,20,394.4,Jaipur,Rajasthan,ST009,Cash
S000004425,2026-06-05,C39909,P0005,Women's Jeans,Fashion,4,2289,10,8240.4,Hyderabad,Telangana,ST004,Credit Card
S000004426,2026-06-05,C19712,P0004,Men T-Shirt,Fashion,3,4887,0,14661.0,Kolkata,West Bengal,ST007,Net Banking
S000004427,2026-06-05,C23333,P0001,iPhone 16,Electronics,1,57340,0,57340.0,Chennai,Tamil Nadu,ST005,Debit Card
S000004428,2026-06-05,C39052,P0003,Laptop,Electronics,4,70749,5,268846.2,Jaipur,Rajasthan,ST009,Debit Card
S000004429,2026-06-05,C48026,P0001,iPhone 16,Electronics,2,46747,5,88819.3,Delhi,Delhi,ST001,Cash
S000004430,2026-06-05,C49687,P0010,Cricket Bat,Sports,1,11718,15,9960.3,Hyderabad,Telangana,ST004,Net Banking
S000004431,2026-06-05,C29284,P0004,Men T-Shirt,Fashion,5,3078,10,13851.0,Ahmedabad,Gujarat,ST008,Credit Card
S000004432,2026-06-05,C41612,P0006,Rice Bag,Grocery,5,493,0,2465.0,Delhi,Delhi,ST001,Credit Card
S000004433,2026-06-05,C04158,P0007,Milk,Grocery,5,199,0,995.0,Bengaluru,Karnataka,ST003,Debit Card
S000004434,2026-06-05,C23223,P0001,iPhone 16,Electronics,3,55022,0,165066.0,Bengaluru,Karnataka,ST003,UPI
S000004435,2026-06-05,C43119,P0003,Laptop,Electronics,3,37488,10,101217.6,Jaipur,Rajasthan,ST009,UPI
S000004436,2026-06-05,C14876,P0002,Samsung TV,Electronics,5,44710,5,212372.5,Bengaluru,Karnataka,ST003,Cash
S000004437,2026-06-05,C14667,P0008,Dining Table,Home,2,1788,0,3576.0,Lucknow,Uttar Pradesh,ST010,Debit Card
S000004438,2026-06-05,C07319,P0003,Laptop,Electronics,5,13826,10,62217.0,Hyderabad,Telangana,ST004,Debit Card
S000004439,2026-06-05,C10936,P0007,Milk,Grocery,4,438,10,1576.8,Pune,Maharashtra,ST006,Credit Card
S000004440,2026-06-05,C09765,P0009,Office Chair,Home,2,6135,0,12270.0,Kolkata,West Bengal,ST007,Cash
S000004441,2026-06-05,C45345,P0001,iPhone 16,Electronics,4,39287,20,125718.4,Jaipur,Rajasthan,ST009,Debit Card
S000004442,2026-06-05,C12612,P0009,Office Chair,Home,3,6106,0,18318.0,Pune,Maharashtra,ST006,Debit Card
S000004443,2026-06-05,C17010,P0007,Milk,Grocery,1,319,5,303.05,Delhi,Delhi,ST001,Net Banking
S000004444,2026-06-05,C21246,P0002,Samsung TV,Electronics,3,55091,10,148745.7,Mumbai,Maharashtra,ST002,Cash
S000004445,2026-06-05,C20491,P0004,Men T-Shirt,Fashion,4,1611,15,5477.4,Ahmedabad,Gujarat,ST008,UPI
S000004446,2026-06-05,C12221,P0009,Office Chair,Home,4,3773,5,14337.4,Mumbai,Maharashtra,ST002,Cash
S000004447,2026-06-05,C28985,P0005,Women's Jeans,Fashion,2,1211,10,2179.8,Kolkata,West Bengal,ST007,UPI
S000004448,2026-06-05,C31171,P0006,Rice Bag,Grocery,4,151,0,604.0,Kolkata,West Bengal,ST007,Credit Card
S000004449,2026-06-05,C11391,P0007,Milk,Grocery,3,289,0,867.0,Delhi,Delhi,ST001,Net Banking
S000004450,2026-06-05,C33500,P0008,Dining Table,Home,1,1470,15,1249.5,Kolkata,West Bengal,ST007,Credit Card
S000004451,2026-06-05,C37423,P0004,Men T-Shirt,Fashion,4,2470,0,9880.0,Mumbai,Maharashtra,ST002,Net Banking
S000004452,2026-06-05,C15393,P0010,Cricket Bat,Sports,1,7440,15,6324.0,Lucknow,Uttar Pradesh,ST010,Debit Card
S000004453,2026-06-05,C03888,P0005,Women's Jeans,Fashion,3,4922,5,14027.7,Pune,Maharashtra,ST006,UPI
S000004454,2026-06-05,C08195,P0007,Milk,Grocery,1,108,5,102.6,Ahmedabad,Gujarat,ST008,Credit Card
S000004455,2026-06-05,C18377,P0004,Men T-Shirt,Fashion,5,815,10,3667.5,Jaipur,Rajasthan,ST009,Net Banking
S000004456,2026-06-05,C32905,P0006,Rice Bag,Grocery,2,49,5,93.1,Mumbai,Maharashtra,ST002,Debit Card
S000004457,2026-06-05,C24203,P0010,Cricket Bat,Sports,3,6300,0,18900.0,Hyderabad,Telangana,ST004,Cash
S000004458,2026-06-05,C44534,P0003,Laptop,Electronics,2,24033,5,45662.7,Jaipur,Rajasthan,ST009,Credit Card
S000004459,2026-06-05,C16735,P0003,Laptop,Electronics,3,67876,15,173083.8,Ahmedabad,Gujarat,ST008,Debit Card
S000004460,2026-06-05,C30577,P0003,Laptop,Electronics,1,24444,10,21999.6,Lucknow,Uttar Pradesh,ST010,Net Banking
S000004461,2026-06-05,C19190,P0010,Cricket Bat,Sports,3,3479,0,10437.0,Delhi,Delhi,ST001,Debit Card
S000004462,2026-06-05,C34167,P0004,Men T-Shirt,Fashion,4,3551,5,13493.8,Chennai,Tamil Nadu,ST005,Credit Card
S000004463,2026-06-05,C05542,P0001,iPhone 16,Electronics,4,73392,0,293568.0,Bengaluru,Karnataka,ST003,Net Banking
S000004464,2026-06-05,C44447,P0002,Samsung TV,Electronics,4,29277,20,93686.4,Pune,Maharashtra,ST006,UPI
S000004465,2026-06-05,C07517,P0008,Dining Table,Home,4,6066,0,24264.0,Lucknow,Uttar Pradesh,ST010,Credit Card
S000004466,2026-06-05,C29617,P0004,Men T-Shirt,Fashion,1,4000,5,3800.0,Bengaluru,Karnataka,ST003,Net Banking
S000004467,2026-06-05,C44913,P0010,Cricket Bat,Sports,5,8314,5,39491.5,Mumbai,Maharashtra,ST002,UPI
S000004468,2026-06-05,C40538,P0003,Laptop,Electronics,5,82082,5,389889.5,Bengaluru,Karnataka,ST003,UPI
S000004469,2026-06-05,C26023,P0010,Cricket Bat,Sports,4,3868,15,13151.2,Mumbai,Maharashtra,ST002,Debit Card
S000004470,2026-06-05,C28518,P0008,Dining Table,Home,3,2743,20,6583.2,Mumbai,Maharashtra,ST002,UPI
S000004471,2026-06-05,C33676,P0008,Dining Table,Home,4,5284,10,19022.4,Ahmedabad,Gujarat,ST008,UPI
S000004472,2026-06-05,C38985,P0010,Cricket Bat,Sports,2,1225,10,2205.0,Mumbai,Maharashtra,ST002,Debit Card
S000004473,2026-06-05,C17968,P0006,Rice Bag,Grocery,2,23,5,43.7,Delhi,Delhi,ST001,UPI
S000004474,2026-06-05,C42350,P0007,Milk,Grocery,5,273,20,1092.0,Jaipur,Rajasthan,ST009,Credit Card
S000004475,2026-06-05,C40169,P0001,iPhone 16,Electronics,3,17246,5,49151.1,Hyderabad,Telangana,ST004,Debit Card
S000004476,2026-06-05,C38958,P0006,Rice Bag,Grocery,4,409,15,1390.6,Jaipur,Rajasthan,ST009,Cash
S000004477,2026-06-05,C03096,P0004,Men T-Shirt,Fashion,1,2185,10,1966.5,Delhi,Delhi,ST001,Debit Card
S000004478,2026-06-05,C26745,P0008,Dining Table,Home,1,9289,5,8824.55,Pune,Maharashtra,ST006,Debit Card
S000004479,2026-06-05,C15735,P0007,Milk,Grocery,1,42,0,42.0,Jaipur,Rajasthan,ST009,Net Banking
S000004480,2026-06-05,C15964,P0009,Office Chair,Home,2,1674,0,3348.0,Bengaluru,Karnataka,ST003,Cash
S000004481,2026-06-05,C49175,P0006,Rice Bag,Grocery,2,163,15,277.1,Mumbai,Maharashtra,ST002,Credit Card
S000004482,2026-06-05,C03940,P0002,Samsung TV,Electronics,2,29516,0,59032.0,Jaipur,Rajasthan,ST009,Debit Card
S000004483,2026-06-05,C06458,P0004,Men T-Shirt,Fashion,2,3462,5,6577.8,Jaipur,Rajasthan,ST009,Net Banking
S000004484,2026-06-05,C11391,P0001,iPhone 16,Electronics,1,60690,20,48552.0,Jaipur,Rajasthan,ST009,Credit Card
S000004485,2026-06-05,C07967,P0007,Milk,Grocery,1,141,20,112.8,Hyderabad,Telangana,ST004,Cash
S000004486,2026-06-05,C37051,P0002,Samsung TV,Electronics,4,88673,0,354692.0,Ahmedabad,Gujarat,ST008,Credit Card
S000004487,2026-06-05,C30531,P0009,Office Chair,Home,4,7519,15,25564.6,Lucknow,Uttar Pradesh,ST010,Debit Card
S000004488,2026-06-05,C12071,P0001,iPhone 16,Electronics,3,26960,0,80880.0,Delhi,Delhi,ST001,UPI
S000004489,2026-06-05,C16842,P0002,Samsung TV,Electronics,1,69867,0,69867.0,Delhi,Delhi,ST001,Cash
S000004490,2026-06-05,C28424,P0004,Men T-Shirt,Fashion,3,725,20,1740.0,Chennai,Tamil Nadu,ST005,Net Banking
S000004491,2026-06-05,C39758,P0006,Rice Bag,Grocery,2,254,0,508.0,Mumbai,Maharashtra,ST002,Credit Card
S000004492,2026-06-05,C34675,P0006,Rice Bag,Grocery,5,405,0,2025.0,Mumbai,Maharashtra,ST002,UPI
S000004493,2026-06-05,C40778,P0005,Women's Jeans,Fashion,3,3476,15,8863.8,Chennai,Tamil Nadu,ST005,Debit Card
S000004494,2026-06-05,C39683,P0008,Dining Table,Home,4,6138,10,22096.8,Bengaluru,Karnataka,ST003,Net Banking
S000004495,2026-06-05,C25526,P0002,Samsung TV,Electronics,4,66070,15,224638.0,Lucknow,Uttar Pradesh,ST010,Credit Card
S000004496,2026-06-05,C05129,P0004,Men T-Shirt,Fashion,1,4604,20,3683.2,Ahmedabad,Gujarat,ST008,Cash
S000004497,2026-06-05,C27216,P0003,Laptop,Electronics,5,56448,15,239904.0,Kolkata,West Bengal,ST007,Credit Card
S000004498,2026-06-05,C06983,P0003,Laptop,Electronics,4,81290,5,308902.0,Kolkata,West Bengal,ST007,Cash
S000004499,2026-06-05,C01656,P0006,Rice Bag,Grocery,2,254,0,508.0,Pune,Maharashtra,ST006,Cash
S000004500,2026-06-05,C12819,P0009,Office Chair,Home,3,1262,5,3596.7,Jaipur,Rajasthan,ST009,Cash
S000004501,2026-06-05,C47805,P0003,Laptop,Electronics,4,19023,10,68482.8,Hyderabad,Telangana,ST004,Debit Card
S000004502,2026-06-05,C19473,P0007,Milk,Grocery,4,237,5,900.6,Kolkata,West Bengal,ST007,Credit Card
S000004503,2026-06-05,C47679,P0004,Men T-Shirt,Fashion,1,1086,15,923.1,Delhi,Delhi,ST001,Debit Card
S000004504,2026-06-05,C27270,P0002,Samsung TV,Electronics,1,59098,5,56143.1,Chennai,Tamil Nadu,ST005,Credit Card
S000004505,2026-06-05,C19368,P0009,Office Chair,Home,5,7000,20,28000.0,Hyderabad,Telangana,ST004,UPI
S000004506,2026-06-05,C48309,P0007,Milk,Grocery,3,265,0,795.0,Hyderabad,Telangana,ST004,Cash
S000004507,2026-06-05,C16401,P0007,Milk,Grocery,5,309,15,1313.25,Pune,Maharashtra,ST006,Cash
S000004508,2026-06-05,C38874,P0009,Office Chair,Home,2,6683,20,10692.8,Ahmedabad,Gujarat,ST008,UPI
S000004509,2026-06-05,C36618,P0004,Men T-Shirt,Fashion,3,4934,5,14061.9,Delhi,Delhi,ST001,UPI
S000004510,2026-06-05,C31879,P0010,Cricket Bat,Sports,2,11606,0,23212.0,Hyderabad,Telangana,ST004,Cash
S000004511,2026-06-05,C22579,P0010,Cricket Bat,Sports,5,2161,5,10264.75,Bengaluru,Karnataka,ST003,Credit Card
S000004512,2026-06-05,C31625,P0001,iPhone 16,Electronics,5,39236,10,176562.0,Kolkata,West Bengal,ST007,Debit Card
S000004513,2026-06-05,C04222,P0001,iPhone 16,Electronics,4,29025,20,92880.0,Chennai,Tamil Nadu,ST005,UPI
S000004514,2026-06-05,C06173,P0002,Samsung TV,Electronics,2,26814,20,42902.4,Jaipur,Rajasthan,ST009,Cash
S000004515,2026-06-05,C10282,P0005,Women's Jeans,Fashion,5,2077,0,10385.0,Ahmedabad,Gujarat,ST008,UPI
S000004516,2026-06-05,C05735,P0009,Office Chair,Home,5,7061,0,35305.0,Mumbai,Maharashtra,ST002,Cash
S000004517,2026-06-05,C31488,P0006,Rice Bag,Grocery,5,393,20,1572.0,Ahmedabad,Gujarat,ST008,Net Banking
S000004518,2026-06-05,C43003,P0005,Women's Jeans,Fashion,3,4176,20,10022.4,Lucknow,Uttar Pradesh,ST010,Cash
S000004519,2026-06-05,C39340,P0001,iPhone 16,Electronics,2,23953,15,40720.1,Pune,Maharashtra,ST006,Credit Card
S000004520,2026-06-05,C08143,P0002,Samsung TV,Electronics,4,54007,15,183623.8,Chennai,Tamil Nadu,ST005,Net Banking
S000004521,2026-06-05,C23328,P0009,Office Chair,Home,5,9257,0,46285.0,Mumbai,Maharashtra,ST002,Net Banking
S000004522,2026-06-05,C00617,P0007,Milk,Grocery,2,343,10,617.4,Mumbai,Maharashtra,ST002,Cash
S000004523,2026-06-05,C26633,P0004,Men T-Shirt,Fashion,2,1271,5,2414.9,Mumbai,Maharashtra,ST002,Cash
S000004524,2026-06-05,C39085,P0008,Dining Table,Home,4,3416,15,11614.4,Pune,Maharashtra,ST006,Debit Card
S000004525,2026-06-05,C06774,P0007,Milk,Grocery,5,230,5,1092.5,Lucknow,Uttar Pradesh,ST010,Debit Card
S000004526,2026-06-05,C31982,P0009,Office Chair,Home,1,9903,5,9407.85,Jaipur,Rajasthan,ST009,UPI
S000004527,2026-06-05,C34443,P0010,Cricket Bat,Sports,1,6721,20,5376.8,Lucknow,Uttar Pradesh,ST010,Net Banking
S000004528,2026-06-05,C10925,P0001,iPhone 16,Electronics,1,75482,0,75482.0,Mumbai,Maharashtra,ST002,Credit Card
S000004529,2026-06-05,C27920,P0008,Dining Table,Home,2,2382,15,4049.4,Pune,Maharashtra,ST006,Credit Card
S000004530,2026-06-05,C14537,P0004,Men T-Shirt,Fashion,2,1129,15,1919.3,Kolkata,West Bengal,ST007,UPI
S000004531,2026-06-05,C40234,P0009,Office Chair,Home,5,1100,0,5500.0,Pune,Maharashtra,ST006,Debit Card
S000004532,2026-06-05,C20348,P0010,Cricket Bat,Sports,4,11319,5,43012.2,Delhi,Delhi,ST001,Credit Card
S000004533,2026-06-05,C39412,P0006,Rice Bag,Grocery,5,417,10,1876.5,Chennai,Tamil Nadu,ST005,Debit Card
S000004534,2026-06-05,C32999,P0004,Men T-Shirt,Fashion,2,4990,0,9980.0,Pune,Maharashtra,ST006,Cash
S000004535,2026-06-05,C10037,P0008,Dining Table,Home,5,3025,5,14368.75,Chennai,Tamil Nadu,ST005,Credit Card
S000004536,2026-06-05,C21113,P0006,Rice Bag,Grocery,3,55,20,132.0,Mumbai,Maharashtra,ST002,Cash
S000004537,2026-06-05,C45913,P0003,Laptop,Electronics,1,43300,15,36805.0,Pune,Maharashtra,ST006,Net Banking
S000004538,2026-06-05,C27589,P0003,Laptop,Electronics,2,63191,0,126382.0,Mumbai,Maharashtra,ST002,Credit Card
S000004539,2026-06-05,C07964,P0009,Office Chair,Home,5,4778,10,21501.0,Kolkata,West Bengal,ST007,Credit Card
S000004540,2026-06-05,C16922,P0002,Samsung TV,Electronics,3,51725,5,147416.25,Hyderabad,Telangana,ST004,Net Banking
S000004541,2026-06-05,C06149,P0006,Rice Bag,Grocery,1,328,5,311.6,Kolkata,West Bengal,ST007,Credit Card
S000004542,2026-06-05,C00569,P0008,Dining Table,Home,5,6032,20,24128.0,Lucknow,Uttar Pradesh,ST010,Cash
S000004543,2026-06-05,C03024,P0010,Cricket Bat,Sports,3,14749,20,35397.6,Kolkata,West Bengal,ST007,Debit Card
S000004544,2026-06-05,C35284,P0008,Dining Table,Home,1,9714,20,7771.2,Bengaluru,Karnataka,ST003,Debit Card
S000004545,2026-06-05,C39673,P0003,Laptop,Electronics,4,34665,10,124794.0,Mumbai,Maharashtra,ST002,Cash
S000004546,2026-06-05,C42655,P0002,Samsung TV,Electronics,5,18437,0,92185.0,Kolkata,West Bengal,ST007,Cash
S000004547,2026-06-05,C13514,P0004,Men T-Shirt,Fashion,2,4012,15,6820.4,Lucknow,Uttar Pradesh,ST010,Cash
S000004548,2026-06-05,C01887,P0008,Dining Table,Home,4,4208,10,15148.8,Bengaluru,Karnataka,ST003,UPI
S000004549,2026-06-05,C00735,P0003,Laptop,Electronics,2,32378,10,58280.4,Chennai,Tamil Nadu,ST005,Credit Card
S000004550,2026-06-05,C06165,P0010,Cricket Bat,Sports,1,7046,5,6693.7,Jaipur,Rajasthan,ST009,Credit Card
S000004551,2026-06-05,C12113,P0004,Men T-Shirt,Fashion,3,618,0,1854.0,Kolkata,West Bengal,ST007,Debit Card
S000004552,2026-06-05,C35670,P0002,Samsung TV,Electronics,3,32045,10,86521.5,Chennai,Tamil Nadu,ST005,Debit Card
S000004553,2026-06-05,C49859,P0009,Office Chair,Home,1,3077,10,2769.3,Chennai,Tamil Nadu,ST005,Credit Card
S000004554,2026-06-05,C16034,P0006,Rice Bag,Grocery,3,244,15,622.2,Delhi,Delhi,ST001,Net Banking
S000004555,2026-06-05,C23006,P0002,Samsung TV,Electronics,4,18536,10,66729.6,Mumbai,Maharashtra,ST002,Net Banking
S000004556,2026-06-05,C27298,P0005,Women's Jeans,Fashion,5,2834,0,14170.0,Delhi,Delhi,ST001,Net Banking
S000004557,2026-06-05,C20246,P0008,Dining Table,Home,5,9333,20,37332.0,Pune,Maharashtra,ST006,Credit Card
S000004558,2026-06-05,C46314,P0002,Samsung TV,Electronics,1,51932,10,46738.8,Hyderabad,Telangana,ST004,Cash
S000004559,2026-06-05,C41700,P0003,Laptop,Electronics,1,17314,20,13851.2,Chennai,Tamil Nadu,ST005,Debit Card
S000004560,2026-06-05,C11737,P0007,Milk,Grocery,1,349,5,331.55,Mumbai,Maharashtra,ST002,UPI
S000004561,2026-06-05,C20861,P0007,Milk,Grocery,3,112,20,268.8,Pune,Maharashtra,ST006,Net Banking
S000004562,2026-06-05,C38905,P0003,Laptop,Electronics,2,72951,15,124016.7,Delhi,Delhi,ST001,Credit Card
S000004563,2026-06-05,C46605,P0007,Milk,Grocery,4,327,5,1242.6,Kolkata,West Bengal,ST007,Net Banking
S000004564,2026-06-05,C11003,P0010,Cricket Bat,Sports,2,9102,15,15473.4,Pune,Maharashtra,ST006,Credit Card
S000004565,2026-06-05,C06113,P0010,Cricket Bat,Sports,1,10541,20,8432.8,Chennai,Tamil Nadu,ST005,UPI
S000004566,2026-06-05,C49447,P0004,Men T-Shirt,Fashion,5,2388,10,10746.0,Lucknow,Uttar Pradesh,ST010,UPI
S000004567,2026-06-05,C08312,P0005,Women's Jeans,Fashion,1,3601,15,3060.85,Bengaluru,Karnataka,ST003,Debit Card
S000004568,2026-06-05,C44129,P0003,Laptop,Electronics,3,63754,5,181698.9,Jaipur,Rajasthan,ST009,Credit Card
S000004569,2026-06-05,C13211,P0005,Women's Jeans,Fashion,5,2384,5,11324.0,Jaipur,Rajasthan,ST009,Net Banking
S000004570,2026-06-05,C16866,P0004,Men T-Shirt,Fashion,1,4815,15,4092.75,Ahmedabad,Gujarat,ST008,Debit Card
S000004571,2026-06-05,C28586,P0010,Cricket Bat,Sports,5,7421,10,33394.5,Chennai,Tamil Nadu,ST005,UPI
S000004572,2026-06-05,C18873,P0003,Laptop,Electronics,5,33146,15,140870.5,Chennai,Tamil Nadu,ST005,Credit Card
S000004573,2026-06-05,C40647,P0003,Laptop,Electronics,3,12729,15,32458.95,Jaipur,Rajasthan,ST009,Debit Card
S000004574,2026-06-05,C17629,P0004,Men T-Shirt,Fashion,5,3345,5,15888.75,Pune,Maharashtra,ST006,UPI
S000004575,2026-06-05,C49750,P0009,Office Chair,Home,3,4956,15,12637.8,Jaipur,Rajasthan,ST009,Net Banking
S000004576,2026-06-05,C41390,P0001,iPhone 16,Electronics,4,89305,15,303637.0,Hyderabad,Telangana,ST004,Net Banking
S000004577,2026-06-05,C18572,P0006,Rice Bag,Grocery,5,69,15,293.25,Hyderabad,Telangana,ST004,Debit Card
S000004578,2026-06-05,C26533,P0006,Rice Bag,Grocery,4,83,20,265.6,Delhi,Delhi,ST001,Debit Card
S000004579,2026-06-05,C34278,P0004,Men T-Shirt,Fashion,5,3287,10,14791.5,Delhi,Delhi,ST001,UPI
S000004580,2026-06-05,C08938,P0009,Office Chair,Home,2,5001,10,9001.8,Jaipur,Rajasthan,ST009,Cash
S000004581,2026-06-05,C48469,P0010,Cricket Bat,Sports,5,7404,15,31467.0,Kolkata,West Bengal,ST007,Cash
S000004582,2026-06-05,C29490,P0010,Cricket Bat,Sports,5,4530,15,19252.5,Jaipur,Rajasthan,ST009,Net Banking
S000004583,2026-06-05,C01075,P0007,Milk,Grocery,1,466,15,396.1,Mumbai,Maharashtra,ST002,Cash
S000004584,2026-06-05,C38289,P0001,iPhone 16,Electronics,5,67712,0,338560.0,Mumbai,Maharashtra,ST002,Debit Card
S000004585,2026-06-05,C05295,P0001,iPhone 16,Electronics,3,68724,0,206172.0,Hyderabad,Telangana,ST004,Net Banking
S000004586,2026-06-05,C22068,P0007,Milk,Grocery,4,241,10,867.6,Ahmedabad,Gujarat,ST008,Debit Card
S000004587,2026-06-05,C00004,P0006,Rice Bag,Grocery,5,236,0,1180.0,Mumbai,Maharashtra,ST002,Net Banking
S000004588,2026-06-05,C44973,P0002,Samsung TV,Electronics,3,44178,20,106027.2,Kolkata,West Bengal,ST007,Cash
S000004589,2026-06-05,C47396,P0003,Laptop,Electronics,2,58226,20,93161.6,Hyderabad,Telangana,ST004,Debit Card
S000004590,2026-06-05,C41921,P0007,Milk,Grocery,3,29,10,78.3,Lucknow,Uttar Pradesh,ST010,Net Banking
S000004591,2026-06-05,C21248,P0001,iPhone 16,Electronics,4,85577,5,325192.6,Pune,Maharashtra,ST006,Cash
S000004592,2026-06-05,C31751,P0006,Rice Bag,Grocery,2,442,10,795.6,Chennai,Tamil Nadu,ST005,UPI
S000004593,2026-06-05,C11662,P0009,Office Chair,Home,4,9299,20,29756.8,Kolkata,West Bengal,ST007,UPI
S000004594,2026-06-05,C10999,P0006,Rice Bag,Grocery,3,37,5,105.45,Ahmedabad,Gujarat,ST008,UPI
S000004595,2026-06-05,C21656,P0001,iPhone 16,Electronics,3,74291,15,189442.05,Hyderabad,Telangana,ST004,Net Banking
S000004596,2026-06-05,C48797,P0003,Laptop,Electronics,5,19351,15,82241.75,Kolkata,West Bengal,ST007,Debit Card
S000004597,2026-06-05,C49847,P0004,Men T-Shirt,Fashion,5,2502,15,10633.5,Jaipur,Rajasthan,ST009,Debit Card
S000004598,2026-06-05,C36654,P0001,iPhone 16,Electronics,3,77128,10,208245.6,Kolkata,West Bengal,ST007,Credit Card
S000004599,2026-06-05,C14467,P0001,iPhone 16,Electronics,1,28520,15,24242.0,Mumbai,Maharashtra,ST002,UPI
S000004600,2026-06-05,C35998,P0010,Cricket Bat,Sports,3,1677,20,4024.8,Kolkata,West Bengal,ST007,Net Banking
S000004601,2026-06-05,C42502,P0004,Men T-Shirt,Fashion,5,3521,5,16724.75,Delhi,Delhi,ST001,Debit Card
S000004602,2026-06-05,C46407,P0008,Dining Table,Home,5,6661,15,28309.25,Ahmedabad,Gujarat,ST008,Debit Card
S000004603,2026-06-05,C03197,P0004,Men T-Shirt,Fashion,4,1701,0,6804.0,Kolkata,West Bengal,ST007,Debit Card
S000004604,2026-06-05,C12734,P0007,Milk,Grocery,3,368,10,993.6,Hyderabad,Telangana,ST004,Debit Card
S000004605,2026-06-05,C13847,P0010,Cricket Bat,Sports,5,13093,20,52372.0,Chennai,Tamil Nadu,ST005,Cash
S000004606,2026-06-05,C24742,P0004,Men T-Shirt,Fashion,5,1089,5,5172.75,Hyderabad,Telangana,ST004,UPI
S000004607,2026-06-05,C12857,P0004,Men T-Shirt,Fashion,4,1227,15,4171.8,Pune,Maharashtra,ST006,Cash
S000004608,2026-06-05,C46797,P0001,iPhone 16,Electronics,1,68523,10,61670.7,Ahmedabad,Gujarat,ST008,Credit Card
S000004609,2026-06-05,C18347,P0006,Rice Bag,Grocery,4,108,15,367.2,Ahmedabad,Gujarat,ST008,Cash
S000004610,2026-06-05,C08907,P0007,Milk,Grocery,4,295,10,1062.0,Hyderabad,Telangana,ST004,Cash
S000004611,2026-06-05,C45654,P0001,iPhone 16,Electronics,5,89358,15,379771.5,Jaipur,Rajasthan,ST009,Net Banking
S000004612,2026-06-05,C32500,P0005,Women's Jeans,Fashion,5,2733,10,12298.5,Ahmedabad,Gujarat,ST008,Debit Card
S000004613,2026-06-05,C42603,P0004,Men T-Shirt,Fashion,3,1633,20,3919.2,Chennai,Tamil Nadu,ST005,Net Banking
S000004614,2026-06-05,C23210,P0004,Men T-Shirt,Fashion,3,725,5,2066.25,Ahmedabad,Gujarat,ST008,Cash
S000004615,2026-06-05,C31209,P0007,Milk,Grocery,5,263,10,1183.5,Ahmedabad,Gujarat,ST008,Cash
S000004616,2026-06-05,C01640,P0005,Women's Jeans,Fashion,4,3950,15,13430.0,Bengaluru,Karnataka,ST003,UPI
S000004617,2026-06-05,C23246,P0002,Samsung TV,Electronics,4,55971,5,212689.8,Chennai,Tamil Nadu,ST005,Net Banking
S000004618,2026-06-05,C19533,P0002,Samsung TV,Electronics,4,37223,5,141447.4,Mumbai,Maharashtra,ST002,Debit Card
S000004619,2026-06-05,C03893,P0010,Cricket Bat,Sports,1,10840,0,10840.0,Lucknow,Uttar Pradesh,ST010,UPI
S000004620,2026-06-05,C37420,P0005,Women's Jeans,Fashion,3,3763,10,10160.1,Delhi,Delhi,ST001,Cash
S000004621,2026-06-05,C47578,P0009,Office Chair,Home,3,4815,10,13000.5,Bengaluru,Karnataka,ST003,Credit Card
S000004622,2026-06-05,C16002,P0009,Office Chair,Home,3,4530,10,12231.0,Pune,Maharashtra,ST006,Cash
S000004623,2026-06-05,C11816,P0004,Men T-Shirt,Fashion,4,761,0,3044.0,Bengaluru,Karnataka,ST003,Cash
S000004624,2026-06-05,C02413,P0005,Women's Jeans,Fashion,5,1144,0,5720.0,Ahmedabad,Gujarat,ST008,UPI
S000004625,2026-06-05,C03928,P0004,Men T-Shirt,Fashion,3,3952,0,11856.0,Chennai,Tamil Nadu,ST005,Net Banking
S000004626,2026-06-05,C05156,P0010,Cricket Bat,Sports,5,9992,15,42466.0,Lucknow,Uttar Pradesh,ST010,Net Banking
S000004627,2026-06-05,C20602,P0002,Samsung TV,Electronics,1,51717,20,41373.6,Mumbai,Maharashtra,ST002,Net Banking
S000004628,2026-06-05,C14093,P0008,Dining Table,Home,4,1753,10,6310.8,Chennai,Tamil Nadu,ST005,Cash
S000004629,2026-06-05,C47853,P0005,Women's Jeans,Fashion,4,1261,20,4035.2,Ahmedabad,Gujarat,ST008,Cash
S000004630,2026-06-05,C42129,P0007,Milk,Grocery,1,163,15,138.55,Jaipur,Rajasthan,ST009,Cash
S000004631,2026-06-05,C48043,P0010,Cricket Bat,Sports,4,9271,5,35229.8,Kolkata,West Bengal,ST007,Cash
S000004632,2026-06-05,C46411,P0010,Cricket Bat,Sports,2,6343,15,10783.1,Delhi,Delhi,ST001,Debit Card
S000004633,2026-06-05,C22485,P0010,Cricket Bat,Sports,1,8930,20,7144.0,Lucknow,Uttar Pradesh,ST010,Debit Card
S000004634,2026-06-05,C04444,P0005,Women's Jeans,Fashion,2,529,5,1005.1,Bengaluru,Karnataka,ST003,Credit Card
S000004635,2026-06-05,C37635,P0003,Laptop,Electronics,3,12273,10,33137.1,Ahmedabad,Gujarat,ST008,Cash
S000004636,2026-06-05,C18235,P0008,Dining Table,Home,5,7419,5,35240.25,Hyderabad,Telangana,ST004,Net Banking
S000004637,2026-06-05,C10196,P0002,Samsung TV,Electronics,3,18812,5,53614.2,Chennai,Tamil Nadu,ST005,UPI
S000004638,2026-06-05,C05783,P0009,Office Chair,Home,1,5551,15,4718.35,Kolkata,West Bengal,ST007,Cash
S000004639,2026-06-05,C20155,P0008,Dining Table,Home,5,1979,10,8905.5,Hyderabad,Telangana,ST004,Credit Card
S000004640,2026-06-05,C29740,P0009,Office Chair,Home,3,7958,10,21486.6,Pune,Maharashtra,ST006,Credit Card
S000004641,2026-06-05,C19822,P0003,Laptop,Electronics,3,89391,10,241355.7,Delhi,Delhi,ST001,Credit Card
S000004642,2026-06-05,C18483,P0002,Samsung TV,Electronics,2,76132,15,129424.4,Delhi,Delhi,ST001,Credit Card
S000004643,2026-06-05,C42280,P0004,Men T-Shirt,Fashion,5,3828,15,16269.0,Pune,Maharashtra,ST006,UPI
S000004644,2026-06-05,C20323,P0008,Dining Table,Home,1,3838,0,3838.0,Ahmedabad,Gujarat,ST008,Debit Card
S000004645,2026-06-05,C13341,P0006,Rice Bag,Grocery,2,24,5,45.6,Mumbai,Maharashtra,ST002,Net Banking
S000004646,2026-06-05,C23288,P0009,Office Chair,Home,3,7355,10,19858.5,Pune,Maharashtra,ST006,Credit Card
S000004647,2026-06-05,C35030,P0002,Samsung TV,Electronics,5,79104,20,316416.0,Pune,Maharashtra,ST006,Credit Card
S000004648,2026-06-05,C23900,P0003,Laptop,Electronics,5,88946,10,400257.0,Mumbai,Maharashtra,ST002,Cash
S000004649,2026-06-05,C22527,P0010,Cricket Bat,Sports,5,8860,10,39870.0,Lucknow,Uttar Pradesh,ST010,UPI
S000004650,2026-06-05,C46261,P0002,Samsung TV,Electronics,4,53292,10,191851.2,Bengaluru,Karnataka,ST003,Net Banking
S000004651,2026-06-05,C34002,P0002,Samsung TV,Electronics,3,33306,5,94922.1,Kolkata,West Bengal,ST007,Cash
S000004652,2026-06-05,C35261,P0004,Men T-Shirt,Fashion,2,3048,20,4876.8,Mumbai,Maharashtra,ST002,Net Banking
S000004653,2026-06-05,C49952,P0010,Cricket Bat,Sports,1,12298,0,12298.0,Mumbai,Maharashtra,ST002,Net Banking
S000004654,2026-06-05,C12851,P0009,Office Chair,Home,4,3597,10,12949.2,Mumbai,Maharashtra,ST002,Debit Card
S000004655,2026-06-05,C08332,P0010,Cricket Bat,Sports,2,1984,20,3174.4,Bengaluru,Karnataka,ST003,Debit Card
S000004656,2026-06-05,C24247,P0010,Cricket Bat,Sports,1,14069,20,11255.2,Ahmedabad,Gujarat,ST008,Credit Card
S000004657,2026-06-05,C48203,P0002,Samsung TV,Electronics,5,51208,5,243238.0,Bengaluru,Karnataka,ST003,UPI
S000004658,2026-06-05,C30945,P0004,Men T-Shirt,Fashion,1,2922,15,2483.7,Chennai,Tamil Nadu,ST005,UPI
S000004659,2026-06-05,C05776,P0004,Men T-Shirt,Fashion,3,3419,10,9231.3,Hyderabad,Telangana,ST004,UPI
S000004660,2026-06-05,C12831,P0001,iPhone 16,Electronics,2,15110,5,28709.0,Mumbai,Maharashtra,ST002,Debit Card
S000004661,2026-06-05,C03860,P0005,Women's Jeans,Fashion,4,4112,20,13158.4,Chennai,Tamil Nadu,ST005,UPI
S000004662,2026-06-05,C05764,P0002,Samsung TV,Electronics,4,57259,20,183228.8,Delhi,Delhi,ST001,Net Banking
S000004663,2026-06-05,C35982,P0005,Women's Jeans,Fashion,4,3832,15,13028.8,Pune,Maharashtra,ST006,Debit Card
S000004664,2026-06-05,C15557,P0005,Women's Jeans,Fashion,1,2005,20,1604.0,Pune,Maharashtra,ST006,Debit Card
S000004665,2026-06-05,C38733,P0002,Samsung TV,Electronics,5,88374,10,397683.0,Bengaluru,Karnataka,ST003,Cash
S000004666,2026-06-05,C22364,P0003,Laptop,Electronics,3,20752,20,49804.8,Delhi,Delhi,ST001,Cash
S000004667,2026-06-05,C48087,P0002,Samsung TV,Electronics,1,60127,15,51107.95,Delhi,Delhi,ST001,Cash
S000004668,2026-06-05,C45222,P0010,Cricket Bat,Sports,1,14966,20,11972.8,Mumbai,Maharashtra,ST002,UPI
S000004669,2026-06-05,C41711,P0003,Laptop,Electronics,2,26187,15,44517.9,Bengaluru,Karnataka,ST003,Debit Card
S000004670,2026-06-05,C35098,P0003,Laptop,Electronics,2,29915,0,59830.0,Kolkata,West Bengal,ST007,Net Banking
S000004671,2026-06-05,C41473,P0008,Dining Table,Home,2,6742,20,10787.2,Pune,Maharashtra,ST006,Cash
S000004672,2026-06-05,C37256,P0007,Milk,Grocery,5,119,10,535.5,Bengaluru,Karnataka,ST003,UPI
S000004673,2026-06-05,C32544,P0010,Cricket Bat,Sports,1,5956,20,4764.8,Mumbai,Maharashtra,ST002,UPI
S000004674,2026-06-05,C15100,P0003,Laptop,Electronics,2,27389,20,43822.4,Pune,Maharashtra,ST006,Cash
S000004675,2026-06-05,C41111,P0008,Dining Table,Home,2,2888,0,5776.0,Delhi,Delhi,ST001,Credit Card
S000004676,2026-06-05,C03056,P0008,Dining Table,Home,3,8582,5,24458.7,Chennai,Tamil Nadu,ST005,Net Banking
S000004677,2026-06-05,C16652,P0004,Men T-Shirt,Fashion,1,1685,20,1348.0,Jaipur,Rajasthan,ST009,Cash
S000004678,2026-06-05,C22915,P0002,Samsung TV,Electronics,2,15858,10,28544.4,Chennai,Tamil Nadu,ST005,Debit Card
S000004679,2026-06-05,C44361,P0009,Office Chair,Home,5,7044,0,35220.0,Delhi,Delhi,ST001,Credit Card
S000004680,2026-06-05,C24911,P0001,iPhone 16,Electronics,1,32741,5,31103.95,Chennai,Tamil Nadu,ST005,Net Banking
S000004681,2026-06-05,C17181,P0001,iPhone 16,Electronics,3,72535,10,195844.5,Kolkata,West Bengal,ST007,Debit Card
S000004682,2026-06-05,C29567,P0007,Milk,Grocery,1,387,20,309.6,Lucknow,Uttar Pradesh,ST010,Debit Card
S000004683,2026-06-05,C01527,P0005,Women's Jeans,Fashion,5,4637,10,20866.5,Mumbai,Maharashtra,ST002,Net Banking
S000004684,2026-06-05,C28551,P0007,Milk,Grocery,1,68,15,57.8,Chennai,Tamil Nadu,ST005,Credit Card
S000004685,2026-06-05,C21577,P0006,Rice Bag,Grocery,2,283,20,452.8,Kolkata,West Bengal,ST007,Credit Card
S000004686,2026-06-05,C32253,P0009,Office Chair,Home,4,6740,10,24264.0,Jaipur,Rajasthan,ST009,Net Banking
S000004687,2026-06-05,C27891,P0010,Cricket Bat,Sports,1,3675,15,3123.75,Lucknow,Uttar Pradesh,ST010,Credit Card
S000004688,2026-06-05,C43189,P0001,iPhone 16,Electronics,2,87539,0,175078.0,Kolkata,West Bengal,ST007,Credit Card
S000004689,2026-06-05,C05780,P0002,Samsung TV,Electronics,4,11195,10,40302.0,Hyderabad,Telangana,ST004,Net Banking
S000004690,2026-06-05,C31588,P0010,Cricket Bat,Sports,1,12648,20,10118.4,Chennai,Tamil Nadu,ST005,Cash
S000004691,2026-06-05,C40331,P0001,iPhone 16,Electronics,1,37173,10,33455.7,Hyderabad,Telangana,ST004,Net Banking
S000004692,2026-06-05,C07947,P0005,Women's Jeans,Fashion,3,2514,20,6033.6,Jaipur,Rajasthan,ST009,Net Banking
S000004693,2026-06-05,C11043,P0010,Cricket Bat,Sports,1,9952,0,9952.0,Chennai,Tamil Nadu,ST005,Debit Card
S000004694,2026-06-05,C17015,P0008,Dining Table,Home,3,4323,10,11672.1,Lucknow,Uttar Pradesh,ST010,UPI
S000004695,2026-06-05,C28869,P0003,Laptop,Electronics,5,56977,0,284885.0,Jaipur,Rajasthan,ST009,Credit Card
S000004696,2026-06-05,C48197,P0007,Milk,Grocery,1,439,20,351.2,Ahmedabad,Gujarat,ST008,Credit Card
S000004697,2026-06-05,C21718,P0004,Men T-Shirt,Fashion,4,564,20,1804.8,Bengaluru,Karnataka,ST003,Cash
S000004698,2026-06-05,C16768,P0009,Office Chair,Home,5,7280,10,32760.0,Jaipur,Rajasthan,ST009,Cash
S000004699,2026-06-05,C24904,P0003,Laptop,Electronics,3,80096,5,228273.6,Lucknow,Uttar Pradesh,ST010,Credit Card
S000004700,2026-06-05,C10411,P0009,Office Chair,Home,1,2315,20,1852.0,Bengaluru,Karnataka,ST003,Net Banking
S000004701,2026-06-05,C14309,P0003,Laptop,Electronics,2,15470,15,26299.0,Hyderabad,Telangana,ST004,Debit Card
S000004702,2026-06-05,C33421,P0009,Office Chair,Home,5,5382,15,22873.5,Pune,Maharashtra,ST006,Cash
S000004703,2026-06-05,C31783,P0007,Milk,Grocery,1,332,15,282.2,Ahmedabad,Gujarat,ST008,Net Banking
S000004704,2026-06-05,C18255,P0006,Rice Bag,Grocery,4,157,10,565.2,Jaipur,Rajasthan,ST009,Credit Card
S000004705,2026-06-05,C37653,P0006,Rice Bag,Grocery,3,95,0,285.0,Lucknow,Uttar Pradesh,ST010,Cash
S000004706,2026-06-05,C15143,P0006,Rice Bag,Grocery,4,185,10,666.0,Hyderabad,Telangana,ST004,UPI
S000004707,2026-06-05,C44806,P0006,Rice Bag,Grocery,5,378,20,1512.0,Lucknow,Uttar Pradesh,ST010,Credit Card
S000004708,2026-06-05,C32018,P0005,Women's Jeans,Fashion,3,1212,0,3636.0,Jaipur,Rajasthan,ST009,Cash
S000004709,2026-06-05,C46253,P0005,Women's Jeans,Fashion,2,4010,15,6817.0,Jaipur,Rajasthan,ST009,Cash
S000004710,2026-06-05,C21184,P0002,Samsung TV,Electronics,5,74621,15,317139.25,Mumbai,Maharashtra,ST002,Net Banking
S000004711,2026-06-05,C16855,P0006,Rice Bag,Grocery,5,228,10,1026.0,Hyderabad,Telangana,ST004,Debit Card
S000004712,2026-06-05,C20860,P0002,Samsung TV,Electronics,3,24626,20,59102.4,Pune,Maharashtra,ST006,Cash
S000004713,2026-06-05,C26431,P0008,Dining Table,Home,4,4392,0,17568.0,Jaipur,Rajasthan,ST009,Net Banking
S000004714,2026-06-05,C03266,P0010,Cricket Bat,Sports,5,13705,5,65098.75,Hyderabad,Telangana,ST004,Debit Card
S000004715,2026-06-05,C04000,P0002,Samsung TV,Electronics,1,21254,10,19128.6,Kolkata,West Bengal,ST007,Credit Card
S000004716,2026-06-05,C37723,P0008,Dining Table,Home,3,2868,5,8173.8,Bengaluru,Karnataka,ST003,Credit Card
S000004717,2026-06-05,C34363,P0005,Women's Jeans,Fashion,3,1871,15,4771.05,Jaipur,Rajasthan,ST009,Credit Card
S000004718,2026-06-05,C25007,P0007,Milk,Grocery,5,341,20,1364.0,Jaipur,Rajasthan,ST009,UPI
S000004719,2026-06-05,C16649,P0007,Milk,Grocery,5,37,10,166.5,Delhi,Delhi,ST001,UPI
S000004720,2026-06-05,C00532,P0004,Men T-Shirt,Fashion,5,541,0,2705.0,Hyderabad,Telangana,ST004,Debit Card
S000004721,2026-06-05,C21866,P0004,Men T-Shirt,Fashion,3,4817,15,12283.35,Ahmedabad,Gujarat,ST008,Credit Card
S000004722,2026-06-05,C26231,P0008,Dining Table,Home,3,4779,10,12903.3,Mumbai,Maharashtra,ST002,Debit Card
S000004723,2026-06-05,C27318,P0001,iPhone 16,Electronics,5,30216,15,128418.0,Pune,Maharashtra,ST006,Credit Card
S000004724,2026-06-05,C02681,P0010,Cricket Bat,Sports,3,12550,15,32002.5,Kolkata,West Bengal,ST007,Cash
S000004725,2026-06-05,C41484,P0003,Laptop,Electronics,1,53615,5,50934.25,Ahmedabad,Gujarat,ST008,Credit Card
S000004726,2026-06-05,C25893,P0005,Women's Jeans,Fashion,1,1377,20,1101.6,Lucknow,Uttar Pradesh,ST010,Net Banking
S000004727,2026-06-05,C45278,P0003,Laptop,Electronics,4,68254,5,259365.2,Jaipur,Rajasthan,ST009,Debit Card
S000004728,2026-06-05,C32854,P0006,Rice Bag,Grocery,1,470,10,423.0,Delhi,Delhi,ST001,Credit Card
S000004729,2026-06-05,C21036,P0004,Men T-Shirt,Fashion,1,4572,15,3886.2,Jaipur,Rajasthan,ST009,Credit Card
S000004730,2026-06-05,C22295,P0006,Rice Bag,Grocery,1,488,5,463.6,Jaipur,Rajasthan,ST009,Credit Card
S000004731,2026-06-05,C25316,P0003,Laptop,Electronics,2,89605,10,161289.0,Kolkata,West Bengal,ST007,Debit Card
S000004732,2026-06-05,C26062,P0008,Dining Table,Home,3,6978,0,20934.0,Jaipur,Rajasthan,ST009,Debit Card
S000004733,2026-06-05,C29217,P0009,Office Chair,Home,4,6126,0,24504.0,Lucknow,Uttar Pradesh,ST010,UPI
S000004734,2026-06-05,C43667,P0010,Cricket Bat,Sports,5,8571,0,42855.0,Lucknow,Uttar Pradesh,ST010,UPI
S000004735,2026-06-05,C29890,P0008,Dining Table,Home,1,3009,20,2407.2,Pune,Maharashtra,ST006,Debit Card
S000004736,2026-06-05,C44407,P0005,Women's Jeans,Fashion,3,1853,10,5003.1,Chennai,Tamil Nadu,ST005,UPI
S000004737,2026-06-05,C13501,P0002,Samsung TV,Electronics,5,80975,5,384631.25,Kolkata,West Bengal,ST007,Debit Card
S000004738,2026-06-05,C34080,P0004,Men T-Shirt,Fashion,5,4398,10,19791.0,Jaipur,Rajasthan,ST009,Debit Card
S000004739,2026-06-05,C28835,P0008,Dining Table,Home,4,5730,20,18336.0,Kolkata,West Bengal,ST007,Debit Card
S000004740,2026-06-05,C02406,P0008,Dining Table,Home,3,5464,20,13113.6,Delhi,Delhi,ST001,Debit Card
S000004741,2026-06-05,C17258,P0004,Men T-Shirt,Fashion,4,4899,15,16656.6,Chennai,Tamil Nadu,ST005,Credit Card
S000004742,2026-06-05,C43074,P0008,Dining Table,Home,4,9735,5,36993.0,Mumbai,Maharashtra,ST002,Debit Card
S000004743,2026-06-05,C09232,P0001,iPhone 16,Electronics,5,17047,15,72449.75,Lucknow,Uttar Pradesh,ST010,Debit Card
S000004744,2026-06-05,C26537,P0004,Men T-Shirt,Fashion,3,2224,10,6004.8,Chennai,Tamil Nadu,ST005,UPI
S000004745,2026-06-05,C38912,P0008,Dining Table,Home,1,1282,0,1282.0,Ahmedabad,Gujarat,ST008,UPI
S000004746,2026-06-05,C08066,P0006,Rice Bag,Grocery,4,459,5,1744.2,Chennai,Tamil Nadu,ST005,Cash
S000004747,2026-06-05,C18858,P0010,Cricket Bat,Sports,1,13712,10,12340.8,Chennai,Tamil Nadu,ST005,Credit Card
S000004748,2026-06-05,C45498,P0009,Office Chair,Home,2,6273,10,11291.4,Ahmedabad,Gujarat,ST008,Credit Card
S000004749,2026-06-05,C30691,P0009,Office Chair,Home,3,2201,5,6272.85,Pune,Maharashtra,ST006,Cash
S000004750,2026-06-05,C22454,P0005,Women's Jeans,Fashion,1,3723,20,2978.4,Ahmedabad,Gujarat,ST008,Debit Card
S000004751,2026-06-05,C21549,P0006,Rice Bag,Grocery,5,360,10,1620.0,Ahmedabad,Gujarat,ST008,Credit Card
S000004752,2026-06-05,C09939,P0004,Men T-Shirt,Fashion,3,3554,10,9595.8,Bengaluru,Karnataka,ST003,Net Banking
S000004753,2026-06-05,C36221,P0001,iPhone 16,Electronics,4,88355,10,318078.0,Lucknow,Uttar Pradesh,ST010,Debit Card
S000004754,2026-06-05,C31969,P0006,Rice Bag,Grocery,4,226,0,904.0,Jaipur,Rajasthan,ST009,UPI
S000004755,2026-06-05,C10184,P0009,Office Chair,Home,2,7226,5,13729.4,Chennai,Tamil Nadu,ST005,UPI
S000004756,2026-06-05,C15620,P0004,Men T-Shirt,Fashion,1,2962,0,2962.0,Chennai,Tamil Nadu,ST005,Cash
S000004757,2026-06-05,C30476,P0002,Samsung TV,Electronics,5,68273,0,341365.0,Chennai,Tamil Nadu,ST005,Cash
S000004758,2026-06-05,C16678,P0008,Dining Table,Home,2,5265,0,10530.0,Lucknow,Uttar Pradesh,ST010,Cash
S000004759,2026-06-05,C36437,P0006,Rice Bag,Grocery,3,41,20,98.4,Pune,Maharashtra,ST006,Net Banking
S000004760,2026-06-05,C46719,P0004,Men T-Shirt,Fashion,3,3796,0,11388.0,Ahmedabad,Gujarat,ST008,Debit Card
S000004761,2026-06-05,C08039,P0008,Dining Table,Home,5,6861,0,34305.0,Delhi,Delhi,ST001,Credit Card
S000004762,2026-06-05,C01265,P0002,Samsung TV,Electronics,5,14094,0,70470.0,Ahmedabad,Gujarat,ST008,Debit Card
S000004763,2026-06-05,C49675,P0002,Samsung TV,Electronics,4,70294,20,224940.8,Ahmedabad,Gujarat,ST008,UPI
S000004764,2026-06-05,C42350,P0005,Women's Jeans,Fashion,4,4948,15,16823.2,Lucknow,Uttar Pradesh,ST010,UPI
S000004765,2026-06-05,C45923,P0010,Cricket Bat,Sports,3,5441,0,16323.0,Bengaluru,Karnataka,ST003,Net Banking
S000004766,2026-06-05,C26075,P0003,Laptop,Electronics,5,40978,20,163912.0,Mumbai,Maharashtra,ST002,Debit Card
S000004767,2026-06-05,C38364,P0007,Milk,Grocery,2,200,5,380.0,Ahmedabad,Gujarat,ST008,Cash
S000004768,2026-06-05,C28079,P0008,Dining Table,Home,3,9137,20,21928.8,Hyderabad,Telangana,ST004,Debit Card
S000004769,2026-06-05,C26708,P0001,iPhone 16,Electronics,4,26788,5,101794.4,Ahmedabad,Gujarat,ST008,UPI
S000004770,2026-06-05,C34995,P0009,Office Chair,Home,1,4000,5,3800.0,Hyderabad,Telangana,ST004,Debit Card
S000004771,2026-06-05,C22637,P0002,Samsung TV,Electronics,1,19753,10,17777.7,Hyderabad,Telangana,ST004,Net Banking
S000004772,2026-06-05,C12424,P0001,iPhone 16,Electronics,3,31622,15,80636.1,Lucknow,Uttar Pradesh,ST010,Cash
S000004773,2026-06-05,C41632,P0005,Women's Jeans,Fashion,4,3819,5,14512.2,Lucknow,Uttar Pradesh,ST010,Credit Card
S000004774,2026-06-05,C20556,P0008,Dining Table,Home,4,1524,10,5486.4,Lucknow,Uttar Pradesh,ST010,Cash
S000004775,2026-06-05,C34090,P0001,iPhone 16,Electronics,1,69805,5,66314.75,Hyderabad,Telangana,ST004,UPI
S000004776,2026-06-05,C23869,P0007,Milk,Grocery,2,219,0,438.0,Pune,Maharashtra,ST006,Net Banking
S000004777,2026-06-05,C33664,P0003,Laptop,Electronics,4,41101,15,139743.4,Pune,Maharashtra,ST006,Credit Card
S000004778,2026-06-05,C38752,P0005,Women's Jeans,Fashion,5,4785,15,20336.25,Mumbai,Maharashtra,ST002,Credit Card
S000004779,2026-06-05,C28126,P0010,Cricket Bat,Sports,2,11313,5,21494.7,Mumbai,Maharashtra,ST002,UPI
S000004780,2026-06-05,C12854,P0003,Laptop,Electronics,2,52240,5,99256.0,Mumbai,Maharashtra,ST002,Debit Card
S000004781,2026-06-05,C24748,P0002,Samsung TV,Electronics,4,81637,20,261238.4,Mumbai,Maharashtra,ST002,Net Banking
S000004782,2026-06-05,C09618,P0006,Rice Bag,Grocery,4,408,10,1468.8,Lucknow,Uttar Pradesh,ST010,Debit Card
S000004783,2026-06-05,C29590,P0005,Women's Jeans,Fashion,3,2259,5,6438.15,Chennai,Tamil Nadu,ST005,Cash
S000004784,2026-06-05,C24562,P0006,Rice Bag,Grocery,1,76,20,60.8,Chennai,Tamil Nadu,ST005,Debit Card
S000004785,2026-06-05,C06394,P0009,Office Chair,Home,2,6759,15,11490.3,Pune,Maharashtra,ST006,UPI
S000004786,2026-06-05,C12294,P0009,Office Chair,Home,2,1449,5,2753.1,Delhi,Delhi,ST001,Debit Card
S000004787,2026-06-05,C36217,P0009,Office Chair,Home,2,7783,15,13231.1,Mumbai,Maharashtra,ST002,Net Banking
S000004788,2026-06-05,C33620,P0005,Women's Jeans,Fashion,3,4568,0,13704.0,Mumbai,Maharashtra,ST002,Net Banking
S000004789,2026-06-05,C17051,P0007,Milk,Grocery,1,58,10,52.2,Bengaluru,Karnataka,ST003,Credit Card
S000004790,2026-06-05,C43377,P0009,Office Chair,Home,2,5802,10,10443.6,Hyderabad,Telangana,ST004,Credit Card
S000004791,2026-06-05,C03911,P0002,Samsung TV,Electronics,4,32149,20,102876.8,Mumbai,Maharashtra,ST002,Credit Card
S000004792,2026-06-05,C13570,P0007,Milk,Grocery,1,280,15,238.0,Delhi,Delhi,ST001,Credit Card
S000004793,2026-06-05,C25880,P0005,Women's Jeans,Fashion,1,586,15,498.1,Ahmedabad,Gujarat,ST008,Cash
S000004794,2026-06-05,C43346,P0008,Dining Table,Home,5,4386,15,18640.5,Kolkata,West Bengal,ST007,UPI
S000004795,2026-06-05,C24722,P0003,Laptop,Electronics,1,73331,15,62331.35,Lucknow,Uttar Pradesh,ST010,Debit Card
S000004796,2026-06-05,C42875,P0008,Dining Table,Home,2,2036,15,3461.2,Mumbai,Maharashtra,ST002,Cash
S000004797,2026-06-05,C09653,P0001,iPhone 16,Electronics,5,77652,15,330021.0,Chennai,Tamil Nadu,ST005,Net Banking
S000004798,2026-06-05,C36761,P0001,iPhone 16,Electronics,5,61109,20,244436.0,Chennai,Tamil Nadu,ST005,UPI
S000004799,2026-06-05,C14574,P0001,iPhone 16,Electronics,4,48977,10,176317.2,Hyderabad,Telangana,ST004,Credit Card
S000004800,2026-06-05,C26255,P0005,Women's Jeans,Fashion,4,2945,0,11780.0,Lucknow,Uttar Pradesh,ST010,Cash
S000004801,2026-06-05,C38590,P0010,Cricket Bat,Sports,1,5590,5,5310.5,Mumbai,Maharashtra,ST002,Cash
S000004802,2026-06-05,C39927,P0001,iPhone 16,Electronics,5,14350,20,57400.0,Kolkata,West Bengal,ST007,Debit Card
S000004803,2026-06-05,C47142,P0008,Dining Table,Home,3,2641,10,7130.7,Delhi,Delhi,ST001,Credit Card
S000004804,2026-06-05,C43386,P0002,Samsung TV,Electronics,1,26172,20,20937.6,Lucknow,Uttar Pradesh,ST010,Cash
S000004805,2026-06-05,C04532,P0006,Rice Bag,Grocery,1,116,15,98.6,Jaipur,Rajasthan,ST009,Net Banking
S000004806,2026-06-05,C35706,P0003,Laptop,Electronics,4,11412,15,38800.8,Lucknow,Uttar Pradesh,ST010,Cash
S000004807,2026-06-05,C18172,P0003,Laptop,Electronics,2,18779,20,30046.4,Mumbai,Maharashtra,ST002,Debit Card
S000004808,2026-06-05,C16317,P0007,Milk,Grocery,2,225,0,450.0,Bengaluru,Karnataka,ST003,Debit Card
S000004809,2026-06-05,C09215,P0003,Laptop,Electronics,5,13287,20,53148.0,Mumbai,Maharashtra,ST002,Cash
S000004810,2026-06-05,C46389,P0009,Office Chair,Home,3,8927,0,26781.0,Ahmedabad,Gujarat,ST008,Debit Card
S000004811,2026-06-05,C09278,P0010,Cricket Bat,Sports,3,9233,5,26314.05,Hyderabad,Telangana,ST004,Credit Card
S000004812,2026-06-05,C49546,P0009,Office Chair,Home,5,1854,0,9270.0,Chennai,Tamil Nadu,ST005,Credit Card
S000004813,2026-06-05,C26756,P0006,Rice Bag,Grocery,3,455,0,1365.0,Ahmedabad,Gujarat,ST008,Credit Card
S000004814,2026-06-05,C31459,P0005,Women's Jeans,Fashion,4,2283,10,8218.8,Pune,Maharashtra,ST006,Debit Card
S000004815,2026-06-05,C08004,P0001,iPhone 16,Electronics,3,16171,0,48513.0,Bengaluru,Karnataka,ST003,UPI
S000004816,2026-06-05,C09866,P0009,Office Chair,Home,1,9861,10,8874.9,Hyderabad,Telangana,ST004,Credit Card
S000004817,2026-06-05,C24094,P0009,Office Chair,Home,5,9973,0,49865.0,Lucknow,Uttar Pradesh,ST010,Cash
S000004818,2026-06-05,C14454,P0006,Rice Bag,Grocery,1,272,15,231.2,Lucknow,Uttar Pradesh,ST010,Cash
S000004819,2026-06-05,C05338,P0008,Dining Table,Home,1,6159,15,5235.15,Delhi,Delhi,ST001,Credit Card
S000004820,2026-06-05,C32789,P0008,Dining Table,Home,3,1707,5,4864.95,Delhi,Delhi,ST001,Net Banking
S000004821,2026-06-05,C16624,P0007,Milk,Grocery,1,220,10,198.0,Delhi,Delhi,ST001,Debit Card
S000004822,2026-06-05,C35447,P0004,Men T-Shirt,Fashion,3,2210,5,6298.5,Jaipur,Rajasthan,ST009,Net Banking
S000004823,2026-06-05,C29375,P0007,Milk,Grocery,1,407,20,325.6,Jaipur,Rajasthan,ST009,Debit Card
S000004824,2026-06-05,C29724,P0007,Milk,Grocery,4,459,0,1836.0,Ahmedabad,Gujarat,ST008,Cash
S000004825,2026-06-05,C00616,P0007,Milk,Grocery,3,186,20,446.4,Chennai,Tamil Nadu,ST005,Credit Card
S000004826,2026-06-05,C46923,P0008,Dining Table,Home,4,4372,0,17488.0,Hyderabad,Telangana,ST004,UPI
S000004827,2026-06-05,C14920,P0004,Men T-Shirt,Fashion,5,3942,15,16753.5,Bengaluru,Karnataka,ST003,Debit Card
S000004828,2026-06-05,C21846,P0008,Dining Table,Home,1,505,10,454.5,Chennai,Tamil Nadu,ST005,Debit Card
S000004829,2026-06-05,C35576,P0005,Women's Jeans,Fashion,5,2986,15,12690.5,Jaipur,Rajasthan,ST009,UPI
S000004830,2026-06-05,C47538,P0004,Men T-Shirt,Fashion,1,3321,15,2822.85,Mumbai,Maharashtra,ST002,Net Banking
S000004831,2026-06-05,C01281,P0006,Rice Bag,Grocery,4,46,15,156.4,Chennai,Tamil Nadu,ST005,Credit Card
S000004832,2026-06-05,C38952,P0010,Cricket Bat,Sports,3,13452,15,34302.6,Pune,Maharashtra,ST006,Net Banking
S000004833,2026-06-05,C27103,P0002,Samsung TV,Electronics,1,73454,20,58763.2,Mumbai,Maharashtra,ST002,UPI
S000004834,2026-06-05,C30977,P0007,Milk,Grocery,3,168,10,453.6,Chennai,Tamil Nadu,ST005,Cash
S000004835,2026-06-05,C27416,P0006,Rice Bag,Grocery,5,309,15,1313.25,Ahmedabad,Gujarat,ST008,Credit Card
S000004836,2026-06-05,C09942,P0003,Laptop,Electronics,2,48802,20,78083.2,Kolkata,West Bengal,ST007,Net Banking
S000004837,2026-06-05,C22142,P0005,Women's Jeans,Fashion,5,585,20,2340.0,Delhi,Delhi,ST001,Credit Card
S000004838,2026-06-05,C33258,P0005,Women's Jeans,Fashion,3,3914,0,11742.0,Kolkata,West Bengal,ST007,Net Banking
S000004839,2026-06-05,C28435,P0007,Milk,Grocery,2,492,15,836.4,Lucknow,Uttar Pradesh,ST010,Net Banking
S000004840,2026-06-05,C04436,P0004,Men T-Shirt,Fashion,4,4988,15,16959.2,Jaipur,Rajasthan,ST009,Credit Card
S000004841,2026-06-05,C02214,P0010,Cricket Bat,Sports,4,7493,20,23977.6,Ahmedabad,Gujarat,ST008,Cash
S000004842,2026-06-05,C24549,P0008,Dining Table,Home,5,9756,15,41463.0,Delhi,Delhi,ST001,Credit Card
S000004843,2026-06-05,C09458,P0007,Milk,Grocery,4,321,5,1219.8,Hyderabad,Telangana,ST004,Cash
S000004844,2026-06-05,C48853,P0008,Dining Table,Home,1,7672,5,7288.4,Mumbai,Maharashtra,ST002,UPI
S000004845,2026-06-05,C23436,P0002,Samsung TV,Electronics,5,64977,5,308640.75,Bengaluru,Karnataka,ST003,Net Banking
S000004846,2026-06-05,C12284,P0001,iPhone 16,Electronics,2,47672,5,90576.8,Kolkata,West Bengal,ST007,Net Banking
S000004847,2026-06-05,C10746,P0004,Men T-Shirt,Fashion,1,1672,5,1588.4,Hyderabad,Telangana,ST004,Credit Card
S000004848,2026-06-05,C40422,P0010,Cricket Bat,Sports,3,6510,0,19530.0,Hyderabad,Telangana,ST004,Debit Card
S000004849,2026-06-05,C26289,P0001,iPhone 16,Electronics,3,39696,0,119088.0,Kolkata,West Bengal,ST007,Net Banking
S000004850,2026-06-05,C26138,P0010,Cricket Bat,Sports,2,5887,15,10007.9,Pune,Maharashtra,ST006,Credit Card
S000004851,2026-06-05,C35238,P0007,Milk,Grocery,5,176,0,880.0,Pune,Maharashtra,ST006,Credit Card
S000004852,2026-06-05,C08949,P0009,Office Chair,Home,4,1295,0,5180.0,Pune,Maharashtra,ST006,Credit Card
S000004853,2026-06-05,C25071,P0005,Women's Jeans,Fashion,5,3255,10,14647.5,Chennai,Tamil Nadu,ST005,Net Banking
S000004854,2026-06-05,C34847,P0008,Dining Table,Home,1,2407,20,1925.6,Pune,Maharashtra,ST006,Credit Card
S000004855,2026-06-05,C41403,P0009,Office Chair,Home,2,6432,10,11577.6,Delhi,Delhi,ST001,Debit Card
S000004856,2026-06-05,C20383,P0003,Laptop,Electronics,3,42450,15,108247.5,Jaipur,Rajasthan,ST009,UPI
S000004857,2026-06-05,C26883,P0005,Women's Jeans,Fashion,3,744,15,1897.2,Bengaluru,Karnataka,ST003,Debit Card
S000004858,2026-06-05,C36513,P0007,Milk,Grocery,4,298,15,1013.2,Jaipur,Rajasthan,ST009,Net Banking
S000004859,2026-06-05,C01797,P0003,Laptop,Electronics,5,27047,5,128473.25,Delhi,Delhi,ST001,Credit Card
S000004860,2026-06-05,C08018,P0004,Men T-Shirt,Fashion,1,1262,20,1009.6,Mumbai,Maharashtra,ST002,Cash
S000004861,2026-06-05,C46995,P0006,Rice Bag,Grocery,4,492,5,1869.6,Jaipur,Rajasthan,ST009,Cash
S000004862,2026-06-05,C38789,P0010,Cricket Bat,Sports,4,9571,20,30627.2,Bengaluru,Karnataka,ST003,Net Banking
S000004863,2026-06-05,C31722,P0003,Laptop,Electronics,2,19999,10,35998.2,Jaipur,Rajasthan,ST009,Cash
S000004864,2026-06-05,C10323,P0005,Women's Jeans,Fashion,4,1922,20,6150.4,Lucknow,Uttar Pradesh,ST010,Debit Card
S000004865,2026-06-05,C07413,P0008,Dining Table,Home,3,5422,0,16266.0,Lucknow,Uttar Pradesh,ST010,Cash
S000004866,2026-06-05,C27992,P0001,iPhone 16,Electronics,2,81028,20,129644.8,Hyderabad,Telangana,ST004,Credit Card
S000004867,2026-06-05,C33198,P0001,iPhone 16,Electronics,1,52491,0,52491.0,Ahmedabad,Gujarat,ST008,UPI
S000004868,2026-06-05,C45979,P0001,iPhone 16,Electronics,4,50923,10,183322.8,Bengaluru,Karnataka,ST003,Net Banking
S000004869,2026-06-05,C44878,P0002,Samsung TV,Electronics,2,30868,0,61736.0,Bengaluru,Karnataka,ST003,UPI
S000004870,2026-06-05,C05392,P0008,Dining Table,Home,3,4949,0,14847.0,Pune,Maharashtra,ST006,Debit Card
S000004871,2026-06-05,C26107,P0005,Women's Jeans,Fashion,5,1626,0,8130.0,Jaipur,Rajasthan,ST009,Cash
S000004872,2026-06-05,C03641,P0005,Women's Jeans,Fashion,2,4321,10,7777.8,Kolkata,West Bengal,ST007,Cash
S000004873,2026-06-05,C42614,P0001,iPhone 16,Electronics,2,63182,20,101091.2,Mumbai,Maharashtra,ST002,Debit Card
S000004874,2026-06-05,C29316,P0005,Women's Jeans,Fashion,1,2382,15,2024.7,Chennai,Tamil Nadu,ST005,Credit Card
S000004875,2026-06-05,C03631,P0008,Dining Table,Home,3,9394,5,26772.9,Jaipur,Rajasthan,ST009,Debit Card
S000004876,2026-06-05,C13217,P0001,iPhone 16,Electronics,5,74672,5,354692.0,Lucknow,Uttar Pradesh,ST010,Debit Card
S000004877,2026-06-05,C15592,P0009,Office Chair,Home,5,671,15,2851.75,Hyderabad,Telangana,ST004,Cash
S000004878,2026-06-05,C03210,P0002,Samsung TV,Electronics,4,87911,5,334061.8,Chennai,Tamil Nadu,ST005,Debit Card
S000004879,2026-06-05,C15016,P0003,Laptop,Electronics,1,45113,20,36090.4,Kolkata,West Bengal,ST007,Cash
S000004880,2026-06-05,C22430,P0009,Office Chair,Home,4,614,0,2456.0,Mumbai,Maharashtra,ST002,Net Banking
S000004881,2026-06-05,C23920,P0001,iPhone 16,Electronics,4,75057,20,240182.4,Mumbai,Maharashtra,ST002,Net Banking
S000004882,2026-06-05,C31680,P0003,Laptop,Electronics,2,55927,0,111854.0,Delhi,Delhi,ST001,Net Banking
S000004883,2026-06-05,C37452,P0003,Laptop,Electronics,5,30281,20,121124.0,Delhi,Delhi,ST001,UPI
S000004884,2026-06-05,C47437,P0006,Rice Bag,Grocery,2,380,5,722.0,Bengaluru,Karnataka,ST003,Credit Card
S000004885,2026-06-05,C37035,P0008,Dining Table,Home,5,3739,15,15890.75,Delhi,Delhi,ST001,Debit Card
S000004886,2026-06-05,C38371,P0006,Rice Bag,Grocery,5,485,0,2425.0,Jaipur,Rajasthan,ST009,Credit Card
S000004887,2026-06-05,C22523,P0009,Office Chair,Home,1,1766,15,1501.1,Pune,Maharashtra,ST006,Debit Card
S000004888,2026-06-05,C13829,P0010,Cricket Bat,Sports,3,10155,5,28941.75,Ahmedabad,Gujarat,ST008,UPI
S000004889,2026-06-05,C01272,P0008,Dining Table,Home,3,2313,10,6245.1,Pune,Maharashtra,ST006,Cash
S000004890,2026-06-05,C12028,P0005,Women's Jeans,Fashion,2,3875,5,7362.5,Jaipur,Rajasthan,ST009,Cash
S000004891,2026-06-05,C25263,P0003,Laptop,Electronics,1,77781,20,62224.8,Pune,Maharashtra,ST006,Net Banking
S000004892,2026-06-05,C15581,P0002,Samsung TV,Electronics,5,71581,15,304219.25,Bengaluru,Karnataka,ST003,Debit Card
S000004893,2026-06-05,C15443,P0007,Milk,Grocery,2,471,10,847.8,Ahmedabad,Gujarat,ST008,Cash
S000004894,2026-06-05,C19469,P0004,Men T-Shirt,Fashion,3,2992,20,7180.8,Chennai,Tamil Nadu,ST005,Credit Card
S000004895,2026-06-05,C30307,P0009,Office Chair,Home,5,6666,10,29997.0,Ahmedabad,Gujarat,ST008,Credit Card
S000004896,2026-06-05,C31232,P0002,Samsung TV,Electronics,3,39202,20,94084.8,Pune,Maharashtra,ST006,Cash
S000004897,2026-06-05,C44326,P0001,iPhone 16,Electronics,5,16144,5,76684.0,Bengaluru,Karnataka,ST003,Net Banking
S000004898,2026-06-05,C17709,P0009,Office Chair,Home,2,5300,15,9010.0,Delhi,Delhi,ST001,Debit Card
S000004899,2026-06-05,C38089,P0007,Milk,Grocery,1,310,10,279.0,Delhi,Delhi,ST001,UPI
S000004900,2026-06-05,C00622,P0010,Cricket Bat,Sports,3,8212,5,23404.2,Mumbai,Maharashtra,ST002,Cash
S000004901,2026-06-05,C31319,P0007,Milk,Grocery,2,227,15,385.9,Bengaluru,Karnataka,ST003,Debit Card
S000004902,2026-06-05,C45517,P0003,Laptop,Electronics,3,87843,5,250352.55,Bengaluru,Karnataka,ST003,Debit Card
S000004903,2026-06-05,C02167,P0004,Men T-Shirt,Fashion,2,934,20,1494.4,Kolkata,West Bengal,ST007,Net Banking
S000004904,2026-06-05,C49839,P0002,Samsung TV,Electronics,1,53527,5,50850.65,Chennai,Tamil Nadu,ST005,UPI
S000004905,2026-06-05,C30590,P0004,Men T-Shirt,Fashion,4,2010,5,7638.0,Mumbai,Maharashtra,ST002,UPI
S000004906,2026-06-05,C25953,P0005,Women's Jeans,Fashion,4,3189,15,10842.6,Mumbai,Maharashtra,ST002,Debit Card
S000004907,2026-06-05,C37459,P0001,iPhone 16,Electronics,5,44851,5,213042.25,Delhi,Delhi,ST001,UPI
S000004908,2026-06-05,C40002,P0004,Men T-Shirt,Fashion,5,4821,10,21694.5,Hyderabad,Telangana,ST004,Debit Card
S000004909,2026-06-05,C29385,P0005,Women's Jeans,Fashion,5,4913,5,23336.75,Bengaluru,Karnataka,ST003,Credit Card
S000004910,2026-06-05,C49917,P0006,Rice Bag,Grocery,4,486,15,1652.4,Lucknow,Uttar Pradesh,ST010,Cash
S000004911,2026-06-05,C31239,P0002,Samsung TV,Electronics,5,12605,5,59873.75,Pune,Maharashtra,ST006,Credit Card
S000004912,2026-06-05,C10890,P0007,Milk,Grocery,4,393,5,1493.4,Bengaluru,Karnataka,ST003,Debit Card
S000004913,2026-06-05,C26391,P0006,Rice Bag,Grocery,2,93,20,148.8,Delhi,Delhi,ST001,UPI
S000004914,2026-06-05,C36882,P0001,iPhone 16,Electronics,1,66665,10,59998.5,Lucknow,Uttar Pradesh,ST010,UPI
S000004915,2026-06-05,C29707,P0007,Milk,Grocery,3,94,15,239.7,Mumbai,Maharashtra,ST002,Debit Card
S000004916,2026-06-05,C32981,P0008,Dining Table,Home,3,4756,0,14268.0,Hyderabad,Telangana,ST004,Debit Card
S000004917,2026-06-05,C46819,P0005,Women's Jeans,Fashion,1,3781,20,3024.8,Bengaluru,Karnataka,ST003,Credit Card
S000004918,2026-06-05,C32291,P0010,Cricket Bat,Sports,4,7556,10,27201.6,Bengaluru,Karnataka,ST003,UPI
S000004919,2026-06-05,C17541,P0010,Cricket Bat,Sports,2,5309,5,10087.1,Hyderabad,Telangana,ST004,Net Banking
S000004920,2026-06-05,C44821,P0010,Cricket Bat,Sports,1,4841,10,4356.9,Kolkata,West Bengal,ST007,Net Banking
S000004921,2026-06-05,C13895,P0010,Cricket Bat,Sports,2,8711,15,14808.7,Bengaluru,Karnataka,ST003,Debit Card
S000004922,2026-06-05,C36565,P0004,Men T-Shirt,Fashion,2,2532,20,4051.2,Pune,Maharashtra,ST006,Cash
S000004923,2026-06-05,C06463,P0004,Men T-Shirt,Fashion,4,2404,10,8654.4,Hyderabad,Telangana,ST004,UPI
S000004924,2026-06-05,C22308,P0004,Men T-Shirt,Fashion,2,2384,15,4052.8,Hyderabad,Telangana,ST004,UPI
S000004925,2026-06-05,C20331,P0002,Samsung TV,Electronics,3,72344,10,195328.8,Bengaluru,Karnataka,ST003,Credit Card
S000004926,2026-06-05,C01419,P0010,Cricket Bat,Sports,2,12007,15,20411.9,Jaipur,Rajasthan,ST009,Debit Card
S000004927,2026-06-05,C10308,P0001,iPhone 16,Electronics,3,15874,10,42859.8,Hyderabad,Telangana,ST004,Credit Card
S000004928,2026-06-05,C04760,P0007,Milk,Grocery,2,440,5,836.0,Delhi,Delhi,ST001,Credit Card
S000004929,2026-06-05,C21408,P0002,Samsung TV,Electronics,1,57924,10,52131.6,Delhi,Delhi,ST001,Cash
S000004930,2026-06-05,C21252,P0009,Office Chair,Home,5,4870,0,24350.0,Ahmedabad,Gujarat,ST008,UPI
S000004931,2026-06-05,C17917,P0003,Laptop,Electronics,3,61546,10,166174.2,Bengaluru,Karnataka,ST003,Debit Card
S000004932,2026-06-05,C04667,P0002,Samsung TV,Electronics,2,58671,10,105607.8,Lucknow,Uttar Pradesh,ST010,Net Banking
S000004933,2026-06-05,C05742,P0003,Laptop,Electronics,5,14665,15,62326.25,Pune,Maharashtra,ST006,Credit Card
S000004934,2026-06-05,C33874,P0002,Samsung TV,Electronics,2,55253,0,110506.0,Lucknow,Uttar Pradesh,ST010,UPI
S000004935,2026-06-05,C22892,P0004,Men T-Shirt,Fashion,3,1060,20,2544.0,Chennai,Tamil Nadu,ST005,Net Banking
S000004936,2026-06-05,C46724,P0008,Dining Table,Home,4,5645,10,20322.0,Mumbai,Maharashtra,ST002,Debit Card
S000004937,2026-06-05,C32518,P0002,Samsung TV,Electronics,2,32764,20,52422.4,Kolkata,West Bengal,ST007,Cash
S000004938,2026-06-05,C41406,P0003,Laptop,Electronics,2,12287,15,20887.9,Chennai,Tamil Nadu,ST005,Cash
S000004939,2026-06-05,C07886,P0007,Milk,Grocery,5,356,10,1602.0,Bengaluru,Karnataka,ST003,UPI
S000004940,2026-06-05,C46932,P0007,Milk,Grocery,2,24,0,48.0,Hyderabad,Telangana,ST004,Debit Card
S000004941,2026-06-05,C30029,P0007,Milk,Grocery,1,168,5,159.6,Mumbai,Maharashtra,ST002,Debit Card
S000004942,2026-06-05,C03588,P0006,Rice Bag,Grocery,4,276,10,993.6,Lucknow,Uttar Pradesh,ST010,Net Banking
S000004943,2026-06-05,C43755,P0007,Milk,Grocery,4,469,0,1876.0,Lucknow,Uttar Pradesh,ST010,Cash
S000004944,2026-06-05,C20059,P0004,Men T-Shirt,Fashion,1,4638,0,4638.0,Hyderabad,Telangana,ST004,Cash
S000004945,2026-06-05,C48835,P0010,Cricket Bat,Sports,1,1588,10,1429.2,Delhi,Delhi,ST001,UPI
S000004946,2026-06-05,C49435,P0007,Milk,Grocery,2,327,5,621.3,Mumbai,Maharashtra,ST002,UPI
S000004947,2026-06-05,C31824,P0009,Office Chair,Home,5,2108,20,8432.0,Jaipur,Rajasthan,ST009,Net Banking
S000004948,2026-06-05,C38922,P0004,Men T-Shirt,Fashion,4,1438,15,4889.2,Delhi,Delhi,ST001,Debit Card
S000004949,2026-06-05,C15931,P0009,Office Chair,Home,4,8827,15,30011.8,Jaipur,Rajasthan,ST009,UPI
S000004950,2026-06-05,C46382,P0009,Office Chair,Home,5,6287,15,26719.75,Pune,Maharashtra,ST006,UPI
S000004951,2026-06-05,C39052,P0001,iPhone 16,Electronics,5,60044,10,270198.0,Pune,Maharashtra,ST006,UPI
S000004952,2026-06-05,C26232,P0009,Office Chair,Home,4,8341,5,31695.8,Jaipur,Rajasthan,ST009,Credit Card
S000004953,2026-06-05,C34342,P0001,iPhone 16,Electronics,2,73999,5,140598.1,Delhi,Delhi,ST001,Cash
S000004954,2026-06-05,C00117,P0009,Office Chair,Home,4,3028,5,11506.4,Mumbai,Maharashtra,ST002,Debit Card
S000004955,2026-06-05,C30023,P0004,Men T-Shirt,Fashion,3,645,15,1644.75,Pune,Maharashtra,ST006,Cash
S000004956,2026-06-05,C33802,P0004,Men T-Shirt,Fashion,2,907,15,1541.9,Delhi,Delhi,ST001,Net Banking
S000004957,2026-06-05,C39562,P0008,Dining Table,Home,5,9833,10,44248.5,Jaipur,Rajasthan,ST009,Net Banking
S000004958,2026-06-05,C06766,P0005,Women's Jeans,Fashion,5,4994,5,23721.5,Pune,Maharashtra,ST006,Debit Card
S000004959,2026-06-05,C26979,P0008,Dining Table,Home,4,8377,10,30157.2,Mumbai,Maharashtra,ST002,Debit Card
S000004960,2026-06-05,C36982,P0001,iPhone 16,Electronics,5,77515,15,329438.75,Kolkata,West Bengal,ST007,Cash
S000004961,2026-06-05,C29455,P0006,Rice Bag,Grocery,3,410,15,1045.5,Mumbai,Maharashtra,ST002,Net Banking
S000004962,2026-06-05,C06618,P0002,Samsung TV,Electronics,3,66506,0,199518.0,Kolkata,West Bengal,ST007,Debit Card
S000004963,2026-06-05,C23010,P0010,Cricket Bat,Sports,2,5275,5,10022.5,Pune,Maharashtra,ST006,Cash
S000004964,2026-06-05,C49185,P0002,Samsung TV,Electronics,4,37460,20,119872.0,Jaipur,Rajasthan,ST009,UPI
S000004965,2026-06-05,C09605,P0001,iPhone 16,Electronics,3,79370,10,214299.0,Delhi,Delhi,ST001,Credit Card
S000004966,2026-06-05,C28084,P0006,Rice Bag,Grocery,4,380,15,1292.0,Hyderabad,Telangana,ST004,Credit Card
S000004967,2026-06-05,C31596,P0004,Men T-Shirt,Fashion,1,3600,15,3060.0,Delhi,Delhi,ST001,Credit Card
S000004968,2026-06-05,C45057,P0009,Office Chair,Home,5,3135,15,13323.75,Ahmedabad,Gujarat,ST008,UPI
S000004969,2026-06-05,C07061,P0006,Rice Bag,Grocery,4,364,5,1383.2,Chennai,Tamil Nadu,ST005,Net Banking
S000004970,2026-06-05,C00827,P0002,Samsung TV,Electronics,1,28152,10,25336.8,Bengaluru,Karnataka,ST003,Debit Card
S000004971,2026-06-05,C19011,P0006,Rice Bag,Grocery,1,195,10,175.5,Pune,Maharashtra,ST006,UPI
S000004972,2026-06-05,C38657,P0001,iPhone 16,Electronics,5,86827,20,347308.0,Jaipur,Rajasthan,ST009,UPI
S000004973,2026-06-05,C13683,P0010,Cricket Bat,Sports,4,4181,20,13379.2,Ahmedabad,Gujarat,ST008,Cash
S000004974,2026-06-05,C33424,P0008,Dining Table,Home,4,2095,15,7123.0,Bengaluru,Karnataka,ST003,Debit Card
S000004975,2026-06-05,C14062,P0001,iPhone 16,Electronics,2,78963,5,150029.7,Hyderabad,Telangana,ST004,Debit Card
S000004976,2026-06-05,C43992,P0001,iPhone 16,Electronics,5,20416,10,91872.0,Delhi,Delhi,ST001,UPI
S000004977,2026-06-05,C14641,P0006,Rice Bag,Grocery,3,336,5,957.6,Bengaluru,Karnataka,ST003,Net Banking
S000004978,2026-06-05,C01164,P0008,Dining Table,Home,4,9808,20,31385.6,Chennai,Tamil Nadu,ST005,UPI
S000004979,2026-06-05,C42194,P0007,Milk,Grocery,4,406,15,1380.4,Pune,Maharashtra,ST006,Debit Card
S000004980,2026-06-05,C10002,P0009,Office Chair,Home,2,6385,0,12770.0,Lucknow,Uttar Pradesh,ST010,Cash
S000004981,2026-06-05,C34202,P0010,Cricket Bat,Sports,2,5818,5,11054.2,Kolkata,West Bengal,ST007,Credit Card
S000004982,2026-06-05,C29645,P0006,Rice Bag,Grocery,1,104,5,98.8,Kolkata,West Bengal,ST007,UPI
S000004983,2026-06-05,C16372,P0001,iPhone 16,Electronics,3,15105,10,40783.5,Bengaluru,Karnataka,ST003,Credit Card
S000004984,2026-06-05,C25051,P0008,Dining Table,Home,2,6388,0,12776.0,Ahmedabad,Gujarat,ST008,UPI
S000004985,2026-06-05,C43208,P0006,Rice Bag,Grocery,1,442,10,397.8,Jaipur,Rajasthan,ST009,Net Banking
S000004986,2026-06-05,C06704,P0009,Office Chair,Home,1,6018,0,6018.0,Bengaluru,Karnataka,ST003,Net Banking
S000004987,2026-06-05,C27055,P0007,Milk,Grocery,5,430,0,2150.0,Kolkata,West Bengal,ST007,UPI
S000004988,2026-06-05,C11777,P0004,Men T-Shirt,Fashion,4,4818,20,15417.6,Lucknow,Uttar Pradesh,ST010,Credit Card
S000004989,2026-06-05,C19262,P0005,Women's Jeans,Fashion,1,3626,5,3444.7,Ahmedabad,Gujarat,ST008,Net Banking
S000004990,2026-06-05,C27282,P0002,Samsung TV,Electronics,4,61237,20,195958.4,Pune,Maharashtra,ST006,Credit Card
S000004991,2026-06-05,C21166,P0009,Office Chair,Home,3,3044,0,9132.0,Chennai,Tamil Nadu,ST005,Debit Card
S000004992,2026-06-05,C09487,P0003,Laptop,Electronics,2,42907,20,68651.2,Chennai,Tamil Nadu,ST005,Net Banking
S000004993,2026-06-05,C35666,P0007,Milk,Grocery,2,464,15,788.8,Hyderabad,Telangana,ST004,UPI
S000004994,2026-06-05,C15382,P0008,Dining Table,Home,3,1180,5,3363.0,Mumbai,Maharashtra,ST002,Debit Card
S000004995,2026-06-05,C04829,P0002,Samsung TV,Electronics,2,59841,15,101729.7,Jaipur,Rajasthan,ST009,UPI
S000004996,2026-06-05,C41373,P0010,Cricket Bat,Sports,1,10200,5,9690.0,Mumbai,Maharashtra,ST002,Debit Card
S000004997,2026-06-05,C43879,P0010,Cricket Bat,Sports,4,1697,0,6788.0,Kolkata,West Bengal,ST007,UPI
S000004998,2026-06-05,C17282,P0008,Dining Table,Home,5,2533,0,12665.0,Mumbai,Maharashtra,ST002,Net Banking
S000004999,2026-06-05,C38022,P0010,Cricket Bat,Sports,4,11077,20,35446.4,Bengaluru,Karnataka,ST003,Debit Card
S000005000,2026-06-05,C09373,P0005,Women's Jeans,Fashion,5,2231,10,10039.5,Ahmedabad,Gujarat,ST008,Cash
